patient_id,age,gender,bmi,systolic_bp,diastolic_bp,heart_rate,blood_glucose,hba1c,cholesterol,number_of_medications,previous_admissions,length_of_stay,emergency_visits_last_year,chronic_disease_count,diabetes,hypertension,heart_disease,kidney_disease,smoking_status,alcohol_consumption,physical_activity_level,discharge_destination,follow_up_scheduled,insurance_type,admission_type,readmitted_30_days
P004904,67,Male,23.4,122,75,89,122.0,4.8,207.0,2,1,5,0,2,0,1,0,0,Never,Low,Moderate,Home,1,Private,Elective,0
P004166,69,Male,37.4,165,84,89,126.0,6.0,218.0,9,2,7,0,3,0,1,1,0,Former,None,Low,Home,1,Private,Elective,0
P004581,59,Other,24.6,117,77,76,78.0,4.9,,5,1,3,0,1,0,0,0,0,Never,Low,High,Home,1,Medicaid,Emergency,0
P000593,91,Female,23.1,154,65,83,169.0,5.4,222.0,7,2,8,2,5,0,1,1,0,Former,Low,High,Home Health Care,1,Medicare,Elective,0
P004641,87,Female,27.8,115,85,70,101.0,5.2,173.0,0,3,6,4,1,0,0,0,0,Never,Low,Low,Skilled Nursing Facility,1,Medicaid,Urgent,0
P005448,63,Female,32.5,135,67,70,156.0,7.6,219.0,4,4,5,1,2,1,1,0,0,Never,Low,Moderate,Home,1,Medicare,Elective,1
P003643,63,Male,43.2,134,67,59,178.0,7.6,161.0,7,5,10,0,4,1,1,0,1,Current,None,Moderate,Home,0,Medicaid,Emergency,0
P004823,86,Female,32.4,138,87,72,184.0,7.2,213.0,4,1,9,3,5,1,1,1,1,Never,Moderate,Moderate,Home,0,Medicare,Urgent,1
P003223,39,Female,,121,77,68,103.0,4.6,220.0,1,0,1,0,0,0,0,0,0,Never,Moderate,Moderate,Home,1,Private,Urgent,0
P002779,71,Male,30.3,138,77,75,177.0,7.3,197.0,5,0,5,1,1,1,0,0,0,Never,Moderate,High,Rehabilitation,0,Medicare,Urgent,0
P002457,79,Male,43.3,127,79,68,222.0,8.0,245.0,3,3,5,3,4,1,1,1,1,Current,None,Low,Home,0,Medicare,Emergency,1
P003095,91,Female,22.2,161,93,98,76.0,5.6,156.0,2,1,7,1,2,0,1,0,0,Never,None,Moderate,Home,1,Private,Emergency,0
P005757,51,Male,32.1,140,79,60,85.0,5.7,305.0,1,1,6,3,1,0,0,1,0,,Low,Low,Home,1,Private,Emergency,0
P003771,57,Male,38.9,140,85,67,185.0,7.8,211.0,5,2,6,3,3,1,1,0,0,Never,None,High,Skilled Nursing Facility,1,Medicare,Elective,0
P004964,57,Male,28.0,132,77,66,110.0,5.6,168.0,2,0,4,0,0,0,0,0,0,,None,Low,Home,0,Private,Urgent,0
P000807,62,Female,27.1,156,87,82,92.0,5.0,260.0,5,1,8,0,3,0,1,0,0,Never,Moderate,High,Home Health Care,1,Private,Elective,1
P001424,85,Female,29.0,137,73,86,154.0,7.3,190.0,9,3,8,6,4,1,1,1,1,Current,Low,Low,Rehabilitation,1,Medicare,Emergency,1
P001180,70,Female,24.1,147,72,82,178.0,5.8,224.0,4,0,3,1,2,0,1,1,0,,Low,High,Home,0,Private,Urgent,0
P000640,72,Female,34.5,145,88,73,210.0,8.5,313.0,8,3,6,5,5,1,1,1,1,Current,Low,Low,Home,1,Medicare,Urgent,1
P001778,67,Female,24.8,113,70,76,,5.4,128.0,4,1,4,2,1,0,0,0,0,Never,None,High,Home,0,Medicare,Emergency,0
P005742,81,Female,,152,94,88,157.0,7.9,193.0,8,0,9,1,4,1,1,1,1,Former,Low,Moderate,Skilled Nursing Facility,0,Private,Emergency,1
P002370,76,Male,32.8,118,79,93,78.0,4.1,204.0,8,2,7,4,5,0,0,1,0,Never,None,Low,Home Health Care,0,Medicare,Elective,1
P003178,67,Male,33.2,128,77,65,168.0,8.1,246.0,4,2,5,1,3,1,0,0,0,Current,None,Low,Home,1,Medicaid,Urgent,0
P003705,72,Male,22.6,136,73,92,62.0,5.0,245.0,2,1,3,1,1,0,0,1,0,Current,High,High,Home,1,Medicare,Elective,0
P005927,62,Male,22.4,113,66,81,138.0,7.1,198.0,1,1,10,1,0,0,0,0,0,Never,High,Low,Home,1,Private,Emergency,0
P002094,76,Female,27.2,118,76,89,144.0,6.9,214.0,4,2,8,3,4,1,0,1,1,Never,Moderate,Low,Home,0,Medicare,Emergency,1
P004680,48,Male,26.8,94,67,113,98.0,5.7,195.0,8,2,6,2,3,0,0,0,0,Former,,Moderate,Home,1,Uninsured,Elective,1
P005568,46,Male,26.9,140,71,82,116.0,5.1,184.0,3,1,7,0,1,0,1,0,0,Never,Moderate,Low,Rehabilitation,1,Private,Urgent,0
P001603,83,Female,,144,90,84,96.0,5.7,253.0,7,1,5,1,2,0,1,1,0,Never,Low,Moderate,Home,1,Medicare,Elective,0
P005618,62,Male,59.9,131,72,68,102.0,5.3,229.0,1,2,5,0,2,0,0,1,0,Former,High,High,Home,1,Private,Elective,0
P005710,52,Male,26.2,118,77,87,87.0,4.5,251.0,4,1,5,1,0,0,0,0,0,Former,Low,High,Home,0,Private,Emergency,0
P004924,44,Male,17.1,127,85,90,79.0,5.0,176.0,2,1,7,0,2,0,0,0,0,Never,None,Low,Home Health Care,0,Private,Urgent,0
P004263,57,Female,33.3,127,67,65,129.0,5.7,217.0,5,0,5,1,1,0,1,0,0,Never,None,Moderate,Home,1,Private,Urgent,0
P002951,46,Female,33.8,121,82,53,143.0,,276.0,1,0,3,1,0,0,0,0,0,Never,None,Low,Home Health Care,0,Private,Urgent,1
P005263,71,Male,41.4,148,84,71,72.0,5.8,284.0,6,2,3,2,3,0,1,1,0,Former,None,High,Home,1,Private,Urgent,0
P005463,48,Male,31.6,112,70,100,68.0,4.3,153.0,0,1,7,1,0,0,0,0,0,Former,Low,Low,Home,1,Medicaid,Emergency,0
P002809,68,Female,23.0,120,75,74,133.0,5.7,,0,0,4,0,0,0,0,0,0,Former,Moderate,Moderate,Home,1,Medicare,Urgent,0
P003525,50,Female,36.1,124,85,98,176.0,8.3,190.0,1,0,5,0,1,1,0,0,0,,Low,Low,Home,1,Private,Emergency,0
P002966,40,Other,28.4,89,63,70,88.0,5.2,160.0,2,1,4,1,1,0,0,0,0,Never,None,High,Home,0,Private,Emergency,0
P005181,54,Male,23.4,127,75,68,123.0,5.8,187.0,7,1,10,0,2,0,0,0,1,Never,Low,Moderate,Skilled Nursing Facility,0,Private,Emergency,0
P005799,52,Male,36.7,144,87,79,90.0,4.5,239.0,1,1,4,0,0,0,0,0,0,Never,Low,Moderate,Home Health Care,0,Private,Urgent,0
P001886,68,Female,28.4,112,60,72,116.0,5.2,230.0,4,0,4,0,1,0,0,0,0,Never,None,High,Home,0,Medicare,Urgent,0
P002830,100,Male,33.1,127,65,74,273.0,8.2,185.0,7,2,4,3,5,1,0,0,0,Current,Moderate,Moderate,Rehabilitation,0,Medicare,Elective,1
P001884,66,Female,35.3,108,64,74,94.0,5.4,200.0,1,1,2,0,0,0,0,0,0,Current,None,Moderate,Home,0,Private,Elective,0
P002985,44,Female,27.0,92,70,85,74.0,5.3,262.0,1,0,3,1,0,0,0,0,0,Current,Low,Moderate,Home,1,Private,Urgent,0
P003917,59,Female,30.6,127,81,58,94.0,4.9,,0,0,6,1,0,0,0,0,0,Never,None,Moderate,Home,0,Medicare,Emergency,0
P000054,59,Male,26.2,110,69,84,89.0,5.5,150.0,1,0,4,0,1,0,0,0,0,Never,Low,Moderate,Home,0,Medicare,Elective,0
P002970,64,Male,42.1,103,81,70,73.0,4.7,149.0,3,0,3,2,1,0,1,0,0,,None,Moderate,Home,1,Private,Elective,0
P005728,56,Female,28.5,122,76,57,96.0,6.2,136.0,2,0,2,3,0,0,0,0,0,Current,None,Moderate,Home,1,Private,Elective,0
P004407,56,Male,26.0,135,74,104,60.0,5.3,271.0,2,0,7,0,2,0,0,0,0,Former,Low,Moderate,Home Health Care,1,Private,Emergency,0
P000944,82,Male,25.3,155,100,45,86.0,4.9,177.0,4,0,2,2,1,0,1,0,0,Former,None,Low,Skilled Nursing Facility,1,Medicare,Urgent,0
P005268,34,Female,30.0,116,70,80,76.0,4.6,268.0,5,0,4,1,1,0,0,1,0,Never,Low,Low,Home,0,Private,Elective,0
P004300,61,Female,,114,82,69,113.0,5.3,209.0,4,1,7,1,1,0,0,0,0,Former,None,Low,Home,1,Private,Emergency,0
P001007,74,Female,20.2,138,77,67,188.0,7.6,128.0,3,2,4,1,4,1,1,0,0,Former,Low,Moderate,Home,1,Medicaid,Elective,0
P001462,53,Female,27.9,95,74,83,85.0,5.1,223.0,4,0,2,0,0,0,0,0,0,Current,Moderate,Low,Home Health Care,1,Private,Urgent,0
P000253,90,Male,24.3,135,79,80,129.0,5.0,198.0,3,5,4,3,2,0,1,1,0,Never,Low,Low,Home,1,Medicare,Urgent,1
P003410,63,Male,38.9,142,77,69,149.0,7.8,247.0,4,3,7,3,2,1,1,0,0,Never,Low,Low,Home,1,Private,Emergency,0
P003303,78,Female,25.5,118,85,76,,6.8,250.0,6,1,6,4,4,1,1,1,1,Never,None,Low,Home,0,Medicare,Urgent,1
P004446,48,Male,30.8,144,79,83,103.0,5.3,229.0,4,0,7,2,3,0,1,0,0,Current,Low,Moderate,Home,1,Private,Urgent,0
P005519,76,Male,30.9,133,82,83,108.0,5.7,,4,0,5,0,2,0,1,1,0,Never,Moderate,Low,Skilled Nursing Facility,1,Medicare,Elective,0
P002764,77,Male,25.1,154,82,56,105.0,5.0,238.0,1,1,4,2,2,0,1,1,0,Current,High,Low,Home,0,Medicare,Elective,0
P001505,61,Female,29.0,88,65,63,74.0,5.3,136.0,4,0,3,0,0,0,0,0,0,Former,High,High,Other,1,Private,Urgent,0
P004199,33,Female,33.2,115,64,95,60.0,5.8,199.0,6,1,5,2,2,0,0,1,0,Never,Moderate,High,Home,1,Private,Emergency,0
P002190,72,Male,22.8,107,61,85,124.0,5.2,192.0,5,2,7,3,3,0,0,1,1,Never,High,Low,Home,1,Medicare,Emergency,0
P003050,85,Female,33.8,141,86,81,159.0,7.8,201.0,2,3,8,5,1,1,0,0,0,Former,,Low,Rehabilitation,1,Private,Urgent,0
P001306,27,Male,27.9,105,61,52,150.0,6.9,181.0,0,1,7,0,2,1,0,0,0,Former,,Low,Home,0,Private,Emergency,0
P000283,78,Male,34.2,136,81,92,206.0,7.5,245.0,10,3,9,4,5,1,1,1,1,Never,Low,Moderate,Skilled Nursing Facility,0,Medicare,Elective,1
P001496,47,Male,29.5,101,64,95,117.0,5.5,160.0,3,1,5,0,0,0,0,0,0,,Moderate,Low,Home,1,Private,Emergency,0
P000625,71,Male,21.6,108,66,73,86.0,4.2,147.0,4,0,13,2,2,0,0,0,0,Former,None,Low,Home Health Care,1,Uninsured,Emergency,0
P003909,48,Male,15.0,107,76,78,,5.8,261.0,3,0,2,0,1,0,0,1,0,Never,Low,Moderate,Home,0,Medicare,Urgent,0
P003573,69,Male,32.4,119,78,90,204.0,7.4,174.0,3,0,4,1,3,1,1,0,0,,Low,Moderate,Home Health Care,0,Medicare,Emergency,0
P001685,54,Male,26.2,124,71,86,122.0,4.8,209.0,4,1,7,3,3,0,0,1,0,Never,None,Low,Home,0,Uninsured,Elective,0
P004750,38,Female,30.5,96,68,53,140.0,5.3,180.0,4,1,2,0,1,0,0,0,0,Never,Moderate,Low,Home,1,Private,Elective,0
P002617,64,Male,34.8,116,80,82,182.0,7.3,120.0,6,0,8,2,2,1,0,0,0,,None,Low,Home,1,Private,Elective,1
P001626,81,Male,30.3,144,87,75,186.0,7.1,159.0,10,3,5,4,5,1,1,1,0,Never,Moderate,Moderate,Home,1,Medicare,Urgent,1
P000574,51,Female,29.8,110,61,87,60.0,4.0,266.0,4,1,7,1,1,0,0,0,1,Never,None,Low,Home,0,Medicaid,Emergency,0
P001739,52,Female,34.6,98,61,84,73.0,4.7,209.0,8,0,4,0,2,0,0,1,0,Former,Low,Moderate,Home,0,Private,Emergency,0
P003816,53,Male,25.7,131,72,70,118.0,5.7,177.0,2,0,3,0,0,0,0,0,0,Former,None,Moderate,Home Health Care,1,Medicare,Urgent,0
P000563,65,Female,29.4,139,80,72,143.0,7.7,219.0,0,0,4,0,1,1,0,0,0,Never,Low,Moderate,Home,0,Medicaid,Elective,0
P001566,54,Male,37.9,119,69,94,109.0,5.4,179.0,7,0,2,0,2,0,1,1,0,Current,Moderate,High,Home,0,Private,Emergency,0
P001987,67,Female,32.4,130,78,76,112.0,5.6,232.0,3,1,8,2,3,0,1,0,0,Former,High,Moderate,Home,0,Medicare,Emergency,1
P000587,46,Female,21.5,116,71,57,97.0,5.3,203.0,7,0,4,0,2,0,1,0,0,Former,Moderate,Moderate,Home,1,Private,Emergency,0
P001139,63,Male,29.2,127,77,68,108.0,5.4,204.0,6,2,4,3,4,0,1,0,0,Former,None,Moderate,Home,0,Medicare,Elective,1
P002548,94,Male,39.8,127,75,73,194.0,7.9,263.0,4,2,12,0,3,1,1,0,0,Never,None,Low,Rehabilitation,1,Medicare,Elective,0
P002077,63,Female,27.8,117,81,53,95.0,,227.0,3,1,5,0,0,0,0,0,0,Never,None,High,Home,1,Private,Elective,0
P004945,62,Female,27.3,140,90,76,86.0,4.8,200.0,5,1,9,0,0,0,0,0,0,Never,Low,High,Home,1,Private,Emergency,0
P004346,69,Male,33.2,114,62,89,116.0,5.4,212.0,12,1,8,1,5,0,1,1,1,,None,Moderate,Other,0,Medicare,Urgent,0
P003264,88,Female,23.6,116,84,65,199.0,7.7,194.0,4,2,2,1,2,1,1,0,0,Former,None,Moderate,Home Health Care,0,Medicare,Elective,0
P000269,65,Female,26.1,131,93,81,141.0,4.4,147.0,2,2,3,1,2,0,0,0,0,Former,Moderate,Low,Home,1,Private,Emergency,0
P005983,61,Female,38.9,147,85,101,161.0,7.4,227.0,7,0,4,0,4,1,1,0,0,Never,Moderate,Moderate,Home Health Care,0,Uninsured,Urgent,1
P000256,76,Male,,139,83,69,175.0,8.1,170.0,7,1,4,0,3,1,1,1,0,Never,Low,Low,Rehabilitation,1,Medicare,Elective,0
P003400,57,Female,19.6,162,86,85,94.0,5.4,159.0,6,0,3,0,2,0,1,1,0,Former,Moderate,Low,Rehabilitation,1,Private,Elective,0
P002498,31,Male,34.6,147,87,75,92.0,4.4,186.0,6,0,7,1,4,0,0,0,0,Never,Low,High,Home Health Care,0,Private,Emergency,0
P003054,63,Male,26.0,146,79,91,102.0,5.2,238.0,3,0,6,1,1,0,1,0,0,Never,Low,Low,Home,1,Private,Elective,0
P005279,57,Male,34.4,154,83,76,175.0,7.8,255.0,7,5,5,5,6,1,1,1,1,Never,Low,Low,Home,1,Private,Emergency,0
P003872,49,Female,33.3,94,63,86,166.0,7.5,406.0,2,1,7,2,1,1,0,0,0,Current,None,Low,Home,0,Uninsured,Emergency,0
P002242,52,Female,23.1,127,85,65,132.0,5.5,250.0,4,1,1,0,1,0,0,0,0,Former,Low,Low,Home Health Care,0,Private,Urgent,0
P003927,76,Female,31.4,157,82,88,176.0,,188.0,1,2,1,2,3,1,1,1,0,,None,Moderate,Home,1,Medicare,Elective,0
P000692,60,Male,33.0,117,72,71,86.0,5.1,197.0,0,0,5,0,0,0,0,0,0,Never,High,Low,Home,1,Private,Elective,0
P001619,69,Male,31.7,111,81,68,114.0,5.0,195.0,2,1,4,0,0,0,0,0,0,Former,None,Moderate,Home,0,Medicare,Emergency,0
P001710,62,Male,18.0,159,89,52,86.0,4.8,215.0,5,2,8,0,2,0,1,1,0,Former,Low,Low,Rehabilitation,0,Medicaid,Emergency,0
P002872,54,Female,37.7,122,81,67,228.0,8.3,192.0,5,1,3,0,1,1,0,0,0,Former,Moderate,Low,Home,0,Uninsured,Emergency,0
P000396,66,Female,38.9,145,85,56,122.0,5.8,215.0,3,1,2,0,1,0,1,0,0,Never,None,Low,Home,1,Medicare,Emergency,0
P001887,48,Male,,89,61,87,180.0,7.8,233.0,5,0,4,2,2,1,0,0,0,Former,Low,High,Home,1,Medicare,Elective,0
P001579,31,Male,30.8,97,80,87,181.0,7.7,194.0,1,0,3,1,1,1,0,0,0,Former,Low,High,Home,1,Medicaid,Emergency,0
P005975,84,Male,19.9,133,84,86,93.0,4.4,160.0,3,1,2,0,1,0,1,0,0,Former,None,Moderate,Skilled Nursing Facility,1,Private,Elective,0
P003043,51,Female,,94,68,63,103.0,4.7,223.0,2,1,1,1,1,0,0,0,0,Current,Low,Moderate,Home Health Care,1,Uninsured,Elective,0
P004948,69,Female,27.5,123,84,75,77.0,5.0,139.0,10,0,4,0,3,0,0,0,0,Former,Moderate,Moderate,Home,1,Medicare,Urgent,0
P000584,48,Female,24.4,141,83,82,96.0,4.8,197.0,2,0,4,1,0,0,0,0,0,,High,Moderate,Skilled Nursing Facility,1,Private,Emergency,0
P000972,62,Male,24.7,126,72,85,81.0,5.5,218.0,4,0,5,0,2,0,0,0,1,Former,Moderate,Moderate,Home,1,Uninsured,Urgent,0
P002680,71,Female,31.3,103,69,88,93.0,6.2,186.0,2,0,6,1,0,0,0,0,0,Never,,Moderate,Rehabilitation,1,Medicare,Emergency,0
P003261,66,Female,36.2,125,85,86,77.0,5.4,252.0,1,0,7,0,1,0,0,1,0,Current,None,Moderate,Home,0,Medicare,Emergency,0
P005300,70,Male,32.9,140,72,51,83.0,5.8,211.0,2,0,3,1,1,0,1,0,0,Never,None,Low,Home,1,Medicare,Urgent,0
P004505,53,Male,31.5,93,50,78,,6.1,188.0,6,2,9,1,2,0,0,0,0,Never,High,Moderate,Rehabilitation,0,Private,Emergency,0
P004822,54,Female,30.0,122,77,77,119.0,4.7,167.0,2,0,8,1,0,0,0,0,0,Never,Low,High,Home,1,Medicare,Emergency,0
P001578,79,Male,36.7,146,70,86,102.0,4.0,,3,1,4,1,3,0,1,1,0,Never,,Moderate,Skilled Nursing Facility,0,Medicare,Emergency,0
P004935,58,Female,30.8,138,83,73,201.0,7.9,206.0,3,1,3,2,3,1,1,0,0,Never,Moderate,Low,Home,1,Medicaid,Elective,0
P001217,37,Female,29.4,85,67,65,87.0,4.5,187.0,2,2,3,2,1,0,0,0,0,Former,None,Moderate,Home,1,Uninsured,Elective,0
P003147,77,Female,24.2,116,69,57,131.0,5.2,192.0,1,1,7,1,0,0,0,0,0,Former,Low,Low,Home,1,Medicare,Urgent,0
P003209,79,Female,21.0,149,87,48,115.0,5.8,205.0,3,1,4,1,1,0,1,0,0,Current,Low,Moderate,Skilled Nursing Facility,0,Private,Elective,1
P001047,56,Male,23.5,132,86,67,160.0,4.9,177.0,4,0,3,0,2,0,1,0,0,Current,None,Moderate,Home,1,Medicare,Elective,0
P002508,69,Female,20.1,182,92,91,77.0,5.8,190.0,2,1,8,0,1,0,1,0,0,Never,None,Low,Home,0,Medicare,Emergency,0
P003372,41,Female,29.3,119,71,81,139.0,5.8,206.0,1,1,5,0,1,0,1,0,0,Former,Low,Moderate,Home,0,Private,Emergency,0
P004434,70,Male,25.8,131,68,109,94.0,5.7,187.0,2,1,3,0,2,0,0,0,0,Former,Low,Moderate,Home,0,Medicare,Elective,0
P002225,48,Male,26.2,119,69,98,145.0,8.3,189.0,5,2,5,0,3,1,0,0,0,Never,Low,Moderate,Home,1,Medicaid,Emergency,0
P003041,83,Other,28.0,136,69,83,96.0,4.6,217.0,3,2,4,2,5,0,1,0,0,Never,Moderate,Low,Home Health Care,1,Medicare,Emergency,1
P000065,75,Female,27.0,131,75,79,125.0,4.6,443.0,6,2,4,2,3,0,0,0,0,Never,Low,Low,Skilled Nursing Facility,1,Medicare,Elective,0
P001822,76,Female,27.5,136,79,89,155.0,7.4,160.0,7,0,8,0,2,1,1,0,0,Never,None,Low,Home Health Care,0,Medicare,Emergency,0
P003765,63,Female,28.8,136,96,74,92.0,5.5,148.0,2,3,3,2,1,0,1,0,0,Never,Low,Low,Home,1,Medicaid,Emergency,1
P002917,88,Female,25.1,177,84,91,65.0,4.9,263.0,2,0,3,1,1,0,1,0,0,,Moderate,Moderate,Home Health Care,0,Medicare,Elective,0
P003143,61,Female,30.0,151,77,100,199.0,8.4,151.0,8,2,2,0,3,1,1,0,0,Former,None,Low,Home,1,Private,Elective,0
P000993,91,Male,35.3,151,92,83,141.0,7.2,223.0,2,1,8,0,3,1,0,1,0,Former,Low,High,Home,1,Medicaid,Emergency,1
P003638,84,Female,34.3,142,87,76,158.0,7.4,194.0,4,4,3,1,3,1,0,1,0,Former,None,Low,Home,1,Medicare,Urgent,1
P003357,55,Female,38.3,100,64,84,181.0,6.8,239.0,6,1,4,2,2,1,0,0,0,Never,None,High,Home,0,Medicare,Emergency,0
P000310,90,Female,28.5,127,79,75,89.0,6.1,202.0,4,1,5,0,0,0,0,0,0,Former,None,Low,Home Health Care,0,Medicare,Emergency,0
P003576,36,Female,27.4,109,58,62,102.0,4.6,188.0,5,0,5,0,1,0,0,0,0,Never,None,Moderate,Home,1,Private,Elective,0
P002298,53,Male,27.3,119,77,88,104.0,5.3,182.0,5,1,6,1,1,0,1,0,0,Current,Low,High,Home,1,Private,Emergency,0
P002085,79,Female,20.6,126,74,92,109.0,5.5,189.0,1,1,3,2,2,0,0,1,0,Former,Low,High,Home,1,Medicare,Emergency,0
P001071,61,Male,21.9,113,68,77,,5.5,179.0,12,3,8,0,2,0,0,0,0,Never,Low,High,Home,1,Private,Urgent,0
P001296,77,Female,29.0,107,80,61,184.0,7.8,175.0,3,0,5,0,1,1,0,0,0,Never,Low,High,Home Health Care,1,Medicare,Emergency,0
P000508,71,Female,20.8,123,89,65,167.0,6.7,184.0,4,0,14,0,5,1,1,1,0,Never,,High,Home,1,Medicare,Emergency,0
P003666,40,Male,29.7,131,76,75,97.0,4.8,159.0,2,1,7,0,1,0,0,0,0,Never,None,Moderate,Home,0,Private,Elective,0
P003687,46,Male,19.9,127,65,70,80.0,4.0,151.0,1,3,7,2,3,0,0,0,0,Never,Low,Low,Home,1,Uninsured,Urgent,1
P001205,54,Male,28.2,121,85,76,188.0,8.2,230.0,5,1,6,2,3,1,0,0,1,,None,Moderate,Home Health Care,0,Private,Emergency,0
P002915,69,Female,33.8,174,93,94,113.0,5.5,217.0,7,1,5,0,3,0,1,1,0,Never,None,High,Home Health Care,1,Medicaid,Urgent,0
P000043,54,Male,31.7,111,68,70,178.0,7.8,183.0,2,1,7,1,1,1,0,0,0,Never,High,Moderate,Home,1,Medicaid,Urgent,0
P004929,86,Male,30.2,134,82,81,,4.5,219.0,4,0,6,0,2,0,0,1,0,Former,None,Moderate,Home,0,Medicaid,Elective,0
P004455,73,Female,27.5,141,84,76,123.0,5.2,187.0,1,1,2,0,0,0,0,0,0,Former,Moderate,Low,Home,1,Medicare,Urgent,0
P001857,61,Female,23.8,118,68,71,200.0,7.3,250.0,1,1,7,0,2,1,0,0,0,Never,Low,High,Home,1,Private,Emergency,0
P003104,80,Female,20.5,121,84,62,146.0,6.7,155.0,1,2,4,2,1,1,0,0,0,Current,Low,High,Home Health Care,1,Medicare,Emergency,0
P005715,41,Female,34.9,119,72,61,77.0,4.9,178.0,0,1,3,1,0,0,0,0,0,Former,None,Moderate,Home,1,Medicaid,Emergency,0
P000392,65,Male,23.7,127,55,59,183.0,7.7,187.0,2,1,5,0,2,1,0,0,0,Never,Low,Low,Home Health Care,1,Medicare,Emergency,0
P005942,42,Female,22.5,105,75,83,86.0,4.3,200.0,1,0,4,1,0,0,0,0,0,Never,Moderate,High,Home,0,Medicaid,Emergency,0
P005074,60,Female,,112,72,69,203.0,7.5,184.0,2,0,5,1,1,1,0,0,0,Former,Low,Low,Skilled Nursing Facility,1,Private,Urgent,0
P001268,74,Male,28.8,114,69,72,205.0,,147.0,6,2,7,1,4,1,1,0,0,Current,None,Low,Home,0,Uninsured,Elective,0
P003309,49,Female,23.3,140,79,105,126.0,5.5,189.0,3,0,7,2,2,0,0,0,0,Never,Low,Low,Home,0,Medicare,Emergency,1
P001219,46,Female,27.0,141,90,65,120.0,4.3,227.0,2,0,4,0,1,0,0,0,0,Never,Low,Moderate,Rehabilitation,0,Private,Urgent,0
P003009,60,Female,33.1,161,95,70,142.0,7.3,214.0,6,1,5,1,4,1,1,1,0,Former,Moderate,Moderate,Home,1,Private,Urgent,0
P004555,91,Female,26.9,153,88,75,190.0,6.9,246.0,5,2,3,0,3,1,0,1,0,,None,Moderate,Home Health Care,1,Private,Emergency,0
P000762,74,Female,37.9,137,82,59,73.0,4.5,186.0,4,0,7,0,0,0,0,0,0,Current,Moderate,High,Home Health Care,1,Medicare,Emergency,0
P005449,83,Female,30.4,129,71,81,93.0,4.3,195.0,1,3,7,1,3,0,1,0,0,,None,Moderate,Rehabilitation,1,Private,Emergency,0
P000147,55,Female,34.8,133,76,90,159.0,8.0,141.0,5,1,13,0,3,1,1,0,0,Never,Moderate,High,Home,0,Medicaid,Urgent,0
P003968,48,Male,28.0,136,76,77,162.0,,265.0,4,3,5,2,7,1,1,0,0,Never,Low,Low,Home,0,Medicare,Elective,1
P003142,100,Female,30.8,159,88,107,157.0,7.0,131.0,2,4,8,1,4,1,1,1,1,Never,Moderate,Moderate,Home Health Care,0,Medicare,Urgent,1
P002251,48,Female,25.3,109,54,72,128.0,5.5,200.0,0,0,5,0,0,0,0,0,0,Never,None,High,Home,1,Private,Emergency,0
P005119,53,Male,35.5,136,76,65,,6.1,227.0,5,2,5,2,2,0,1,0,0,Never,None,Moderate,Home,1,Private,Elective,0
P002557,33,Female,23.2,87,53,110,117.0,6.0,201.0,5,0,6,0,2,0,0,0,0,Never,None,Low,Home,1,Private,Urgent,0
P002681,82,Female,27.3,140,95,88,91.0,5.4,219.0,10,0,8,2,3,0,1,1,0,Former,None,Low,Home Health Care,1,Medicaid,Emergency,1
P005019,46,Female,30.1,96,63,85,76.0,4.9,230.0,2,0,4,1,2,0,0,0,0,Never,None,Low,Rehabilitation,0,Uninsured,Elective,0
P004975,57,Female,29.0,132,87,69,105.0,4.9,210.0,2,1,8,0,0,0,0,0,0,Never,None,Low,Home,0,Uninsured,Elective,0
P003119,52,Female,30.5,129,74,80,79.0,5.0,126.0,2,0,3,0,1,0,1,0,0,Never,Low,Low,Home,1,Uninsured,Emergency,0
P004688,41,Male,28.6,113,60,101,73.0,4.6,180.0,2,0,3,0,0,0,0,0,0,Current,None,Moderate,Home,0,Private,Emergency,0
P004303,53,Male,27.5,140,90,85,189.0,7.0,190.0,7,1,6,1,3,1,1,0,1,Current,Low,Moderate,Home,1,Medicare,Urgent,0
P005139,55,Male,32.6,144,68,89,156.0,6.9,146.0,2,0,9,0,2,1,1,0,0,Never,Low,Moderate,Home,1,Private,Urgent,0
P005564,44,Male,35.2,140,84,91,94.0,5.1,244.0,2,0,5,1,1,0,1,0,0,Former,None,Low,Home,1,Uninsured,Elective,0
P004154,51,Female,27.4,123,82,77,96.0,5.6,225.0,10,2,9,1,3,0,1,0,0,Former,Moderate,High,Rehabilitation,1,Medicaid,Emergency,0
P005821,58,Male,23.8,146,84,68,131.0,,195.0,3,0,4,0,2,0,1,0,0,Never,Moderate,Moderate,Rehabilitation,1,Uninsured,Emergency,0
P004207,64,Female,24.1,141,86,82,143.0,7.9,200.0,8,2,4,2,4,1,0,0,1,Never,Low,Low,Home,1,Medicaid,Urgent,0
P002948,70,Male,31.3,132,70,64,196.0,7.6,230.0,9,6,6,1,4,1,1,0,1,Never,High,Moderate,Home,1,Medicare,Emergency,1
P004144,58,Female,30.7,114,81,93,78.0,4.6,183.0,5,0,6,0,3,0,1,0,0,Never,Moderate,High,Home,0,Uninsured,Emergency,0
P003174,65,Female,32.4,130,79,87,198.0,8.2,163.0,5,2,6,0,2,1,1,0,0,Former,Low,High,Home,0,Medicare,Urgent,1
P000368,52,Male,26.2,131,71,54,224.0,7.7,173.0,4,0,4,2,3,1,0,0,0,Current,,High,Home Health Care,1,Private,Elective,0
P003989,82,Female,21.8,145,78,70,60.0,5.4,430.0,0,0,3,0,0,0,0,0,0,Former,None,Low,Rehabilitation,1,Medicare,Emergency,0
P002727,50,Female,38.4,98,58,66,95.0,5.1,194.0,2,2,4,1,0,0,0,0,0,Current,Low,Moderate,Home,1,Private,Elective,0
P004618,49,Male,26.9,143,92,77,79.0,5.1,169.0,1,0,6,0,0,0,0,0,0,Current,None,Low,Home,1,Private,Emergency,0
P003891,46,Female,36.9,90,66,98,83.0,4.2,160.0,0,0,1,0,0,0,0,0,0,Former,Moderate,Moderate,Home,1,Private,Urgent,0
P002400,73,Male,26.7,131,74,76,161.0,7.5,187.0,4,0,6,1,3,1,0,0,1,Never,Moderate,Low,Home,1,Medicare,Emergency,0
P003469,85,Male,30.0,147,85,79,94.0,4.9,218.0,3,1,9,1,2,0,1,0,0,Never,Low,High,Home,1,Medicare,Emergency,0
P001691,56,Male,23.2,141,83,54,129.0,6.1,238.0,2,1,2,0,0,0,0,0,0,Never,None,Moderate,Home,1,Medicaid,Elective,0
P002855,52,Female,15.0,140,91,57,72.0,5.0,188.0,0,0,3,1,0,0,0,0,0,Former,Low,High,Home,0,Private,Urgent,0
P000808,45,Male,24.1,127,71,52,71.0,5.3,176.0,0,0,7,1,1,0,0,0,0,Former,Moderate,Low,Home,0,Medicaid,Urgent,1
P002335,57,Female,30.7,134,86,74,71.0,4.7,189.0,2,0,3,0,1,0,1,0,0,Never,None,Moderate,Other,1,Private,Emergency,0
P005849,73,Male,,160,96,76,111.0,4.7,207.0,4,3,3,0,4,0,1,1,0,Former,None,Low,Home,1,Medicare,Urgent,0
P003981,69,Male,38.4,139,87,86,109.0,4.8,167.0,2,2,6,3,3,0,1,0,0,Former,Low,Moderate,Home,0,Private,Urgent,0
P005408,64,Female,24.7,131,67,93,133.0,5.2,167.0,1,0,4,1,1,0,0,0,0,Former,Low,Moderate,Home,1,Private,Emergency,0
P000374,77,Male,33.0,159,103,85,108.0,4.8,188.0,5,1,7,2,2,0,1,0,1,Former,Low,High,Home,0,Medicare,Elective,0
P002333,68,Male,33.0,125,79,82,250.0,7.8,174.0,5,1,5,1,1,1,0,0,0,Former,Low,Moderate,Home,0,Medicare,Emergency,0
P003122,67,Male,26.7,117,81,71,187.0,7.7,196.0,8,5,4,3,3,1,0,0,0,Never,Moderate,Moderate,Home Health Care,0,Medicaid,Urgent,1
P003169,50,Female,24.2,128,75,79,154.0,6.7,189.0,10,4,5,2,5,1,0,0,1,Never,High,Low,Home,1,Private,Emergency,0
P004241,64,Male,23.4,129,76,62,69.0,4.7,165.0,2,0,3,1,0,0,0,0,0,Never,None,Low,Home,1,Medicaid,Elective,0
P001001,63,Female,20.0,110,65,73,80.0,5.3,228.0,5,3,5,2,3,0,1,0,0,Never,None,Low,Home,1,Uninsured,Emergency,0
P004936,54,Female,23.7,152,93,71,81.0,5.1,184.0,9,2,6,1,3,0,1,1,0,Former,Low,Moderate,Home,0,Private,Elective,0
P002425,66,Female,27.5,136,72,70,100.0,4.5,448.0,8,2,4,1,4,0,1,1,0,Never,None,Low,Home,1,Medicare,Urgent,1
P001289,94,Male,37.2,150,92,74,79.0,5.1,230.0,6,1,3,0,2,0,1,1,0,Never,None,Low,Skilled Nursing Facility,0,Medicaid,Emergency,0
P004426,75,Female,28.1,125,77,94,,5.3,193.0,2,1,10,0,3,0,1,1,0,Current,Moderate,Low,Other,1,Private,Emergency,0
P004014,90,Male,25.0,138,83,95,120.0,4.7,193.0,1,0,6,1,2,0,0,1,0,Former,Moderate,High,Home Health Care,0,Medicare,Emergency,1
P000631,88,Male,29.9,140,83,67,95.0,4.5,211.0,2,3,7,0,3,0,1,1,0,Current,High,Moderate,Home Health Care,0,Private,Elective,0
P001737,43,Male,37.7,136,76,67,129.0,5.0,220.0,1,0,7,1,1,0,0,0,0,Never,Low,High,Home,1,Uninsured,Emergency,0
P002053,81,Male,25.2,134,83,87,80.0,4.6,186.0,5,1,9,0,1,0,1,0,0,Former,High,Moderate,Home,1,Uninsured,Emergency,1
P005156,51,Female,30.9,124,73,74,80.0,5.1,184.0,3,0,2,0,1,0,1,0,0,Never,Moderate,Low,Skilled Nursing Facility,1,Private,Urgent,0
P001905,73,Female,,110,77,84,99.0,6.0,196.0,1,1,5,0,1,0,0,1,0,Never,None,High,Home,1,Medicare,Elective,0
P003585,69,Female,36.6,143,85,78,,7.7,227.0,6,1,5,0,2,1,1,0,0,Former,Low,High,Home,0,Medicare,Emergency,0
P005293,69,Male,24.8,128,86,77,85.0,5.6,224.0,7,2,7,2,4,0,1,0,1,Current,High,Moderate,Skilled Nursing Facility,1,Medicaid,Emergency,1
P005460,77,Male,26.2,129,64,66,112.0,6.1,179.0,0,0,5,2,1,0,1,0,0,Never,,Low,Home,0,Medicare,Elective,0
P000960,70,Male,33.0,125,74,77,95.0,4.9,235.0,4,2,7,0,3,0,1,0,0,Never,None,Moderate,Home,1,Medicare,Urgent,0
P002882,77,Female,38.4,149,88,76,169.0,8.0,215.0,8,2,4,3,3,1,1,0,0,Never,None,Low,Rehabilitation,1,Medicare,Elective,0
P004984,93,Male,,172,97,95,172.0,7.8,186.0,8,3,5,4,5,1,1,1,0,Current,Low,Moderate,Home Health Care,1,Medicare,Emergency,0
P000451,62,Male,24.8,134,91,89,159.0,6.8,216.0,2,1,5,1,1,0,1,0,0,Former,High,Low,Home,1,Uninsured,Urgent,0
P003601,79,Female,30.9,142,91,73,141.0,6.5,,8,2,8,2,4,1,1,1,0,,None,Low,Home Health Care,0,Medicare,Emergency,1
P000764,74,Other,31.5,125,74,88,83.0,4.9,228.0,6,2,8,1,3,0,1,0,1,Never,None,Low,Home Health Care,0,Medicare,Emergency,1
P002503,79,Male,,154,90,70,164.0,7.9,241.0,7,3,9,0,3,1,1,0,1,Never,None,Low,Home,1,Medicaid,Elective,0
P001342,70,Male,27.8,122,79,60,91.0,6.0,216.0,6,1,3,2,1,0,1,0,0,Never,Low,High,Home,0,Private,Urgent,1
P002501,72,Male,25.4,146,78,88,148.0,6.0,240.0,2,0,3,1,0,0,0,0,0,Current,Moderate,Moderate,Rehabilitation,1,Medicare,Urgent,0
P001400,43,Female,,111,78,64,100.0,5.1,145.0,0,0,7,1,0,0,0,0,0,Never,Moderate,High,Rehabilitation,0,Private,Emergency,0
P004351,61,Female,25.6,142,92,86,121.0,5.7,263.0,7,1,3,2,2,0,1,0,0,Never,None,Moderate,Home,0,Private,Urgent,0
P000473,60,Female,21.1,97,71,79,60.0,5.8,187.0,6,4,4,2,2,0,0,0,0,Former,None,Low,Home,1,Medicaid,Elective,0
P000545,60,Male,29.6,118,69,89,110.0,5.6,180.0,3,1,4,1,2,0,0,0,0,Never,Low,Moderate,Rehabilitation,1,Private,Urgent,0
P005528,67,Male,26.5,131,84,71,64.0,4.6,164.0,3,0,1,1,0,0,0,0,0,Current,Moderate,High,Home,1,Medicare,Urgent,0
P005726,67,Male,27.0,138,96,80,87.0,,269.0,8,2,6,4,3,0,1,1,0,Never,Moderate,Moderate,Rehabilitation,0,Medicaid,Emergency,1
P002150,66,Female,23.2,119,85,77,77.0,5.0,181.0,1,1,6,0,1,0,0,1,0,Never,None,Low,Home,0,Medicare,Urgent,0
P000178,66,Female,25.4,89,52,74,99.0,5.8,210.0,3,0,5,0,1,0,0,0,1,Former,None,High,Home,1,Medicare,Emergency,0
P004855,60,Female,32.2,117,82,92,134.0,5.7,163.0,4,0,7,1,1,0,0,0,0,Former,Moderate,High,Home,1,Private,Emergency,0
P003802,53,Female,30.0,103,67,63,92.0,5.1,198.0,2,2,1,0,1,0,0,0,0,Former,Low,Low,Home,0,Private,Elective,0
P001404,57,Male,20.8,124,67,87,121.0,6.1,176.0,2,1,4,0,1,0,0,0,0,Never,High,Moderate,Other,1,Private,Elective,0
P003682,72,Female,27.9,121,76,90,,7.5,204.0,3,0,9,2,3,1,0,0,1,Never,None,High,Other,0,Medicare,Emergency,1
P003720,68,Male,26.7,113,74,89,121.0,5.4,197.0,2,0,5,0,0,0,0,0,0,Former,None,Low,Skilled Nursing Facility,1,Medicare,Emergency,0
P005756,68,Male,34.5,146,112,59,180.0,6.7,173.0,3,2,11,0,2,1,1,0,0,Current,Low,Moderate,Home,1,Private,Emergency,0
P004355,49,Female,35.8,124,63,75,120.0,,199.0,8,0,9,1,5,0,0,0,0,Never,Low,High,Home,1,Private,Emergency,0
P000039,52,Female,29.1,117,58,78,86.0,4.5,316.0,8,2,4,0,2,0,0,0,0,Former,Low,Low,Home,1,Private,Emergency,0
P001208,51,Female,25.9,127,86,76,,5.1,194.0,1,1,7,3,1,0,0,0,0,Former,Low,Low,Home Health Care,1,Private,Elective,1
P001665,82,Male,37.9,141,92,77,134.0,6.0,270.0,7,1,3,1,2,0,1,1,0,Never,Low,Low,Home Health Care,1,Medicare,Urgent,0
P000176,67,Male,17.3,114,69,67,74.0,,230.0,2,0,3,0,1,0,0,1,0,Current,High,Moderate,Home Health Care,1,Medicare,Urgent,0
P004441,69,Female,26.8,114,72,61,140.0,6.1,243.0,3,0,5,0,1,0,0,0,0,Never,Low,Low,Home,0,Medicare,Emergency,0
P000139,94,Male,28.8,150,75,81,189.0,6.9,169.0,7,2,14,0,6,1,1,1,0,Never,Low,Moderate,Home,1,Medicare,Emergency,0
P003352,70,Male,25.3,140,85,76,98.0,4.9,228.0,2,2,3,1,2,0,1,0,0,Former,Moderate,Moderate,Home,0,Medicare,Emergency,0
P000356,67,Female,25.6,135,83,91,60.0,5.1,116.0,2,1,2,0,1,0,1,0,0,Never,Low,Moderate,Home,1,Private,Urgent,0
P001758,98,Female,25.2,151,88,88,199.0,7.5,197.0,2,1,1,1,5,1,1,1,1,Current,Low,Low,Home,1,Private,Elective,1
P004715,55,Female,22.8,116,80,79,185.0,7.1,233.0,5,3,6,4,4,1,0,1,0,Former,None,Low,Skilled Nursing Facility,1,Private,Elective,1
P002901,56,Male,32.4,129,72,56,76.0,5.1,212.0,1,0,3,1,0,0,0,0,0,Current,High,Low,Rehabilitation,1,Private,Urgent,0
P005725,66,Male,42.2,140,75,80,184.0,7.8,221.0,4,1,7,1,3,1,1,0,1,Never,None,Low,Home,0,Medicare,Urgent,1
P005405,68,Female,26.9,140,95,69,89.0,5.6,239.0,2,4,5,3,1,0,0,1,0,Never,Low,Moderate,Home,1,Medicaid,Emergency,0
P005773,63,Female,32.0,116,75,71,114.0,4.9,167.0,4,0,5,0,1,0,0,0,0,Never,Moderate,Low,Home Health Care,1,Private,Emergency,0
P004274,92,Male,30.1,137,86,66,89.0,4.6,184.0,5,0,3,0,2,0,1,0,0,Former,None,Low,Rehabilitation,1,Medicare,Emergency,0
P004172,73,Male,27.0,152,97,85,82.0,6.1,209.0,4,3,6,5,4,0,1,1,1,Former,Moderate,Moderate,Home Health Care,1,Medicare,Emergency,1
P002845,54,Male,29.6,120,71,56,127.0,5.3,182.0,1,1,4,0,0,0,0,0,0,Never,High,High,Home,0,Uninsured,Urgent,0
P002265,71,Female,31.5,154,91,96,98.0,,216.0,2,0,8,2,2,0,1,0,0,Never,High,Low,Home,0,Medicare,Urgent,0
P002745,79,Male,34.0,111,62,80,94.0,5.3,257.0,3,1,5,0,2,0,0,1,0,Former,Moderate,High,Home,0,Medicare,Elective,0
P000089,71,Male,31.4,118,64,65,189.0,7.1,155.0,3,0,5,2,2,1,0,0,0,Former,Moderate,Moderate,Skilled Nursing Facility,0,Medicare,Elective,0
P002714,47,Male,30.3,113,65,75,144.0,7.7,182.0,2,0,5,1,2,1,0,0,0,Current,Low,High,Home,1,Medicaid,Emergency,0
P002441,65,Male,18.6,100,60,85,86.0,4.7,217.0,4,2,8,0,2,0,0,0,0,Former,Moderate,Moderate,Home,1,Medicare,Emergency,0
P001715,49,Female,30.4,103,84,74,105.0,5.4,247.0,3,0,5,0,0,0,0,0,0,Former,Moderate,Low,Home,1,Medicare,Emergency,1
P001070,63,Female,28.3,149,73,79,,5.3,190.0,10,1,8,1,3,0,1,1,0,Current,Low,Low,Home,1,Uninsured,Emergency,0
P001628,88,Male,30.5,135,77,93,89.0,5.4,216.0,0,1,2,2,1,0,1,0,0,Former,None,Low,Rehabilitation,1,Medicare,Elective,0
P004953,63,Female,23.7,114,68,82,,5.1,168.0,2,1,3,0,1,0,0,0,1,Former,None,Moderate,Home,1,Private,Elective,0
P002876,30,Male,27.2,106,70,89,,4.6,238.0,1,0,6,0,2,0,0,0,0,Former,Moderate,High,Home,0,Private,Elective,0
P000873,75,Male,19.9,148,81,89,89.0,,199.0,7,3,5,3,4,0,1,1,0,Never,Low,Moderate,Home,0,Medicare,Urgent,1
P001546,60,Male,28.2,136,93,94,99.0,,242.0,4,1,6,2,3,0,1,0,0,Never,None,Low,Home,1,Private,Emergency,0
P004054,56,Female,,125,75,75,92.0,5.1,215.0,3,3,6,3,1,0,0,1,0,Former,None,Low,Home Health Care,0,Uninsured,Urgent,0
P005481,74,Male,32.6,146,86,83,79.0,4.5,143.0,6,2,9,0,3,0,1,0,0,Current,Low,Low,Home,1,Medicare,Emergency,0
P002504,71,Male,26.9,129,73,76,73.0,4.6,225.0,1,0,2,1,1,0,1,0,0,Former,Moderate,Moderate,Skilled Nursing Facility,0,Private,Urgent,0
P003780,36,Male,21.2,101,90,83,82.0,4.9,206.0,2,0,8,2,1,0,1,0,0,Current,Moderate,Moderate,Rehabilitation,1,Medicaid,Elective,0
P002770,76,Male,30.4,134,73,67,95.0,,172.0,4,2,5,1,2,0,0,0,0,Never,Low,Low,Rehabilitation,0,Medicaid,Emergency,0
P002602,85,Female,22.7,121,86,71,71.0,5.2,267.0,5,0,5,3,2,0,0,1,1,Current,Low,Moderate,Home Health Care,1,Medicare,Emergency,0
P002738,60,Female,28.4,118,75,68,99.0,5.6,212.0,2,1,4,0,1,0,0,0,0,Never,None,Moderate,Home Health Care,1,Private,Urgent,0
P002234,88,Male,18.9,125,86,85,94.0,4.9,155.0,4,2,2,1,2,0,1,0,0,Never,Low,High,Home Health Care,0,Medicare,Urgent,0
P003166,69,Male,26.3,92,56,80,66.0,4.4,264.0,3,1,6,2,1,0,0,0,1,Never,Low,Low,Home,1,Medicare,Emergency,0
P005464,62,Male,31.1,109,71,61,60.0,4.9,154.0,2,0,6,1,0,0,0,0,0,Former,,High,Skilled Nursing Facility,1,Private,Emergency,0
P002825,64,Female,27.4,98,81,92,122.0,5.6,160.0,3,0,5,0,0,0,0,0,0,,None,High,Rehabilitation,1,Private,Emergency,0
P000015,71,Female,20.7,141,81,93,157.0,5.8,259.0,2,1,4,1,1,0,0,0,0,Never,High,Low,Home,1,Medicaid,Urgent,0
P000115,65,Male,32.6,161,80,85,128.0,5.3,180.0,6,0,2,0,2,0,1,1,0,Former,Moderate,High,Home Health Care,1,Private,Emergency,0
P005063,49,Female,39.3,87,65,76,97.0,5.0,266.0,0,0,4,1,0,0,0,0,0,Never,Low,Low,Home,0,Private,Emergency,0
P000536,74,Female,26.3,147,94,88,119.0,5.4,170.0,2,0,4,0,1,0,0,0,0,Former,Low,Low,Home,1,Medicare,Elective,0
P000154,57,Male,30.5,135,93,92,81.0,4.6,146.0,3,1,5,1,1,0,0,0,0,Current,Low,High,Home Health Care,1,Uninsured,Emergency,1
P005934,64,Male,27.6,167,85,60,104.0,6.1,193.0,6,3,5,3,3,0,1,0,1,Never,High,Moderate,Home,1,Private,Emergency,0
P001302,33,Female,29.0,125,76,86,116.0,5.7,237.0,3,0,6,0,0,0,0,0,0,Current,Low,Low,Home,1,Medicaid,Elective,0
P002293,82,Female,39.3,136,82,87,202.0,8.0,246.0,8,1,5,3,5,1,1,1,1,Never,Low,Moderate,Home,1,Medicare,Emergency,0
P001900,48,Female,,108,63,98,129.0,5.9,161.0,3,1,4,0,1,0,0,0,0,Current,None,High,Home,1,Private,Emergency,0
P002789,55,Female,24.0,118,67,82,80.0,5.2,199.0,5,1,4,0,1,0,0,0,0,Never,Moderate,Low,Rehabilitation,0,Private,Elective,0
P004700,64,Male,29.8,122,70,79,,5.3,200.0,4,1,5,1,1,0,0,0,0,Never,None,Moderate,Home Health Care,1,Private,Emergency,0
P005295,66,Female,34.4,148,88,68,110.0,5.2,162.0,2,1,4,0,1,0,1,0,0,Never,None,Low,Home Health Care,1,Private,Emergency,0
P005206,60,Male,25.6,132,66,95,103.0,5.3,208.0,2,0,7,1,0,0,0,0,0,Never,None,Low,Home,1,Private,Elective,0
P005608,66,Female,19.1,111,77,86,,5.3,222.0,4,2,7,0,2,0,0,0,0,Current,None,High,Home,1,Medicare,Emergency,0
P003423,80,Female,26.6,127,82,89,188.0,8.1,241.0,0,2,5,1,1,1,0,0,0,Never,Low,Moderate,Skilled Nursing Facility,0,Medicare,Urgent,1
P003241,81,Female,37.3,111,74,67,180.0,7.9,216.0,3,2,8,1,2,1,0,1,0,Former,None,Moderate,Rehabilitation,1,Medicare,Emergency,1
P002931,53,Male,28.2,103,80,111,139.0,5.5,209.0,0,0,7,1,0,0,0,0,0,Never,Low,Low,Home,1,Private,Emergency,0
P005472,57,Male,33.0,124,88,83,91.0,5.2,185.0,0,0,4,0,1,0,1,0,0,Former,Moderate,Low,Home,1,Private,Elective,0
P003461,66,Female,35.3,152,90,91,60.0,4.1,,6,1,7,2,3,0,1,1,0,Never,None,High,Home,1,Private,Emergency,0
P003266,70,Male,30.8,136,89,59,92.0,5.0,172.0,6,1,2,0,0,0,0,0,0,Former,Low,High,Rehabilitation,1,Medicare,Elective,0
P001703,66,Male,34.4,133,88,84,99.0,5.9,184.0,4,0,9,0,2,0,1,0,0,Former,None,Low,Home,0,Medicaid,Emergency,0
P003626,94,Male,36.7,147,94,80,159.0,6.6,228.0,4,2,8,2,5,1,1,1,1,Never,None,Low,Home Health Care,0,Medicare,Emergency,1
P001885,34,Female,30.6,98,63,91,198.0,7.7,230.0,0,2,6,1,1,1,0,0,0,Never,None,Low,Skilled Nursing Facility,1,Medicaid,Urgent,0
P005550,49,Male,20.7,121,82,59,109.0,5.2,141.0,1,1,1,1,0,0,0,0,0,Never,Moderate,Moderate,Home,0,Uninsured,Urgent,0
P002040,68,Male,32.5,142,80,96,85.0,5.4,152.0,4,0,7,0,1,0,1,0,0,Never,None,High,Home,1,Medicare,Emergency,0
P003987,47,Male,32.1,97,70,76,174.0,7.1,174.0,0,3,4,0,1,1,0,0,0,Former,Moderate,Moderate,Rehabilitation,0,Uninsured,Emergency,0
P002715,62,Male,25.2,154,98,71,116.0,,235.0,3,4,4,0,2,0,1,1,0,Never,Moderate,Moderate,Home,1,Private,Elective,0
P000362,70,Female,27.8,137,76,86,195.0,8.7,238.0,9,0,7,4,3,1,1,0,1,Current,Low,Low,Home,0,Medicare,Emergency,1
P002078,65,Male,30.6,129,85,94,199.0,8.7,142.0,3,2,10,0,3,1,0,0,0,Former,None,Low,Home,0,Private,Elective,0
P004564,61,Female,29.1,138,78,87,118.0,4.9,123.0,2,0,6,0,1,0,1,0,0,Never,None,Moderate,Home,1,Private,Emergency,0
P001681,41,Male,32.1,117,68,109,211.0,5.9,243.0,1,0,2,0,0,0,0,0,0,,Low,Moderate,Home,0,Private,Urgent,0
P003139,72,Male,33.8,156,73,84,159.0,7.7,238.0,7,3,5,2,6,1,1,1,1,Current,Moderate,Low,Home,1,Private,Emergency,0
P000648,38,Female,37.9,129,73,76,79.0,5.1,222.0,1,1,4,0,1,0,0,0,0,Never,None,Moderate,Skilled Nursing Facility,0,Private,Elective,0
P003766,82,Male,32.4,142,78,76,116.0,5.1,151.0,2,0,7,2,1,0,1,0,0,Current,Low,Low,Home,0,Medicare,Elective,1
P002675,60,Female,32.4,137,84,67,105.0,5.5,221.0,5,2,5,1,3,0,1,1,1,Current,Low,Low,Rehabilitation,0,Medicaid,Emergency,0
P005532,73,Male,28.0,146,72,87,184.0,7.7,245.0,3,0,6,1,2,1,0,0,0,Never,None,Moderate,Home,1,Private,Emergency,0
P001057,66,Male,23.9,132,89,83,120.0,5.2,200.0,5,0,4,0,2,0,1,0,0,Never,Low,High,Home,1,Private,Urgent,0
P004694,53,Male,26.2,132,75,77,241.0,7.5,255.0,12,2,12,2,5,1,1,1,0,Never,Moderate,Moderate,Home Health Care,0,Medicaid,Urgent,0
P005248,80,Female,,133,88,93,199.0,7.7,218.0,5,1,3,0,4,1,1,1,1,Former,,Moderate,Home Health Care,1,Medicare,Elective,0
P004520,38,Male,25.9,93,58,92,157.0,6.0,152.0,1,0,6,0,0,0,0,0,0,Never,None,Low,Home,1,Medicaid,Emergency,0
P004156,56,Male,25.9,107,69,94,74.0,5.9,175.0,2,0,5,0,1,0,0,1,0,Former,Moderate,Low,Skilled Nursing Facility,1,Private,Urgent,0
P002553,57,Male,34.7,126,82,106,104.0,5.1,174.0,5,2,6,2,3,0,0,0,0,Never,None,Moderate,Home,0,Private,Elective,0
P002360,88,Female,15.0,151,76,61,122.0,5.7,261.0,7,2,6,1,5,0,1,1,1,Never,Moderate,Moderate,Skilled Nursing Facility,1,Medicare,Emergency,0
P000809,59,Female,42.8,131,65,69,195.0,7.9,151.0,5,3,6,5,3,1,1,0,0,Former,High,High,Skilled Nursing Facility,0,Private,Emergency,0
P003102,56,Male,27.8,107,63,77,83.0,5.2,193.0,6,1,4,1,1,0,0,0,1,Former,,Low,Home,1,Medicaid,Emergency,0
P005080,54,Male,24.5,120,82,71,175.0,8.2,176.0,3,0,3,1,2,1,0,0,0,Never,None,High,Home,1,Private,Emergency,1
P001956,49,Male,30.7,134,87,71,124.0,5.3,176.0,3,1,5,0,1,0,1,0,0,Current,Low,Moderate,Home,1,Medicaid,Emergency,0
P005240,61,Male,28.5,117,60,74,82.0,5.1,139.0,7,2,6,1,2,0,1,1,0,Current,Low,Moderate,Home,1,Medicaid,Emergency,1
P004610,58,Female,27.2,117,81,87,65.0,4.6,181.0,2,1,6,0,1,0,0,0,0,Never,Moderate,Low,Home,0,Medicaid,Elective,0
P005233,56,Male,28.7,132,54,99,179.0,8.0,262.0,5,0,9,0,2,1,1,0,0,Never,High,Low,Rehabilitation,0,Private,Emergency,0
P005916,69,Male,16.8,141,85,79,99.0,5.6,150.0,4,0,3,0,0,0,0,0,0,Never,None,High,Rehabilitation,0,Medicare,Emergency,0
P001514,34,Male,32.9,118,77,77,,4.9,172.0,3,0,4,0,0,0,0,0,0,Former,None,Moderate,Home,1,Medicare,Urgent,0
P005551,75,Female,19.7,159,78,69,,4.6,191.0,5,1,6,1,2,0,1,0,0,Former,Moderate,High,Home,1,Private,Emergency,0
P001385,38,Male,26.0,132,72,103,,6.2,188.0,3,2,6,1,1,1,0,0,0,Never,Low,Low,Home,1,Private,Emergency,0
P000444,84,Female,69.6,127,64,76,119.0,5.4,192.0,6,0,4,0,1,0,0,0,0,Current,Low,Low,Rehabilitation,0,Medicaid,Elective,0
P004347,51,Male,26.1,126,75,98,176.0,7.1,203.0,0,1,7,3,1,1,0,0,0,Never,Low,Low,Skilled Nursing Facility,0,Private,Emergency,0
P000331,87,Male,32.9,146,89,80,88.0,5.0,203.0,1,1,5,2,2,0,1,0,0,Never,Low,Low,Home,1,Medicare,Elective,0
P002927,76,Male,37.3,169,100,95,127.0,5.5,243.0,5,5,3,0,3,0,1,1,0,Former,Low,Moderate,Home,0,Medicare,Elective,0
P000103,59,Female,30.3,143,78,54,187.0,7.2,215.0,5,2,6,0,2,1,0,0,0,Former,Low,Low,Home,1,Private,Emergency,0
P000059,51,Male,23.5,130,81,69,90.0,4.9,237.0,2,0,2,0,0,0,0,0,0,Never,Low,Moderate,Home,0,Private,Elective,0
P005547,90,Female,16.9,116,83,94,112.0,5.8,183.0,4,0,3,0,2,0,0,0,0,Former,Low,Moderate,Home,0,Uninsured,Emergency,0
P002898,65,Male,34.9,109,80,89,137.0,6.0,216.0,3,0,1,1,1,0,0,0,0,,Moderate,Moderate,Home,0,Medicare,Emergency,0
P000741,79,Female,32.9,153,72,92,88.0,5.3,146.0,6,0,6,1,2,0,1,1,0,Never,Low,Low,Home Health Care,1,Medicare,Urgent,0
P004379,57,Female,30.6,141,86,77,91.0,5.0,166.0,1,2,6,2,2,0,1,0,0,Never,High,Moderate,Skilled Nursing Facility,1,Private,Urgent,0
P001498,47,Male,40.7,108,74,94,103.0,5.4,201.0,2,0,6,0,1,0,0,1,0,Never,None,Moderate,Home,1,Private,Urgent,0
P001736,78,Male,35.3,133,73,77,148.0,7.7,219.0,3,0,7,2,2,1,1,0,0,Never,None,Moderate,Home,0,Uninsured,Urgent,0
P002483,67,Female,36.9,150,85,89,,4.3,200.0,4,1,6,0,2,0,1,1,0,Former,High,High,Home Health Care,1,Medicare,Elective,1
P005483,64,Female,27.7,98,70,97,,5.5,162.0,6,3,4,1,3,0,0,0,0,Current,High,Low,Home,1,Private,Emergency,0
P000780,44,Male,32.6,109,65,78,,5.6,235.0,1,1,2,0,0,0,0,0,0,Never,None,High,Home,1,Private,Elective,0
P001935,44,Other,43.2,103,64,70,72.0,5.2,202.0,2,0,3,0,0,0,0,0,0,Former,Low,Moderate,Home,0,Medicaid,Emergency,1
P004042,62,Female,27.9,125,69,57,110.0,5.1,179.0,6,1,6,1,3,0,1,0,0,Former,Low,Moderate,Home,0,Medicare,Urgent,1
P002026,42,Female,33.3,124,76,86,103.0,5.2,271.0,4,0,5,0,1,0,0,0,0,,Moderate,Low,Home,1,Uninsured,Elective,0
P003805,79,Female,38.9,129,76,59,,7.3,198.0,3,1,2,0,2,1,1,0,0,Never,Moderate,Moderate,Home,0,Medicare,Emergency,0
P004396,68,Female,31.4,135,90,76,60.0,5.2,193.0,3,0,5,1,1,0,0,0,0,Current,Low,Low,Home,1,Medicare,Urgent,0
P005651,70,Female,22.7,128,87,75,523.0,5.0,240.0,4,1,5,3,2,0,1,0,0,Former,None,Low,Home,0,Medicare,Emergency,0
P001473,64,Female,,99,65,81,88.0,,234.0,0,2,3,0,1,0,0,1,0,Never,Moderate,Low,Home,0,Private,Elective,0
P005487,93,Female,27.4,149,86,85,69.0,6.0,173.0,11,4,8,1,5,0,1,1,0,Former,Low,Moderate,Home,1,Medicare,Emergency,0
P001270,73,Female,32.3,126,72,84,,6.2,171.0,5,1,7,0,2,0,1,0,0,Never,Moderate,Low,Home,1,Medicaid,Emergency,0
P002592,96,Female,28.1,128,74,101,120.0,5.0,196.0,7,2,4,3,3,0,1,1,0,Never,None,Moderate,Home,0,Medicare,Emergency,1
P004017,87,Female,16.7,118,86,73,186.0,8.1,216.0,6,0,11,0,2,1,0,1,0,Current,None,Moderate,Skilled Nursing Facility,1,Medicare,Emergency,0
P004093,53,Male,22.3,96,67,67,114.0,4.2,168.0,4,1,6,0,1,0,0,0,0,Current,,Moderate,Home,1,Private,Urgent,0
P001363,38,Female,25.0,113,61,84,146.0,4.9,120.0,5,2,6,0,2,0,0,0,0,Current,Low,High,Home,1,Private,Emergency,0
P001089,74,Male,26.2,144,80,91,84.0,5.5,200.0,3,0,4,0,2,0,0,1,0,Former,None,High,Skilled Nursing Facility,1,Private,Emergency,0
P003888,58,Female,33.0,144,79,63,86.0,5.4,221.0,5,3,4,2,3,0,1,0,0,Never,Low,Moderate,Home,1,Uninsured,Emergency,0
P004261,68,Male,15.2,125,75,68,83.0,5.2,290.0,2,0,2,0,2,0,0,0,1,Never,Low,Moderate,Home,0,Private,Elective,0
P004877,78,Female,56.2,130,77,74,91.0,4.8,203.0,4,1,7,1,4,0,1,0,1,Never,Low,Moderate,Home Health Care,1,Private,Emergency,0
P000683,83,Female,26.9,130,82,66,114.0,5.3,258.0,3,1,6,0,2,0,1,0,0,Former,None,Moderate,Skilled Nursing Facility,0,Medicare,Urgent,0
P002276,18,Male,25.1,98,72,106,79.0,5.1,171.0,3,0,2,1,0,0,0,0,0,,None,Low,Home,1,Private,Emergency,0
P004916,66,Male,28.9,133,86,79,112.0,5.3,155.0,1,1,7,0,1,0,0,0,1,Never,Moderate,High,Home,1,Private,Emergency,0
P005517,65,Male,31.1,123,76,75,199.0,8.2,189.0,8,2,6,1,3,1,0,0,0,Never,Low,Low,Home,0,Medicare,Emergency,0
P001989,52,Female,31.0,113,70,85,118.0,6.2,153.0,4,1,6,1,2,0,1,0,0,,Low,Low,Home,0,Private,Urgent,0
P003873,57,Female,27.9,135,86,80,96.0,6.0,255.0,2,2,8,1,2,0,1,0,0,,High,Low,Home,1,Private,Elective,0
P004760,56,Male,37.1,130,69,88,144.0,7.0,200.0,3,2,3,0,4,1,1,1,0,Former,Moderate,Moderate,Home,1,Private,Elective,0
P005085,75,Female,31.0,149,86,97,131.0,7.6,184.0,9,1,4,0,5,1,1,1,0,Never,Moderate,Moderate,Skilled Nursing Facility,1,Private,Elective,0
P002245,71,Female,30.7,136,73,70,109.0,6.1,155.0,8,1,4,2,3,0,1,0,1,Never,None,Moderate,Rehabilitation,1,Medicare,Emergency,0
P004138,67,Male,21.2,141,89,61,135.0,5.3,,5,0,2,1,2,0,1,0,0,Never,Low,High,Home,0,Medicare,Urgent,0
P004414,53,Female,29.5,131,70,68,103.0,5.0,234.0,0,0,8,0,0,0,0,0,0,Former,Moderate,Moderate,Home,0,Medicaid,Emergency,0
P001625,67,Female,35.2,124,76,91,118.0,4.9,213.0,4,0,7,1,2,0,1,0,0,Current,Low,Low,Home Health Care,1,Medicare,Urgent,1
P005836,34,Female,30.9,120,67,73,119.0,6.0,212.0,1,1,4,0,0,0,0,0,0,Current,Low,Moderate,Home,1,Uninsured,Elective,0
P003188,53,Male,28.1,113,84,75,134.0,5.2,243.0,3,2,8,2,2,0,0,0,0,Former,None,High,Home,1,Medicare,Elective,0
P003014,66,Male,24.3,139,76,95,73.0,5.7,228.0,7,0,3,0,2,0,1,0,0,Current,Moderate,Low,Home,0,Private,Emergency,0
P002797,72,Male,36.2,137,76,62,142.0,7.3,171.0,4,2,7,2,4,1,1,0,0,Never,Low,Low,Home,1,Private,Emergency,0
P004309,69,Male,33.4,125,86,69,161.0,7.3,218.0,4,0,3,1,1,1,0,0,0,Former,None,Low,Skilled Nursing Facility,1,Medicare,Elective,0
P003159,42,Female,27.9,99,67,76,91.0,5.3,196.0,3,1,4,1,0,0,0,0,0,Current,Low,Moderate,Home,1,Private,Urgent,0
P004623,65,Male,25.6,110,75,75,164.0,8.0,256.0,5,0,5,0,1,1,0,0,0,Former,Low,Low,Home,1,Medicare,Urgent,0
P001421,61,Female,30.9,137,71,98,83.0,5.9,,0,0,5,2,0,0,0,0,0,Never,Moderate,Moderate,Home,0,Private,Emergency,0
P001130,33,Female,29.3,101,69,77,115.0,5.4,227.0,2,0,7,0,2,0,0,0,0,Former,None,Low,Home Health Care,1,Private,Emergency,0
P004844,47,Male,27.1,144,68,70,124.0,5.0,210.0,10,2,7,1,4,0,1,0,0,Former,Low,Low,Home,0,Private,Urgent,0
P004739,76,Female,22.3,131,56,82,126.0,5.1,192.0,2,0,3,0,0,0,0,0,0,Former,Low,Low,Home,0,Medicare,Emergency,0
P005168,48,Female,32.2,112,59,71,108.0,5.5,245.0,7,1,8,1,2,0,1,0,0,Never,None,Low,Home,0,Medicaid,Urgent,0
P004781,59,Male,30.8,132,90,71,128.0,5.0,256.0,5,0,4,2,1,0,0,0,0,Current,Low,Moderate,Home,0,Private,Emergency,1
P000365,62,Female,26.3,104,69,85,84.0,4.5,168.0,2,0,5,0,0,0,0,0,0,Never,Low,Low,Home,1,Uninsured,Emergency,0
P002529,80,Male,25.2,138,78,102,96.0,5.5,223.0,12,4,5,2,4,0,1,1,0,Former,Low,Moderate,Skilled Nursing Facility,1,Medicare,Emergency,0
P000398,67,Female,31.4,156,98,89,80.0,5.9,173.0,2,3,8,0,2,0,1,0,1,Current,None,Low,Home,0,Medicare,Elective,0
P002139,69,Female,34.4,93,59,96,66.0,5.4,180.0,1,0,5,0,0,0,0,0,0,Current,High,Low,Home,1,Medicare,Emergency,0
P000353,55,Male,25.9,126,73,99,107.0,5.8,186.0,2,0,4,1,0,0,0,0,0,Former,Low,Moderate,Home Health Care,0,Private,Emergency,0
P001356,71,Female,28.0,118,67,91,117.0,5.2,170.0,0,0,3,2,1,0,0,1,0,Current,Low,Low,Home,1,Medicare,Urgent,0
P005407,40,Female,27.4,105,63,88,104.0,5.2,182.0,5,2,8,0,1,0,0,0,0,Former,None,Moderate,Home,0,Medicaid,Emergency,0
P004513,83,Female,26.6,123,70,82,165.0,6.8,169.0,8,1,4,2,3,1,1,0,0,Never,None,Low,Rehabilitation,0,Medicare,Urgent,0
P003321,40,Male,30.9,95,59,91,148.0,5.0,205.0,1,0,1,0,0,0,0,0,0,Never,,Moderate,Home,1,Private,Urgent,0
P004100,61,Male,30.6,142,90,70,96.0,5.5,177.0,3,0,7,1,2,0,1,0,0,Never,Low,Moderate,Home,1,Private,Elective,0
P000923,66,Female,20.7,146,82,109,78.0,,,6,2,8,2,3,0,1,0,1,Former,Moderate,Low,Home,0,Medicare,Urgent,1
P000925,62,Female,28.1,169,75,75,60.0,4.7,,3,1,3,1,1,0,1,0,0,Former,High,Moderate,Skilled Nursing Facility,1,Private,Urgent,0
P001874,46,Male,21.6,93,62,56,94.0,4.5,238.0,0,0,5,1,0,0,0,0,0,Never,Low,Low,Home,1,Private,Emergency,0
P003921,69,Female,34.6,134,92,92,82.0,6.3,219.0,3,0,3,0,0,0,0,0,0,Former,High,Low,Home,1,Private,Emergency,0
P002285,71,Female,18.5,138,84,80,113.0,5.1,224.0,3,1,2,2,1,0,1,0,0,Former,Low,Low,Home Health Care,0,Medicare,Elective,0
P005621,100,Male,27.9,141,83,96,200.0,7.2,251.0,3,0,7,0,2,1,1,0,0,Never,None,Low,Home,0,Medicaid,Emergency,0
P000079,73,Male,31.4,153,86,82,142.0,5.8,217.0,3,1,2,0,2,0,1,0,0,Current,Low,Low,Skilled Nursing Facility,0,Medicaid,Elective,0
P002302,51,Male,27.7,128,71,69,60.0,4.4,112.0,8,2,1,1,1,0,0,0,0,Current,Moderate,Moderate,Rehabilitation,1,Private,Urgent,0
P005965,93,Male,26.8,122,67,45,67.0,5.0,177.0,4,1,4,0,2,0,0,1,0,,Low,Low,Skilled Nursing Facility,1,Medicare,Emergency,0
P005109,60,Male,31.3,125,78,82,110.0,5.4,160.0,1,2,3,0,1,0,0,0,0,Current,Moderate,Moderate,Home,1,Private,Urgent,0
P000813,68,Female,25.3,120,66,81,160.0,7.7,211.0,0,1,1,2,1,1,0,0,0,Never,,Low,Home,1,Medicaid,Elective,0
P004363,58,Male,26.2,111,79,78,95.0,5.1,157.0,5,1,4,0,1,0,0,0,0,Current,None,Low,Home,1,Uninsured,Emergency,0
P002090,71,Female,,124,78,110,183.0,6.6,206.0,5,3,5,0,3,1,0,0,0,Never,None,Low,Home,0,Medicare,Urgent,0
P005946,37,Female,25.5,151,76,94,121.0,4.8,231.0,0,1,4,3,1,0,0,1,0,,Low,Moderate,Home,1,Medicaid,Emergency,0
P005255,76,Female,24.3,175,96,62,113.0,5.9,136.0,6,2,9,0,3,0,1,0,0,Never,Low,Low,Skilled Nursing Facility,0,Medicare,Emergency,1
P005924,46,Male,16.6,111,72,71,145.0,5.5,271.0,4,0,2,1,1,0,0,0,0,Former,Low,Low,Home,1,Private,Elective,0
P001463,51,Male,18.2,113,64,68,88.0,5.9,199.0,5,1,3,0,3,0,0,0,1,Former,None,Low,Home Health Care,0,Medicaid,Elective,0
P000477,80,Male,35.6,130,74,103,180.0,,168.0,6,2,9,3,3,1,0,1,1,Never,Low,High,Home,1,Medicaid,Urgent,0
P004862,73,Female,21.2,147,103,90,81.0,4.8,178.0,2,0,8,0,1,0,0,1,0,Former,High,Moderate,Home Health Care,0,Medicare,Emergency,0
P005328,52,Male,32.9,138,84,89,105.0,5.2,204.0,5,0,11,0,2,0,1,0,0,Former,High,Moderate,Home,1,Medicare,Emergency,0
P005043,70,Female,19.0,142,88,69,109.0,5.5,110.0,2,2,3,2,1,0,1,0,0,Current,Moderate,Low,Home,1,Private,Emergency,0
P003247,51,Female,35.2,134,71,81,133.0,6.0,244.0,3,1,7,1,1,0,1,0,0,Never,Low,Moderate,Home,0,Medicaid,Emergency,0
P001567,47,Female,32.0,108,67,82,78.0,5.1,136.0,1,1,5,0,1,0,0,0,0,Never,None,Low,Rehabilitation,1,Private,Elective,0
P001845,44,Female,30.4,125,83,71,76.0,5.6,136.0,0,0,7,0,0,0,0,0,0,Never,Moderate,Moderate,Home,0,Private,Emergency,0
P002942,83,Male,26.3,135,78,75,149.0,7.2,249.0,7,3,5,1,3,1,1,0,1,Never,High,Low,Skilled Nursing Facility,0,Medicare,Emergency,0
P004390,88,Male,30.4,155,99,74,157.0,8.4,243.0,6,1,9,1,3,1,1,0,1,Former,None,Low,Home Health Care,1,Medicare,Emergency,1
P005937,47,Female,31.6,111,73,69,101.0,5.7,154.0,1,0,3,0,0,0,0,0,0,Former,None,Low,Home Health Care,1,Uninsured,Urgent,0
P000104,75,Female,32.1,143,83,97,92.0,4.7,247.0,2,0,5,0,1,0,1,0,0,Former,None,Moderate,Rehabilitation,1,Medicaid,Emergency,0
P005431,41,Male,38.7,100,61,67,71.0,5.2,241.0,8,2,9,2,2,0,0,0,0,Never,Moderate,Moderate,Home Health Care,1,Private,Emergency,0
P004074,85,Male,35.7,140,73,81,121.0,,214.0,8,9,4,3,5,0,1,1,0,Former,Low,Low,Home Health Care,1,Medicare,Urgent,1
P004473,91,Female,22.5,135,69,79,62.0,5.0,206.0,7,2,4,0,3,0,1,1,0,Former,Low,Moderate,Home,0,Uninsured,Urgent,0
P003488,68,Male,31.3,121,90,63,189.0,7.6,222.0,9,1,3,1,3,1,0,1,0,Former,High,Moderate,Home,0,Medicare,Elective,0
P003441,94,Female,31.5,106,69,91,188.0,,288.0,7,2,10,0,3,1,0,1,0,Former,Moderate,Moderate,Rehabilitation,0,Medicare,Urgent,0
P001883,57,Female,26.0,114,70,87,88.0,4.5,187.0,0,0,3,1,1,0,0,0,0,Former,Moderate,Low,Home,0,Private,Elective,0
P002615,36,Male,26.7,119,81,86,93.0,5.9,170.0,2,0,4,2,1,0,0,0,0,Never,,Moderate,Skilled Nursing Facility,1,Private,Elective,0
P000249,100,Male,22.0,142,88,79,112.0,4.4,168.0,7,1,10,4,3,0,1,1,0,Former,Low,Low,Skilled Nursing Facility,1,Medicare,Elective,1
P003032,73,Female,20.4,134,66,76,179.0,7.2,226.0,2,0,7,2,1,1,0,0,0,Never,Low,Moderate,Home,1,Medicare,Emergency,0
P003658,93,Female,24.3,169,108,98,105.0,5.3,142.0,4,1,5,2,2,0,1,0,0,Never,Low,Moderate,Skilled Nursing Facility,1,Medicare,Elective,0
P000202,85,Female,23.4,162,91,73,209.0,8.0,,5,3,9,2,5,1,1,1,0,Never,None,Low,Rehabilitation,1,Private,Elective,0
P000998,66,Female,24.3,153,83,58,200.0,8.2,200.0,12,2,11,6,7,1,1,1,0,Former,,High,Home,1,Medicare,Emergency,1
P005089,42,Female,37.0,116,82,68,131.0,5.7,238.0,1,0,3,0,0,0,0,0,0,Never,Low,Moderate,Home,1,Private,Emergency,0
P004919,68,Male,29.9,112,82,64,114.0,,214.0,3,0,2,1,0,0,0,0,0,Never,None,Moderate,Home,0,Medicare,Emergency,0
P005289,78,Female,34.9,120,76,85,89.0,4.5,242.0,7,2,8,0,3,0,0,0,0,Never,High,Moderate,Home Health Care,1,Medicare,Emergency,0
P000674,44,Male,25.5,112,79,74,115.0,5.1,,2,0,2,0,1,0,0,0,0,Former,None,Low,Home,1,Private,Elective,0
P003405,41,Male,30.8,119,75,82,171.0,7.1,190.0,2,0,5,0,1,1,0,0,0,Never,None,Low,Home,0,Private,Urgent,0
P002848,55,Male,29.3,119,79,75,100.0,5.5,214.0,5,1,1,3,1,0,0,0,0,Never,Low,Low,Home,0,Private,Emergency,1
P004009,51,Male,21.7,145,83,88,103.0,4.9,195.0,4,1,3,2,1,0,1,0,0,Never,High,Moderate,Home,1,Medicare,Elective,0
P003325,78,Male,37.4,134,76,89,164.0,7.1,223.0,4,3,8,2,3,1,1,0,0,Never,None,Low,Skilled Nursing Facility,1,Medicare,Elective,0
P001061,62,Male,34.3,133,75,73,86.0,5.1,196.0,2,0,4,1,1,0,1,0,0,Current,Moderate,Low,Home Health Care,1,Private,Emergency,0
P005755,51,Female,37.4,118,59,49,156.0,5.5,110.0,3,0,4,0,1,0,0,0,0,Current,Moderate,Moderate,Home,1,Private,Elective,0
P002075,65,Female,36.1,94,82,75,172.0,6.5,199.0,8,1,6,1,2,1,0,0,0,Never,Moderate,High,Home Health Care,1,Medicare,Urgent,0
P002591,52,Male,24.8,126,81,93,133.0,5.8,170.0,1,0,6,1,1,0,0,0,0,Never,None,Low,Skilled Nursing Facility,0,Private,Urgent,0
P003018,80,Female,28.2,145,88,65,112.0,5.3,273.0,3,0,6,1,3,0,1,1,1,Former,High,Low,Home,0,Medicaid,Emergency,0
P002005,43,Male,19.5,124,87,101,146.0,5.6,149.0,2,2,6,0,2,0,1,0,0,Never,Moderate,Moderate,Home,1,Private,Emergency,0
P004316,63,Female,25.1,126,64,89,138.0,7.4,125.0,9,1,12,1,3,1,0,0,0,Former,None,Moderate,Home,0,Medicaid,Emergency,0
P002603,63,Female,,121,90,81,183.0,6.2,229.0,3,1,4,0,1,1,0,0,0,Never,None,Low,Home,0,Medicare,Elective,0
P001943,46,Male,27.0,121,73,79,93.0,5.5,220.0,0,0,4,0,0,0,0,0,0,Former,Low,Low,Home,1,Medicaid,Elective,0
P002120,76,Female,29.9,117,83,96,189.0,8.9,217.0,5,3,9,0,3,1,0,0,1,,Low,Low,Skilled Nursing Facility,0,Medicaid,Emergency,0
P002579,83,Female,34.5,149,83,67,156.0,7.4,187.0,3,1,4,0,2,1,1,0,0,Former,None,High,Home,1,Medicare,Emergency,0
P003492,50,Female,24.3,121,78,80,84.0,4.5,203.0,2,1,9,0,0,0,0,0,0,Never,None,Moderate,Home,1,Medicaid,Emergency,0
P005769,62,Male,33.0,138,74,86,144.0,,200.0,6,2,1,0,2,0,1,1,0,Never,None,Moderate,Home,0,Private,Emergency,0
P004869,96,Male,23.4,138,92,63,,4.9,164.0,4,2,3,0,2,0,1,1,0,Former,Low,Low,Skilled Nursing Facility,1,Medicare,Emergency,0
P004326,57,Male,23.8,129,66,64,113.0,4.4,211.0,2,0,4,1,0,0,0,0,0,Current,None,Moderate,Home Health Care,1,Private,Emergency,0
P002685,42,Female,29.6,125,73,78,136.0,5.5,141.0,5,1,2,1,2,0,1,0,0,Never,None,Moderate,Home,1,Uninsured,Emergency,0
P003640,44,Female,30.9,115,77,75,132.0,5.7,210.0,2,1,9,1,2,0,0,0,1,Current,Low,High,Home,1,Medicaid,Emergency,0
P001330,75,Male,28.5,141,90,108,105.0,5.1,198.0,3,2,6,2,2,0,1,0,0,Never,Low,Moderate,Home Health Care,1,Medicare,Urgent,0
P001313,54,Female,22.9,109,73,71,65.0,4.3,218.0,1,0,10,0,0,0,0,0,0,Former,Low,Moderate,Home,0,Private,Emergency,0
P004153,70,Male,33.4,141,81,95,69.0,5.2,238.0,5,3,5,0,2,0,1,1,0,Never,High,High,Home,0,Medicare,Urgent,0
P005880,81,Female,32.3,145,93,104,133.0,5.4,153.0,5,1,6,2,3,0,1,1,1,Never,None,Low,Home Health Care,1,Private,Elective,0
P001909,57,Female,29.5,106,82,76,189.0,5.5,144.0,2,1,8,1,2,0,0,0,1,Never,Low,Moderate,Home,0,Private,Emergency,0
P001828,87,Female,28.2,148,91,78,206.0,7.7,249.0,9,2,7,2,4,1,1,1,0,Former,None,Moderate,Home,0,Medicare,Emergency,1
P004566,66,Female,28.8,118,67,64,106.0,5.3,245.0,7,2,8,2,3,0,0,0,0,Never,Moderate,Low,Home,1,Medicare,Urgent,1
P000225,65,Female,26.4,141,84,84,107.0,5.5,147.0,0,0,5,0,0,0,0,0,0,Former,None,Low,Home,1,Medicare,Emergency,0
P004967,58,Female,36.9,127,78,84,108.0,5.2,193.0,5,0,6,3,1,0,1,0,0,Current,,High,Home,1,Uninsured,Elective,0
P002847,55,Male,26.7,138,89,103,164.0,7.4,206.0,6,1,4,3,3,1,1,0,0,Never,Low,Moderate,Home,0,Private,Emergency,0
P001403,61,Male,22.2,111,88,88,89.0,5.2,180.0,2,0,3,1,0,0,0,0,0,Never,Moderate,Moderate,Home,1,Medicaid,Emergency,0
P002753,40,Male,26.1,90,70,54,88.0,4.6,251.0,2,3,5,2,1,0,0,0,0,Never,None,Low,Home,1,Private,Emergency,0
P000195,47,Female,27.5,137,88,77,106.0,5.5,147.0,3,0,7,0,1,0,0,0,0,Never,None,Moderate,Other,0,Medicaid,Urgent,0
P002007,63,Female,,111,68,88,115.0,5.5,205.0,4,0,9,2,1,0,0,1,0,Current,None,Moderate,Home,0,Medicare,Emergency,0
P001359,58,Male,36.6,108,69,73,97.0,,,2,3,3,0,0,0,0,0,0,Current,Low,Moderate,Home,0,Private,Elective,0
P004980,53,Female,24.0,118,80,79,87.0,5.2,243.0,6,0,10,0,2,0,0,0,0,Former,Moderate,Moderate,Home,1,Private,Emergency,0
P002322,83,Male,,111,73,84,,8.5,209.0,7,0,12,1,3,1,0,1,0,Never,Moderate,Low,Home,0,Medicare,Urgent,0
P000371,64,Male,23.4,128,75,59,97.0,5.4,216.0,6,1,6,2,1,0,0,1,0,Current,Low,Moderate,Home,1,Medicare,Emergency,0
P002690,35,Male,29.1,112,71,75,158.0,5.9,170.0,1,1,4,0,0,0,0,0,0,Never,Low,Moderate,Home,1,Private,Elective,0
P001920,42,Female,27.0,146,99,79,90.0,,174.0,5,1,4,0,1,0,1,0,0,Never,None,Low,Skilled Nursing Facility,1,Uninsured,Elective,0
P005675,59,Male,26.9,147,82,66,117.0,5.9,198.0,4,3,2,2,1,0,1,0,0,,Low,High,Home,1,Private,Elective,0
P004921,59,Male,25.7,149,80,91,129.0,6.3,206.0,7,0,2,0,4,0,1,0,1,Former,Low,Low,Home,0,Private,Elective,0
P005111,61,Male,32.2,124,66,77,100.0,5.4,216.0,7,1,6,0,1,0,1,0,0,Never,Low,Moderate,Home,1,Private,Emergency,0
P002397,57,Male,24.0,108,81,85,200.0,7.8,274.0,3,3,8,1,4,1,1,1,0,Never,Low,Moderate,Home,1,Private,Emergency,0
P003663,58,Male,34.1,148,90,84,146.0,7.0,198.0,8,1,8,4,4,1,1,1,1,Current,Moderate,High,Home,1,Private,Emergency,1
P003124,72,Female,36.0,122,65,86,175.0,7.4,150.0,8,1,8,1,3,1,0,0,0,Current,Moderate,Moderate,Home,1,Medicare,Elective,0
P004521,48,Female,30.5,126,76,74,,5.5,191.0,5,1,4,2,2,0,0,0,0,Former,None,Low,Home,0,Medicaid,Urgent,0
P004242,51,Female,28.8,128,92,92,94.0,5.3,256.0,2,1,6,0,1,0,1,0,0,Former,High,Moderate,Home,0,Private,Urgent,0
P001167,100,Male,21.0,164,97,67,115.0,5.3,179.0,2,0,7,0,2,0,1,0,0,Former,Low,Moderate,Home,1,Medicare,Emergency,0
P004600,92,Female,27.5,153,100,85,78.0,4.9,228.0,4,1,7,0,2,0,1,1,0,Never,Moderate,Moderate,Home,0,Uninsured,Emergency,1
P001958,46,Female,35.9,133,87,74,100.0,5.9,186.0,0,0,4,0,0,0,0,0,0,Former,None,High,Home,0,Private,Elective,0
P005526,43,Male,23.3,142,86,76,87.0,5.3,222.0,2,1,7,1,1,0,0,0,0,Never,None,Low,Rehabilitation,1,Medicare,Emergency,0
P005254,86,Male,30.2,161,94,79,175.0,7.4,,6,1,5,0,3,1,1,0,1,Former,Low,Moderate,Rehabilitation,1,Medicare,Emergency,0
P002434,66,Female,25.6,138,80,94,85.0,5.3,246.0,5,0,8,0,1,0,1,0,0,Former,None,Moderate,Home,1,Medicaid,Elective,0
P002735,64,Female,19.7,131,85,75,82.0,5.2,236.0,3,1,6,0,0,0,0,0,0,Former,Moderate,High,Home,1,Private,Emergency,0
P003346,61,Male,21.3,95,75,85,142.0,5.7,147.0,4,0,4,0,0,0,0,0,0,Former,,Moderate,Home,0,Medicare,Elective,0
P000725,50,Female,,124,70,86,81.0,5.5,188.0,1,1,4,0,0,0,0,0,0,Never,Low,Low,Home,0,Private,Emergency,0
P001928,49,Male,19.4,124,81,68,60.0,5.3,217.0,1,2,2,2,0,0,0,0,0,Never,Low,Moderate,Home Health Care,0,Private,Elective,0
P002304,57,Male,33.5,107,76,89,124.0,5.4,231.0,7,0,5,0,2,0,0,0,0,Never,None,Moderate,Home,0,Private,Urgent,0
P000803,69,Female,40.8,131,93,81,177.0,7.0,245.0,10,3,5,3,6,1,1,1,1,Never,Low,Moderate,Home,1,Medicare,Urgent,0
P002879,52,Female,22.5,148,97,82,77.0,4.8,194.0,3,1,4,0,1,0,1,0,0,Never,None,Low,Home,0,Private,Elective,0
P001345,49,Male,39.5,164,86,74,103.0,4.4,211.0,4,1,6,2,1,0,1,0,0,Never,Low,Moderate,Rehabilitation,0,Private,Emergency,0
P005960,83,Female,23.7,153,97,84,174.0,6.5,202.0,5,2,4,1,3,1,1,1,0,Former,None,Low,Home,1,Uninsured,Emergency,0
P000328,63,Other,35.7,124,89,77,150.0,6.0,212.0,8,4,5,1,4,0,1,1,1,Former,Moderate,Moderate,Skilled Nursing Facility,1,Private,Emergency,0
P001601,63,Female,29.8,106,55,67,113.0,4.7,194.0,1,0,5,2,0,0,0,0,0,Current,Low,High,Home,1,Private,Emergency,0
P003577,69,Other,33.2,146,81,86,118.0,4.9,156.0,4,0,6,1,1,0,1,0,0,Never,None,Low,Home,0,Medicare,Elective,0
P005397,71,Male,34.1,113,50,58,129.0,5.1,189.0,1,0,7,0,0,0,0,0,0,Former,High,Low,Home,0,Medicare,Emergency,0
P005055,64,Male,30.2,137,86,70,80.0,4.8,195.0,4,1,7,0,1,0,1,0,0,Current,Low,Low,Home,0,Medicaid,Urgent,0
P004047,62,Male,35.2,149,80,84,90.0,4.5,286.0,11,0,10,1,5,0,1,1,1,Never,Moderate,Moderate,Home,0,Private,Urgent,0
P000532,50,Male,18.8,104,50,70,150.0,6.2,235.0,3,1,5,1,0,0,0,0,0,Never,None,Low,Rehabilitation,0,Private,Elective,1
P001670,54,Female,28.0,118,61,72,110.0,,131.0,1,1,3,1,0,0,0,0,0,Former,None,Low,Home,1,Medicaid,Urgent,0
P002597,83,Female,29.2,146,89,62,150.0,6.9,,8,1,4,0,2,1,1,0,0,Never,Low,Low,Home,1,Medicare,Elective,0
P000013,65,Male,37.0,132,74,75,158.0,5.2,144.0,5,1,8,2,1,0,1,0,0,Former,None,Low,Home,1,Medicare,Emergency,0
P003173,79,Male,22.0,123,78,74,120.0,6.2,237.0,3,0,5,0,1,0,0,0,0,Never,Low,Low,Home,1,Medicare,Urgent,0
P003567,75,Male,36.7,125,78,82,185.0,8.1,208.0,4,2,3,2,2,1,0,0,1,Never,Low,High,Rehabilitation,1,Medicare,Urgent,0
P003427,70,Female,35.1,123,72,68,159.0,7.4,256.0,4,1,6,1,4,1,1,1,0,Former,Low,Low,Home Health Care,1,Medicare,Emergency,0
P001196,93,Female,27.3,165,92,60,184.0,7.4,161.0,4,4,5,2,3,1,1,1,0,Never,Moderate,Moderate,Rehabilitation,1,Medicare,Emergency,0
P001544,62,Male,24.9,117,64,67,104.0,5.7,152.0,2,0,3,2,1,0,0,0,1,Former,Moderate,Moderate,Home Health Care,1,Private,Emergency,0
P001990,44,Male,30.5,141,80,78,83.0,4.2,162.0,1,0,7,2,0,0,0,0,0,Never,None,Low,Home,0,Private,Emergency,1
P002696,78,Male,26.8,128,82,96,142.0,6.4,232.0,1,0,2,0,0,0,0,0,0,Current,High,Low,Skilled Nursing Facility,1,Private,Urgent,1
P001072,47,Female,17.5,126,88,59,98.0,4.7,247.0,2,0,7,0,0,0,0,0,0,Former,None,Low,Home,1,Private,Emergency,0
P004067,52,Male,20.6,111,68,81,85.0,5.3,216.0,0,0,5,2,0,0,0,0,0,Former,None,Low,Home,1,Private,Elective,0
P002086,76,Male,29.3,127,82,76,176.0,7.3,219.0,2,1,4,0,1,1,0,0,0,Never,Low,High,Skilled Nursing Facility,1,Medicare,Emergency,0
P002427,96,Female,28.2,121,79,72,176.0,8.0,165.0,6,1,8,3,2,1,0,1,0,Never,None,Low,Home,0,Medicare,Emergency,1
P000016,51,Female,26.7,136,86,91,156.0,7.5,217.0,3,0,2,2,1,1,0,0,0,Former,Low,Moderate,Home,0,Medicaid,Elective,0
P003703,53,Male,28.9,131,81,79,203.0,7.8,245.0,1,0,4,0,1,1,0,0,0,,None,Moderate,Home,0,Private,Emergency,0
P003129,53,Female,28.1,143,77,74,122.0,6.1,178.0,1,0,9,0,1,0,0,0,0,Former,High,Moderate,Home,0,Private,Emergency,0
P004409,63,Male,30.1,120,68,56,81.0,5.5,220.0,1,0,3,0,0,0,0,0,0,Former,None,Moderate,Home Health Care,0,Medicaid,Urgent,0
P000287,68,Male,26.3,121,66,84,92.0,5.1,183.0,2,1,4,2,0,0,0,0,0,Current,Low,Moderate,Home,0,Medicare,Emergency,0
P004097,72,Male,26.2,125,69,75,125.0,7.2,174.0,10,2,8,3,4,1,0,1,0,Former,None,Low,Home,1,Medicare,Urgent,0
P001168,91,Male,33.2,162,89,78,224.0,7.9,143.0,7,1,5,1,3,1,1,0,1,Never,None,Low,Home,0,Private,Urgent,0
P000823,47,Male,19.8,137,73,76,97.0,5.5,188.0,0,0,6,0,1,0,0,0,0,Never,Moderate,High,Home,1,Private,Elective,0
P002834,49,Female,35.5,119,73,82,60.0,4.6,241.0,1,0,5,1,1,0,0,0,0,Never,None,Moderate,Skilled Nursing Facility,0,Medicaid,Urgent,0
P005508,46,Female,30.6,139,83,71,135.0,5.0,233.0,6,1,5,1,3,0,1,0,0,Current,None,Moderate,Home,0,Uninsured,Emergency,0
P005593,78,Female,33.5,136,88,66,,7.9,263.0,4,1,5,1,2,1,0,0,0,Former,Moderate,Low,Skilled Nursing Facility,1,Medicare,Emergency,0
P004062,80,Female,27.8,127,72,94,122.0,5.2,256.0,5,0,2,2,2,0,1,1,0,Former,None,Moderate,Skilled Nursing Facility,1,Medicare,Elective,1
P001620,53,Female,30.3,131,77,86,79.0,4.2,250.0,3,1,4,1,1,0,0,0,1,Former,Low,Moderate,Home,1,Private,Urgent,0
P004254,36,Female,27.6,87,56,61,89.0,4.9,239.0,0,1,2,1,1,0,0,0,0,Never,High,Low,Home,1,Medicaid,Elective,0
P003244,68,Male,28.4,150,72,63,81.0,4.8,239.0,3,2,3,3,2,0,1,0,0,Former,None,Low,Home,0,Medicare,Emergency,1
P003015,79,Male,25.8,137,83,82,136.0,5.7,150.0,6,1,6,1,1,0,0,0,0,Current,Low,High,Home Health Care,1,Private,Elective,0
P000622,64,Female,21.9,141,78,71,70.0,5.2,177.0,4,5,8,0,3,0,1,0,0,Never,Moderate,Low,Home,0,Private,Elective,0
P000185,70,Male,31.2,145,92,84,146.0,5.2,209.0,3,1,11,1,3,0,1,0,0,Never,Low,Moderate,Home,1,Medicare,Emergency,0
P003880,68,Male,32.1,143,80,95,91.0,5.3,265.0,6,1,3,2,2,0,1,1,0,Former,Low,Low,Home,0,Private,Urgent,0
P002569,37,Female,27.8,122,68,81,122.0,5.8,,1,0,2,0,0,0,0,0,0,Never,None,Moderate,Home,1,Private,Urgent,0
P000896,80,Female,32.5,119,77,74,184.0,7.8,202.0,2,1,5,0,1,1,0,0,0,Current,None,Low,Home Health Care,1,Medicare,Emergency,0
P000426,59,Female,26.5,142,82,69,120.0,5.3,166.0,6,1,3,0,2,0,1,0,0,Never,None,Moderate,Home Health Care,0,Uninsured,Urgent,1
P000776,67,Female,17.7,108,66,57,146.0,7.4,274.0,1,1,1,0,1,1,0,0,0,Former,Low,High,Home,0,Medicare,Elective,0
P001731,63,Male,39.4,120,74,65,129.0,7.4,226.0,8,3,14,1,3,1,0,1,0,Former,High,Low,Rehabilitation,1,Private,Emergency,0
P001267,51,Female,28.4,106,82,76,214.0,7.5,209.0,4,1,6,0,3,1,0,1,0,Never,None,Low,Home,0,Medicaid,Urgent,1
P004454,70,Male,26.4,160,91,95,135.0,5.2,204.0,5,1,4,0,1,0,1,0,0,Former,None,Low,Home,1,Medicare,Emergency,0
P002788,63,Male,31.3,136,74,70,109.0,5.1,159.0,5,2,10,2,2,0,1,0,0,Never,None,Low,Home,0,Private,Emergency,0
P002103,53,Male,26.8,137,83,69,71.0,5.0,116.0,0,0,6,1,1,0,0,1,0,Current,Low,High,Home,1,Private,Emergency,0
P004693,68,Female,31.5,125,85,76,230.0,6.9,172.0,6,0,5,1,2,1,0,0,0,Never,Moderate,Moderate,Home,1,Medicare,Emergency,0
P001020,73,Female,23.1,144,81,85,122.0,5.0,217.0,6,0,13,2,4,0,1,1,0,Never,None,Moderate,Home,1,Medicare,Emergency,0
P004557,69,Male,26.0,147,81,75,61.0,5.1,228.0,2,1,5,0,1,0,1,0,0,Former,None,Moderate,Home Health Care,1,Medicare,Urgent,0
P004235,82,Male,36.0,97,70,85,99.0,4.6,188.0,7,0,6,0,2,0,1,1,0,Never,Moderate,High,Home Health Care,0,Medicare,Urgent,0
P005353,79,Other,24.5,159,98,73,,4.5,189.0,5,2,6,0,1,0,1,0,0,Former,Moderate,High,Home Health Care,1,Medicare,Emergency,0
P002141,63,Male,29.5,107,64,94,60.0,5.0,177.0,1,2,4,0,3,0,0,0,0,Never,Moderate,Low,Home Health Care,1,Private,Elective,0
P004285,58,Female,30.6,115,76,60,102.0,5.3,119.0,10,2,12,1,4,0,0,0,0,Never,Moderate,High,Home,0,Medicaid,Emergency,1
P005098,99,Female,23.9,151,95,96,254.0,8.6,189.0,7,0,6,1,3,1,0,0,1,Former,Low,High,Home,1,Medicare,Emergency,0
P001493,55,Female,23.2,116,75,98,111.0,5.3,206.0,2,0,5,0,1,0,0,0,0,Never,Low,Moderate,Home,1,Private,Emergency,0
P001371,41,Female,31.7,112,82,86,124.0,5.3,199.0,6,0,5,2,2,0,0,0,0,Former,Moderate,Moderate,Rehabilitation,1,Private,Urgent,0
P002852,85,Female,35.9,159,77,70,60.0,5.6,160.0,4,1,5,1,2,0,1,0,1,Never,None,High,Other,0,Medicaid,Emergency,1
P002880,70,Female,30.7,147,83,85,164.0,6.9,231.0,6,1,7,0,3,1,0,0,1,Never,None,Moderate,Home Health Care,1,Private,Urgent,0
P005904,66,Female,18.9,128,78,79,60.0,4.0,214.0,6,0,5,0,1,0,0,0,0,Former,High,Moderate,Home,1,Private,Emergency,1
P000143,32,Female,24.3,112,72,72,118.0,5.2,229.0,7,0,3,1,2,0,1,1,0,Never,None,Low,Home,1,Private,Emergency,0
P002399,54,Female,35.5,160,84,82,92.0,5.1,256.0,2,0,6,0,3,0,1,0,0,Former,None,High,Home,0,Medicaid,Urgent,0
P000517,74,Female,27.2,125,80,78,108.0,5.1,178.0,2,0,5,1,1,0,0,0,1,Former,Moderate,Moderate,Home,0,Medicare,Urgent,1
P000621,57,Female,30.2,115,73,60,135.0,4.1,120.0,3,1,7,0,2,0,0,0,0,Never,Low,Moderate,Home,0,Private,Emergency,0
P005634,78,Male,31.2,148,79,69,139.0,6.9,210.0,5,2,4,1,3,1,1,0,0,Former,None,Low,Home Health Care,0,Private,Urgent,1
P004497,57,Female,29.7,117,74,77,75.0,4.8,246.0,0,0,4,0,0,0,0,0,0,Never,Moderate,Low,Home,1,Private,Emergency,0
P001908,66,Female,33.9,135,85,70,214.0,7.8,162.0,2,0,7,1,2,1,1,0,0,Former,Moderate,High,Rehabilitation,0,Medicare,Emergency,0
P001259,90,Female,30.8,129,77,52,148.0,7.7,167.0,5,1,6,1,1,1,0,0,0,Never,None,Moderate,Home,0,Medicare,Emergency,0
P000697,29,Other,24.9,125,77,92,117.0,6.2,254.0,5,1,7,2,2,0,0,0,0,Never,Moderate,Low,Rehabilitation,1,Private,Emergency,0
P002154,48,Male,33.1,98,66,86,147.0,7.9,167.0,2,0,3,0,1,1,0,0,0,Never,Low,Moderate,Other,0,Private,Elective,1
P003822,82,Male,,166,96,65,60.0,4.3,150.0,4,3,6,1,2,0,1,0,0,Never,,Low,Home Health Care,0,Medicare,Urgent,0
P000309,73,Male,19.4,147,78,57,96.0,5.1,202.0,5,0,5,1,1,0,0,0,1,Current,Low,Moderate,Home,1,Medicare,Emergency,0
P000413,54,Male,29.7,126,67,67,82.0,4.7,250.0,0,0,4,1,1,0,0,0,0,Former,,Low,Home,1,Uninsured,Urgent,0
P003201,55,Female,35.5,130,59,83,181.0,8.1,164.0,4,1,5,1,3,1,1,0,1,Never,Moderate,Moderate,Home,1,Private,Elective,0
P003414,59,Female,15.5,130,77,104,,6.0,119.0,2,2,4,1,0,0,0,0,0,Former,Low,Moderate,Home,1,Private,Emergency,0
P003701,63,Female,29.8,139,86,51,99.0,5.2,249.0,2,1,4,2,2,0,1,0,0,Former,None,Low,Home,0,Private,Urgent,0
P004596,77,Female,22.3,103,69,70,113.0,5.7,167.0,2,0,4,0,1,0,0,1,0,Current,Low,Low,Home Health Care,0,Private,Elective,1
P005862,82,Male,28.4,149,79,76,80.0,5.8,191.0,2,1,5,0,1,0,1,0,0,Never,Moderate,High,Home,0,Medicare,Emergency,1
P004530,85,Female,32.9,127,81,82,107.0,5.8,208.0,3,2,5,4,2,0,0,1,1,Former,Moderate,Moderate,Skilled Nursing Facility,0,Medicaid,Emergency,1
P004344,57,Other,28.5,139,87,63,65.0,5.6,179.0,3,2,2,0,2,0,1,0,0,,Moderate,Low,Home,1,Private,Emergency,1
P004001,68,Female,31.1,128,61,92,137.0,5.7,125.0,3,2,2,3,3,0,1,0,0,Never,Low,Moderate,Home,0,Medicare,Urgent,0
P003700,46,Male,27.7,122,90,70,131.0,6.0,157.0,6,1,4,2,1,0,0,0,0,Never,Low,High,Home,1,Medicaid,Elective,0
P000765,69,Male,35.8,153,91,86,92.0,4.8,223.0,2,1,6,1,2,0,1,0,1,Former,Low,Low,Home,1,Medicare,Emergency,0
P005163,88,Female,24.3,148,83,70,95.0,4.6,157.0,1,2,7,1,2,0,1,1,0,Never,None,Low,Home Health Care,0,Private,Emergency,0
P004111,72,Male,27.3,120,79,53,77.0,5.6,224.0,0,1,3,0,0,0,0,0,0,Never,Moderate,High,Home,0,Medicare,Elective,0
P000391,29,Male,30.4,161,102,72,76.0,5.0,,5,2,5,1,2,0,1,0,1,Never,Low,Low,Home,0,Private,Elective,0
P001008,58,Other,28.5,118,67,89,117.0,4.5,200.0,1,0,5,0,0,0,0,0,0,Current,Low,Low,Home,1,Medicaid,Urgent,0
P000560,51,Male,29.0,153,79,67,98.0,4.8,143.0,6,0,11,1,1,0,0,0,0,Never,Low,Moderate,Home,0,Private,Emergency,0
P003536,44,Female,26.5,120,77,84,116.0,6.0,,2,3,6,2,2,0,0,0,0,Never,None,High,Home,1,Private,Emergency,0
P002955,32,Female,67.1,138,86,71,64.0,4.7,191.0,3,0,3,0,0,0,0,0,0,Never,None,Low,Home,1,Private,Urgent,0
P002437,49,Male,30.2,135,84,58,113.0,5.5,181.0,3,3,4,2,1,0,0,0,0,Former,Moderate,Moderate,Home,0,Private,Urgent,0
P002833,79,Female,24.1,139,77,75,161.0,8.2,248.0,4,3,12,0,2,1,0,1,0,Current,None,Low,Home Health Care,1,Medicare,Emergency,1
P000969,78,Female,32.1,121,59,81,100.0,5.9,159.0,7,3,7,2,2,0,1,1,0,Former,Low,Low,Home,1,Private,Emergency,0
P000171,54,Female,32.2,138,83,98,110.0,5.5,194.0,2,1,6,0,1,0,0,0,0,Never,Moderate,Low,Home,1,Private,Emergency,0
P000908,45,Male,34.9,114,73,73,,5.9,174.0,2,2,4,2,3,0,0,1,0,Never,None,Moderate,Home Health Care,1,Private,Elective,0
P000656,69,Male,27.5,146,71,71,157.0,7.0,,6,1,8,3,3,1,1,0,0,Former,None,Low,Home,1,Medicare,Emergency,0
P005499,75,Female,32.8,150,91,85,175.0,7.8,121.0,4,3,7,1,3,1,1,0,0,Current,Low,Low,Home,1,Medicare,Emergency,0
P003543,62,Female,24.2,146,84,77,129.0,4.9,290.0,2,2,5,1,2,0,0,0,0,Never,None,Low,Home Health Care,0,Private,Emergency,0
P000207,51,Female,40.3,150,77,84,154.0,7.7,210.0,5,0,5,0,3,1,1,0,0,Never,None,Moderate,Home Health Care,1,Private,Emergency,0
P001195,93,Female,29.7,144,89,89,167.0,7.6,115.0,6,2,7,1,3,1,1,1,0,Former,None,Low,Rehabilitation,0,Private,Urgent,1
P003049,77,Male,24.1,149,78,90,164.0,5.2,167.0,3,0,1,2,2,0,1,0,0,Current,Moderate,Moderate,Skilled Nursing Facility,0,Medicare,Urgent,0
P000833,47,Male,29.2,120,80,104,76.0,4.9,232.0,0,1,6,1,0,0,0,0,0,Former,None,High,Home,1,Medicare,Emergency,1
P002087,63,Male,28.0,140,76,83,158.0,6.1,250.0,2,1,9,1,2,0,0,1,0,Former,High,Low,Home,1,Uninsured,Emergency,0
P001973,66,Male,26.4,135,83,86,74.0,5.2,171.0,1,3,3,1,1,0,1,0,0,Former,None,Moderate,Home,1,Private,Emergency,1
P002926,77,Male,37.3,145,80,72,148.0,7.7,254.0,10,0,8,2,3,1,1,0,0,Never,Low,Moderate,Skilled Nursing Facility,1,Medicare,Emergency,1
P002093,66,Female,28.6,125,72,68,165.0,8.1,192.0,4,0,3,2,2,1,0,0,0,Never,Low,Low,Home Health Care,1,Private,Urgent,0
P005071,57,Male,30.3,127,85,91,106.0,5.7,195.0,3,2,3,0,1,0,0,0,0,Former,None,Moderate,Home,0,Medicare,Emergency,0
P005589,61,Male,25.7,122,70,94,121.0,5.6,221.0,2,0,6,1,1,0,0,0,1,Former,Moderate,High,Home,0,Private,Emergency,1
P004511,60,Male,33.9,102,89,97,189.0,7.8,114.0,3,1,8,0,2,1,0,0,0,Former,Low,Moderate,Home,0,Private,Emergency,1
P000825,36,Female,27.4,133,76,82,111.0,4.9,223.0,5,0,9,1,1,0,1,0,0,Current,None,Low,Home,1,Private,Emergency,0
P002098,52,Other,32.9,87,65,80,63.0,4.6,235.0,3,0,2,1,1,0,0,0,0,Never,None,Low,Home,0,Private,Elective,0
P005059,65,Male,28.5,116,73,66,128.0,5.5,261.0,3,1,10,0,1,0,0,0,0,Never,None,Moderate,Home Health Care,0,Medicare,Emergency,1
P004271,45,Female,20.5,127,71,77,76.0,4.4,235.0,6,2,5,0,2,0,1,0,0,Former,None,Low,Home,0,Uninsured,Emergency,0
P005489,49,Male,24.8,109,70,74,95.0,4.9,163.0,1,0,4,0,0,0,0,0,0,Former,None,Moderate,Home Health Care,1,Private,Emergency,0
P005138,71,Female,31.1,115,81,84,167.0,7.5,123.0,3,1,8,0,1,1,0,0,0,Never,Moderate,Low,Home,1,Private,Emergency,0
P002334,63,Male,28.8,150,79,73,100.0,4.8,141.0,4,1,6,1,2,0,0,1,0,Current,None,Low,Home,1,Medicaid,Elective,0
P000075,66,Male,33.3,131,79,74,106.0,5.3,221.0,6,1,3,0,2,0,1,1,0,Never,None,Moderate,Home,0,Medicare,Emergency,0
P003642,89,Male,33.3,151,88,74,96.0,5.6,217.0,6,1,5,1,2,0,1,0,1,Never,None,Moderate,Rehabilitation,0,Private,Elective,0
P003781,70,Female,33.3,117,77,75,60.0,5.3,206.0,8,0,3,1,2,0,0,0,1,Former,Low,Moderate,Home,1,Medicare,Urgent,0
P002642,63,Female,,107,68,85,142.0,5.1,138.0,16,2,6,0,6,0,0,0,1,Former,,High,Home,1,Private,Emergency,0
P005444,63,Male,29.0,131,83,80,108.0,5.2,189.0,1,2,10,2,3,0,1,1,1,Current,Low,Moderate,Home,1,Private,Elective,0
P002003,71,Male,22.2,134,72,83,104.0,5.0,181.0,1,0,5,1,2,0,1,0,0,Never,None,Low,Home,1,Medicare,Emergency,0
P003324,76,Female,35.8,121,89,95,181.0,8.3,280.0,7,1,10,3,5,1,1,1,0,Never,Low,Moderate,Home Health Care,0,Medicare,Emergency,1
P001256,55,Female,23.8,109,63,62,92.0,5.4,190.0,1,0,5,0,1,0,0,0,0,Never,,Low,Home,0,Private,Urgent,1
P005902,59,Female,27.5,96,78,78,108.0,5.0,292.0,0,1,4,1,2,0,0,0,1,Never,Low,Low,Home,1,Uninsured,Urgent,0
P002222,52,Male,28.6,124,67,82,77.0,5.5,211.0,4,1,3,1,2,0,0,0,0,Never,Low,Moderate,Home,0,Medicaid,Elective,0
P005521,74,Female,27.5,143,63,85,60.0,4.9,190.0,4,0,6,0,3,0,1,1,0,Never,Low,Moderate,Home,1,Private,Emergency,0
P004474,77,Female,,126,88,72,66.0,4.3,287.0,3,1,3,0,2,0,0,0,0,Former,Moderate,Moderate,Home Health Care,0,Private,Urgent,0
P005613,54,Male,16.9,104,71,71,133.0,5.6,168.0,2,1,5,1,1,0,0,0,0,Former,None,High,Home,0,Private,Urgent,0
P005655,56,Male,31.0,128,74,84,86.0,5.0,227.0,3,4,3,1,2,0,0,0,0,Never,Low,Low,Home,1,Uninsured,Elective,0
P003433,59,Female,31.3,111,82,76,178.0,6.9,148.0,5,0,6,0,2,1,0,0,0,Former,None,Moderate,Rehabilitation,0,Uninsured,Emergency,0
P000058,86,Female,,160,91,85,199.0,7.5,234.0,8,0,4,1,4,1,1,1,0,Never,None,Moderate,Skilled Nursing Facility,0,Medicare,Urgent,0
P000633,58,Female,29.4,134,98,90,98.0,4.3,252.0,1,2,8,0,0,0,0,0,0,Current,,Low,Home,0,Uninsured,Emergency,0
P003793,58,Male,29.2,123,60,76,93.0,5.0,164.0,3,0,3,0,0,0,0,0,0,Former,None,Moderate,Home,1,Private,Urgent,0
P003636,45,Male,,137,73,72,67.0,5.9,225.0,1,1,5,0,0,0,0,0,0,Current,None,Low,Skilled Nursing Facility,1,Medicaid,Emergency,0
P003356,23,Female,25.5,97,68,84,120.0,5.0,208.0,3,1,2,1,0,0,0,0,0,Never,Low,Low,Home,0,Medicaid,Elective,0
P005702,81,Female,35.7,148,99,73,150.0,7.9,288.0,15,2,5,3,5,1,1,0,0,Current,None,Moderate,Home,1,Medicare,Emergency,1
P004686,53,Female,38.0,135,76,75,173.0,7.5,182.0,7,2,8,0,3,1,1,0,0,Never,High,Moderate,Home,0,Medicaid,Elective,0
P000378,34,Male,25.2,86,58,82,95.0,4.6,219.0,0,0,4,1,0,0,0,0,0,Never,Moderate,High,Home,1,Medicaid,Urgent,0
P003834,52,Male,26.8,112,82,82,128.0,5.6,160.0,3,2,12,0,3,0,0,0,0,Never,None,Low,Home Health Care,0,Private,Emergency,0
P005475,68,Male,32.2,113,66,77,184.0,7.4,139.0,2,2,7,0,2,1,0,0,1,Current,None,Moderate,Home,1,Medicare,Urgent,0
P000549,75,Female,24.6,145,85,63,79.0,4.8,209.0,7,2,4,1,2,0,1,0,0,Former,High,Moderate,Skilled Nursing Facility,1,Medicaid,Emergency,1
P000274,95,Female,29.1,140,82,60,152.0,7.9,205.0,6,1,2,1,3,1,1,1,0,,None,High,Home,1,Medicare,Urgent,0
P000573,68,Female,24.8,147,93,63,165.0,8.5,174.0,9,0,3,2,3,1,0,0,1,Former,None,Moderate,Rehabilitation,0,Medicare,Emergency,0
P003884,83,Female,39.3,140,85,72,196.0,8.2,185.0,2,1,8,0,2,1,0,1,0,Current,Low,High,Rehabilitation,1,Medicare,Urgent,0
P000680,61,Female,,122,60,76,102.0,5.3,159.0,1,0,9,0,2,0,0,0,0,Never,Low,Low,Home,1,Private,Elective,0
P005826,72,Female,30.3,116,69,92,131.0,5.2,198.0,5,0,8,0,0,0,0,0,0,Former,None,Low,Home,0,Private,Emergency,0
P003992,48,Female,32.8,132,94,65,96.0,5.6,200.0,2,0,4,1,0,0,0,0,0,Former,Moderate,Low,Home,1,Private,Urgent,0
P005223,84,Female,20.4,131,78,71,155.0,7.6,181.0,3,3,2,2,3,1,0,0,1,Never,None,Low,Home,1,Medicare,Emergency,1
P004161,44,Female,34.6,108,65,78,141.0,7.4,172.0,4,1,8,1,2,1,0,0,0,Former,Moderate,Low,Rehabilitation,1,Private,Emergency,0
P005766,66,Female,32.9,151,95,59,213.0,7.2,,6,2,5,3,4,1,0,0,0,Current,None,Moderate,Home Health Care,1,Medicare,Emergency,0
P004965,54,Male,22.0,155,79,85,95.0,4.9,205.0,3,1,8,2,3,0,1,0,0,Current,Low,High,Home,0,Medicaid,Urgent,0
P004238,67,Male,28.7,147,82,66,214.0,7.3,117.0,9,0,5,1,3,1,1,0,0,Former,None,Low,Home,1,Medicare,Urgent,0
P003592,84,Male,35.6,142,81,70,109.0,5.2,178.0,1,1,4,0,0,0,0,0,0,Never,None,Moderate,Home Health Care,1,Medicare,Elective,0
P002702,47,Female,28.1,85,45,89,100.0,4.9,,5,2,3,3,2,0,0,0,0,Former,None,Low,Home,1,Private,Urgent,0
P004436,77,Female,26.2,129,69,85,98.0,5.1,216.0,3,1,7,1,1,0,0,0,0,Never,Moderate,High,Skilled Nursing Facility,1,Medicaid,Emergency,0
P005796,70,Female,30.0,96,62,74,191.0,8.6,172.0,4,0,2,1,2,1,0,0,0,Never,Low,Moderate,Home,1,Medicare,Emergency,1
P005640,73,Female,36.5,137,81,76,120.0,5.3,231.0,8,4,6,1,3,0,1,1,1,Current,Low,High,Home,0,Medicaid,Emergency,1
P003065,60,Female,26.8,124,81,63,101.0,4.6,166.0,2,1,3,1,1,0,1,0,0,Never,None,Low,Home,1,Private,Urgent,0
P004787,44,Female,23.2,113,71,112,203.0,8.4,151.0,4,2,6,1,1,1,0,0,0,Former,High,Moderate,Home,0,Private,Emergency,0
P004609,47,Male,20.9,130,84,72,105.0,5.4,254.0,6,0,2,1,2,0,1,0,0,Never,Moderate,Moderate,Home,1,Private,Elective,0
P005491,60,Female,33.3,141,81,80,103.0,4.9,233.0,4,0,6,0,3,0,1,1,0,Former,High,Low,Home,1,Uninsured,Elective,0
P000983,67,Male,27.5,127,105,48,184.0,7.5,157.0,2,2,9,0,2,1,0,0,1,Current,Low,Low,Rehabilitation,0,Medicaid,Emergency,1
P003061,82,Female,35.0,120,81,71,68.0,4.5,192.0,3,2,6,0,1,0,0,1,0,Former,High,High,Home,0,Medicare,Urgent,0
P001904,62,Female,31.2,118,76,71,140.0,,232.0,5,1,6,0,1,0,0,0,0,Never,Low,Low,Rehabilitation,1,Private,Emergency,0
P002868,87,Female,30.6,125,69,93,83.0,4.9,133.0,2,1,5,0,0,0,0,0,0,Never,Low,Moderate,Rehabilitation,0,Medicare,Emergency,0
P002108,48,Female,23.0,145,78,56,84.0,4.8,208.0,9,2,7,1,4,0,1,1,0,Former,None,Low,Home,1,Medicaid,Emergency,1
P000839,92,Female,32.4,122,74,45,170.0,7.4,240.0,8,5,9,4,4,1,1,1,1,Never,None,Low,Home Health Care,0,Medicare,Emergency,1
P002082,70,Female,21.4,154,79,73,101.0,4.9,210.0,7,2,7,1,4,0,1,0,0,Former,None,Moderate,Home,1,Medicare,Elective,0
P004734,30,Male,30.0,132,76,87,165.0,7.1,202.0,10,3,7,2,4,1,1,1,0,Never,Low,Low,Rehabilitation,1,Private,Emergency,1
P001454,58,Male,29.4,140,84,76,125.0,6.2,140.0,3,1,4,0,1,0,1,0,0,Former,High,Low,Home,1,Medicare,Urgent,0
P005143,57,Female,29.2,105,74,78,113.0,,151.0,0,1,3,0,0,0,0,0,0,Never,None,High,Home,0,Private,Urgent,0
P002706,61,Male,23.6,118,64,72,134.0,4.9,201.0,2,0,4,0,1,0,1,0,0,Never,High,Low,Home,0,Private,Emergency,0
P001837,67,Female,23.2,143,72,106,83.0,5.1,190.0,1,1,3,0,0,0,0,0,0,Former,Low,High,Home,1,Medicare,Urgent,0
P004280,50,Female,27.7,106,68,88,63.0,4.4,190.0,3,1,5,2,1,0,0,1,0,,Moderate,Low,Home,1,Private,Urgent,0
P004813,64,Female,23.6,123,75,90,108.0,5.2,167.0,3,2,6,1,2,0,1,0,0,Former,Low,High,Skilled Nursing Facility,0,Medicaid,Elective,0
P000989,59,Male,34.2,134,93,64,120.0,5.6,264.0,4,0,4,2,1,0,1,0,0,Never,Moderate,High,Home Health Care,1,Private,Emergency,0
P003477,32,Female,22.5,105,58,75,110.0,5.3,233.0,1,1,5,1,0,0,0,0,0,Current,None,Low,Home,0,Private,Emergency,0
P004010,81,Male,25.8,128,77,98,111.0,5.2,236.0,2,1,3,2,2,0,1,1,0,Never,Low,Low,Home Health Care,0,Medicare,Emergency,0
P005976,64,Male,22.1,90,77,47,104.0,5.0,208.0,3,1,5,1,1,0,0,0,0,Former,,Moderate,Home,0,Medicare,Elective,0
P004775,60,Male,24.6,118,64,60,103.0,4.5,186.0,6,2,9,1,1,0,1,0,0,Never,Low,Low,Home,0,Uninsured,Urgent,0
P002626,62,Male,25.5,149,84,92,137.0,5.8,236.0,1,0,4,0,1,0,1,0,0,Former,Moderate,Moderate,Home,1,Medicare,Emergency,0
P005220,73,Female,33.5,120,74,82,79.0,5.1,222.0,4,3,6,1,1,0,0,0,0,Never,Moderate,Low,Home Health Care,0,Uninsured,Urgent,0
P002550,71,Female,33.1,117,71,65,139.0,6.5,171.0,1,2,6,3,1,1,0,0,0,Former,Low,Moderate,Home Health Care,1,Medicare,Elective,0
P003938,71,Male,25.2,141,87,99,142.0,4.8,235.0,6,0,7,0,3,0,1,0,0,Former,None,Low,Home,1,Medicare,Elective,0
P005211,70,Male,26.5,114,67,77,171.0,6.7,240.0,8,0,7,0,5,1,0,1,0,Never,Low,Moderate,Home,1,Medicaid,Urgent,0
P001243,89,Male,37.4,120,79,77,165.0,7.6,267.0,7,1,7,0,3,1,1,1,0,Never,None,Low,Skilled Nursing Facility,1,Private,Emergency,0
P003870,72,Female,27.1,131,68,71,106.0,4.8,178.0,4,1,5,1,2,0,1,0,0,Former,Low,High,Home,0,Medicare,Emergency,0
P005617,62,Male,33.8,145,83,78,60.0,4.1,250.0,9,0,9,0,3,0,1,0,0,Never,,Low,Rehabilitation,1,Private,Emergency,0
P002057,57,Other,25.5,139,71,65,92.0,5.2,197.0,3,1,3,2,2,0,1,0,0,Former,None,Low,Home,1,Private,Urgent,0
P000369,67,Female,34.0,118,81,59,89.0,5.8,149.0,1,1,2,0,0,0,0,0,0,Former,Moderate,Moderate,Home,0,Medicare,Elective,0
P005215,72,Male,34.6,116,77,65,169.0,7.1,226.0,6,1,3,1,2,1,0,0,1,Former,None,Low,Home,1,Medicare,Elective,0
P001913,72,Male,41.3,139,72,63,96.0,4.9,164.0,8,2,5,3,4,0,0,0,0,Former,None,Low,Home,1,Medicare,Urgent,0
P003158,60,Male,21.0,110,76,88,99.0,5.2,134.0,1,0,2,0,0,0,0,0,0,Former,,Moderate,Home,0,Private,Elective,0
P001315,72,Female,30.5,129,68,92,72.0,4.4,247.0,3,1,10,0,1,0,0,1,0,Never,Low,High,Home Health Care,1,Private,Emergency,0
P005738,74,Female,33.5,132,66,76,154.0,7.9,144.0,5,2,5,1,3,1,1,0,0,Current,None,Moderate,Home,1,Medicare,Emergency,0
P005876,81,Male,26.9,119,76,69,109.0,5.0,324.0,2,1,3,2,0,0,0,0,0,Never,Moderate,Moderate,Home,1,Medicare,Urgent,0
P005625,57,Male,24.8,126,88,71,94.0,5.9,267.0,2,1,6,0,1,0,0,0,0,Former,Low,Moderate,Home,0,Private,Emergency,0
P000804,70,Female,25.7,121,86,73,69.0,5.1,166.0,0,1,7,0,1,0,0,0,0,Never,Low,Moderate,Home,0,Private,Emergency,0
P005754,81,Male,26.5,116,69,64,68.0,4.4,131.0,2,2,5,0,1,0,0,0,1,Current,Low,Low,Skilled Nursing Facility,1,Medicare,Emergency,0
P002216,64,Male,16.9,126,76,76,103.0,4.5,142.0,2,0,4,0,0,0,0,0,0,Never,Low,Moderate,Rehabilitation,1,Private,Emergency,0
P002066,61,Male,27.7,155,91,86,128.0,5.1,146.0,5,0,1,1,3,0,1,0,0,Never,Low,Low,Home,1,Uninsured,Emergency,0
P004981,73,Male,39.7,140,73,75,109.0,4.9,190.0,4,4,3,1,3,0,0,1,0,Never,Low,Moderate,Home Health Care,0,Medicaid,Elective,0
P004343,63,Male,37.3,88,69,93,163.0,8.1,252.0,3,0,6,1,2,1,0,0,0,Former,Moderate,Low,Home,1,Private,Emergency,0
P002943,64,Female,28.2,146,76,92,112.0,5.6,202.0,3,1,6,0,1,0,0,0,0,Never,,Moderate,Home,0,Private,Emergency,0
P004129,61,Male,35.1,100,64,81,177.0,7.1,171.0,6,0,3,2,2,1,0,0,1,Never,Moderate,Moderate,Home,1,Medicaid,Elective,0
P003252,63,Female,,133,86,76,122.0,4.9,189.0,1,0,5,0,0,0,0,0,0,Never,None,Low,Other,1,Private,Emergency,0
P005628,18,Male,37.1,102,77,84,96.0,4.9,211.0,5,0,5,0,1,0,0,0,0,,Moderate,High,Home,1,Medicare,Urgent,0
P002798,60,Male,31.0,114,74,108,101.0,4.8,206.0,3,1,5,0,1,0,0,0,0,,Low,Low,Home,1,Private,Urgent,0
P004920,79,Male,37.8,121,92,62,82.0,5.9,192.0,3,3,6,1,4,0,1,1,0,,None,Moderate,Home,0,Uninsured,Elective,0
P001966,71,Male,23.2,133,90,76,106.0,5.1,212.0,1,1,4,1,2,0,0,0,0,Never,Low,Low,Home Health Care,1,Medicare,Emergency,0
P001653,72,Female,16.2,129,81,84,109.0,5.6,210.0,1,0,3,3,1,0,0,1,0,Never,Low,Low,Home,0,Medicare,Urgent,0
P004714,51,Female,30.8,109,70,89,158.0,5.1,218.0,1,0,2,0,0,0,0,0,0,Current,None,Low,Home Health Care,1,Medicaid,Urgent,0
P004764,88,Female,20.5,118,70,83,108.0,5.2,204.0,5,1,4,1,2,0,0,1,0,Former,None,Moderate,Skilled Nursing Facility,1,Medicare,Elective,1
P005962,43,Female,29.6,103,68,92,,5.2,138.0,1,0,9,1,1,0,0,0,0,Never,Low,Moderate,Skilled Nursing Facility,0,Private,Emergency,0
P005348,86,Male,28.3,138,79,81,149.0,7.2,238.0,7,4,4,1,3,1,1,1,0,Never,Low,Moderate,Home Health Care,1,Medicare,Emergency,0
P002858,66,Female,29.7,125,79,67,110.0,5.1,159.0,2,1,8,3,1,0,0,1,0,Never,None,Moderate,Home,1,Private,Emergency,0
P005510,70,Male,28.6,137,82,87,84.0,4.7,193.0,2,3,7,0,1,0,0,1,0,Never,None,Low,Home,1,Medicare,Emergency,0
P001504,69,Male,32.7,177,99,75,141.0,4.5,265.0,7,1,6,1,3,0,1,0,0,Current,Low,Moderate,Home,0,Medicare,Emergency,0
P000035,73,Male,28.9,116,66,65,89.0,5.4,,1,4,7,1,1,0,0,1,0,Former,Moderate,High,Home,1,Medicare,Emergency,0
P001283,34,Male,34.4,114,81,63,108.0,4.6,195.0,1,0,3,0,0,0,0,0,0,Never,Low,Low,Rehabilitation,0,Private,Urgent,0
P000478,47,Male,24.5,145,78,62,119.0,5.9,179.0,1,0,7,0,1,0,1,0,0,Never,Low,High,Home,0,Private,Emergency,0
P003539,77,Male,22.9,146,95,83,102.0,5.8,207.0,2,2,4,0,3,0,1,1,0,,None,Moderate,Home,0,Medicare,Emergency,0
P003497,79,Male,22.1,135,73,73,60.0,5.0,169.0,8,3,5,1,4,0,0,0,1,Never,Low,Low,Rehabilitation,0,Medicare,Urgent,0
P005623,74,Female,28.4,126,77,71,106.0,5.1,194.0,7,3,2,1,2,0,1,1,0,Never,None,Moderate,Other,0,Private,Urgent,0
P002558,77,Male,34.3,120,76,87,176.0,7.5,168.0,0,0,5,1,2,1,0,1,0,Never,None,Low,Skilled Nursing Facility,0,Medicare,Urgent,0
P004480,70,Female,27.9,140,83,77,170.0,8.0,152.0,6,2,1,2,3,1,1,1,0,Former,None,Low,Home,0,Private,Urgent,0
P003311,56,Male,28.2,125,84,81,75.0,6.1,160.0,1,2,5,2,1,0,0,0,0,Never,Moderate,Low,Home,1,Private,Emergency,0
P000603,83,Female,28.0,131,89,70,76.0,5.7,115.0,7,2,5,0,2,0,0,1,1,Current,None,Low,Skilled Nursing Facility,1,Medicare,Elective,0
P000947,69,Female,23.2,145,90,77,93.0,5.1,220.0,3,2,6,0,3,0,1,0,0,Never,Moderate,Moderate,Home,1,Medicare,Emergency,0
P001508,63,Female,23.9,151,81,73,101.0,5.1,181.0,2,1,6,0,1,0,1,0,0,Never,Low,Low,Home Health Care,1,Uninsured,Emergency,0
P002395,51,Male,25.9,102,61,66,98.0,5.8,167.0,6,2,3,0,1,0,0,0,0,Current,Low,Moderate,Skilled Nursing Facility,1,Private,Emergency,0
P003234,77,Male,28.1,146,86,88,189.0,7.2,185.0,6,1,8,1,3,1,1,1,0,Former,None,Moderate,Rehabilitation,0,Medicare,Urgent,1
P004429,61,Male,32.6,136,69,65,110.0,,246.0,1,1,5,0,2,0,0,1,0,Current,None,Moderate,Home,0,Uninsured,Emergency,1
P002505,82,Female,31.5,128,77,85,106.0,,161.0,4,3,6,3,1,0,0,0,0,Never,None,Low,Home,1,Medicare,Emergency,0
P001305,60,Female,29.3,117,80,71,95.0,4.6,185.0,5,0,4,0,1,0,1,0,0,Current,Low,High,Home,0,Private,Emergency,0
P004660,50,Female,32.1,104,57,90,163.0,6.6,218.0,9,1,8,0,3,1,0,1,0,Never,Low,Moderate,Home,1,Medicaid,Emergency,0
P003647,85,Male,27.1,130,74,70,113.0,6.0,164.0,2,3,8,1,2,0,1,1,0,Never,Moderate,Moderate,Home Health Care,1,Medicare,Elective,0
P004266,57,Female,34.3,142,86,79,140.0,5.2,271.0,3,1,4,2,2,0,1,0,0,Former,Moderate,Moderate,Home Health Care,1,Private,Urgent,0
P001661,100,Female,37.3,127,80,91,167.0,7.1,260.0,6,1,2,1,4,1,0,0,0,Never,None,Low,Home,1,Medicare,Elective,0
P002604,67,Female,,129,78,75,108.0,4.8,164.0,4,0,2,1,2,0,0,0,0,Former,None,High,Home,1,Medicare,Urgent,0
P002264,61,Female,24.8,110,73,68,111.0,4.3,192.0,2,0,2,0,0,0,0,0,0,Current,None,Low,Home Health Care,1,Uninsured,Elective,0
P000946,59,Male,33.1,117,68,50,77.0,5.6,307.0,6,0,5,0,1,0,0,0,0,Former,High,Low,Home Health Care,1,Uninsured,Emergency,0
P002332,41,Female,32.2,113,77,93,113.0,6.0,144.0,0,0,4,0,1,0,0,0,0,Never,None,Moderate,Skilled Nursing Facility,0,Private,Emergency,0
P003366,45,Female,,104,58,69,220.0,7.6,172.0,7,1,7,3,3,1,0,0,1,Current,None,Moderate,Home,1,Private,Elective,0
P005423,61,Female,27.5,130,86,95,71.0,5.4,206.0,5,1,4,1,0,0,0,0,0,Current,Low,Low,Home Health Care,0,Medicaid,Urgent,0
P000337,54,Male,20.2,109,77,86,97.0,4.9,170.0,4,2,2,1,1,0,0,0,0,Former,None,Moderate,Home,0,Medicaid,Urgent,0
P001507,32,Male,16.5,127,81,69,115.0,5.1,267.0,0,0,7,2,2,0,0,0,0,Former,High,Low,Home,1,Uninsured,Elective,0
P005466,71,Male,21.9,123,81,82,119.0,5.5,238.0,3,3,7,4,3,0,1,1,0,Current,Moderate,Low,Home,0,Medicare,Emergency,1
P005288,53,Female,25.7,161,88,94,123.0,4.7,269.0,2,1,4,0,1,0,0,0,0,Never,None,High,Home,1,Medicaid,Elective,0
P005105,65,Female,20.7,121,75,68,60.0,4.7,194.0,0,2,2,1,0,0,0,0,0,Never,Moderate,Moderate,Skilled Nursing Facility,1,Medicare,Elective,0
P000954,47,Male,29.9,144,84,92,,5.4,209.0,7,1,11,1,3,0,1,0,0,Never,Low,Moderate,Home,0,Medicaid,Emergency,0
P002907,81,Female,31.2,158,93,67,187.0,8.0,112.0,2,2,4,2,1,1,0,0,0,Current,None,High,Rehabilitation,0,Medicare,Urgent,0
P005837,78,Male,25.0,119,73,91,117.0,5.4,199.0,4,1,6,2,2,0,1,1,0,Former,Low,Moderate,Rehabilitation,1,Uninsured,Emergency,0
P003176,38,Female,,142,95,102,94.0,5.3,110.0,2,2,6,1,1,0,0,0,0,Current,None,Low,Rehabilitation,0,Medicaid,Emergency,0
P000865,54,Female,28.3,102,67,76,60.0,5.8,193.0,2,0,5,1,1,0,0,0,0,Never,None,High,Home,0,Medicaid,Emergency,0
P000684,56,Female,24.0,148,74,71,136.0,5.5,225.0,4,0,3,1,1,0,1,0,0,Former,High,Moderate,Home,0,Private,Emergency,0
P000857,69,Female,25.8,148,82,69,110.0,4.8,187.0,4,2,4,1,3,0,1,1,0,Never,None,High,Home,0,Medicare,Elective,1
P000161,50,Male,34.4,128,80,81,71.0,4.7,220.0,3,0,3,0,1,0,1,0,0,Current,None,High,Home,1,Private,Urgent,0
P002467,57,Female,27.9,119,57,82,104.0,5.5,236.0,7,0,5,0,2,0,0,1,1,Never,None,High,Home,0,Uninsured,Emergency,0
P000663,50,Female,27.9,126,79,69,81.0,5.1,130.0,6,1,4,1,1,0,0,0,0,Current,Low,Moderate,Rehabilitation,0,Medicaid,Urgent,0
P004653,70,Male,22.1,123,74,69,125.0,5.8,230.0,4,1,9,0,0,0,0,0,0,Never,Low,Low,Home,0,Medicare,Emergency,0
P001659,75,Female,35.6,148,86,80,,5.5,233.0,2,1,8,0,1,0,0,0,1,Former,High,Low,Home,1,Medicare,Elective,0
P004704,68,Female,29.0,125,67,92,73.0,5.2,162.0,10,2,7,4,4,0,0,0,0,Never,None,Low,Home Health Care,0,Medicare,Elective,1
P000432,71,Male,29.2,122,72,70,137.0,5.6,203.0,5,0,4,1,1,0,0,0,0,Never,Low,Moderate,Home,1,Medicare,Emergency,0
P003829,68,Male,,142,99,88,100.0,4.9,266.0,9,4,4,2,4,0,1,0,0,Never,None,Low,Home,1,Medicare,Elective,0
P004728,48,Female,22.5,121,77,85,139.0,6.5,204.0,5,1,5,0,2,0,0,0,0,Current,None,Moderate,Home,1,Private,Emergency,0
P005031,81,Female,37.6,123,63,88,191.0,8.3,253.0,7,0,5,2,3,1,0,1,0,Former,Low,Low,Home,1,Private,Elective,0
P005689,73,Male,27.4,132,85,93,116.0,5.3,200.0,9,3,8,0,5,0,0,1,0,Never,Moderate,Low,Home,0,Medicare,Emergency,1
P002611,39,Male,30.4,102,62,64,99.0,5.8,152.0,3,0,5,0,1,0,0,0,0,Current,None,Moderate,Home,1,Uninsured,Elective,0
P003506,89,Female,26.3,156,98,80,94.0,5.7,,1,1,5,1,1,0,0,0,0,Former,Moderate,Moderate,Rehabilitation,1,Medicare,Emergency,0
P000769,45,Female,38.8,135,80,63,82.0,5.4,230.0,1,0,5,1,0,0,0,0,0,Never,Low,High,Home,1,Medicaid,Elective,0
P002398,61,Male,27.9,139,76,83,95.0,4.9,214.0,4,0,6,0,1,0,1,0,0,Never,None,Moderate,Home,0,Uninsured,Emergency,0
P001843,77,Female,40.1,120,74,95,140.0,6.9,164.0,7,1,5,2,2,1,0,0,1,Never,None,High,Home,0,Medicare,Emergency,0
P005855,51,Female,25.3,144,86,83,111.0,5.7,208.0,1,2,6,4,2,0,1,1,0,Never,None,High,Rehabilitation,0,Uninsured,Urgent,1
P000686,57,Female,26.6,110,75,83,140.0,5.3,234.0,3,0,5,0,0,0,0,0,0,Former,None,Moderate,Home,0,Private,Emergency,0
P004030,67,Male,23.2,128,67,78,76.0,4.9,188.0,7,1,3,1,2,0,1,0,0,Never,None,Low,Home,1,Medicare,Emergency,1
P005456,73,Female,26.3,132,71,87,166.0,7.3,218.0,3,0,3,1,1,1,0,0,0,Former,Moderate,High,Home,1,Medicare,Emergency,0
P000372,84,Female,25.7,152,80,66,184.0,7.6,194.0,6,2,6,1,4,1,1,1,0,Former,Low,Moderate,Rehabilitation,0,Medicare,Elective,0
P001907,64,Female,,146,86,88,139.0,6.9,151.0,7,1,7,2,3,1,1,0,0,Never,Low,Moderate,Home,1,Private,Urgent,0
P003743,38,Female,24.7,158,84,76,127.0,5.5,235.0,5,2,6,1,3,0,1,0,0,Never,Low,Low,Home,1,Medicaid,Elective,0
P005129,68,Male,35.8,144,71,87,119.0,5.4,239.0,4,1,4,2,2,0,1,1,0,Never,None,Moderate,Home,1,Medicare,Emergency,0
P000011,77,Male,39.6,120,77,95,94.0,5.1,158.0,4,3,1,0,1,0,0,0,0,Former,Low,Low,Skilled Nursing Facility,1,Medicare,Urgent,0
P001645,42,Male,26.7,128,92,72,76.0,4.8,199.0,1,1,5,0,1,0,0,0,0,Never,,Moderate,Home,1,Private,Urgent,0
P000659,82,Male,,158,92,78,177.0,7.1,231.0,4,4,11,1,3,1,1,1,0,Current,Low,Low,Home,1,Medicare,Emergency,0
P000547,67,Male,27.5,131,78,77,99.0,5.8,150.0,4,1,1,0,0,0,0,0,0,Never,None,Moderate,Skilled Nursing Facility,0,Private,Emergency,0
P004861,40,Male,26.4,120,65,82,126.0,6.2,250.0,3,1,5,0,1,0,0,0,0,Current,None,Moderate,Home,1,Medicaid,Elective,0
P005125,56,Male,38.7,103,71,63,131.0,5.6,198.0,3,0,2,1,0,0,0,0,0,Former,Low,Moderate,Home,1,Medicaid,Emergency,0
P002906,65,Male,24.2,121,79,77,97.0,5.4,131.0,4,0,5,0,2,0,1,0,0,Never,Low,Moderate,Home,1,Medicare,Emergency,0
P002185,38,Male,24.6,128,76,88,79.0,5.3,170.0,4,2,3,0,1,0,1,0,0,Never,None,Low,Rehabilitation,1,Private,Emergency,0
P001821,32,Female,31.0,110,71,94,96.0,5.1,230.0,2,0,6,1,1,0,0,0,0,Current,High,Low,Skilled Nursing Facility,1,Private,Emergency,0
P002784,80,Male,27.1,119,73,90,193.0,7.1,136.0,6,2,6,1,3,1,1,0,0,Never,Low,Low,Skilled Nursing Facility,1,Medicaid,Emergency,1
P005310,75,Female,18.6,110,77,93,91.0,5.5,213.0,5,1,9,1,2,0,0,1,0,Former,None,Moderate,Home Health Care,0,Medicare,Emergency,1
P003980,76,Male,32.7,129,89,95,87.0,4.8,166.0,3,0,5,0,0,0,0,0,0,Current,High,High,Home Health Care,1,Medicare,Emergency,0
P003436,72,Female,16.3,145,86,75,102.0,5.3,129.0,2,3,7,1,2,0,1,0,0,Never,Low,Low,Skilled Nursing Facility,0,Medicare,Emergency,0
P001522,23,Female,34.9,108,76,76,117.0,4.0,,4,0,3,0,0,0,0,0,0,Current,Low,Moderate,Home,0,Medicaid,Urgent,0
P001814,64,Male,25.7,139,94,84,89.0,,246.0,4,3,8,0,4,0,1,1,1,Current,None,High,Rehabilitation,1,Medicaid,Urgent,0
P001222,83,Male,20.2,133,76,96,,4.7,267.0,4,1,5,1,2,0,0,1,0,Never,None,Moderate,Skilled Nursing Facility,1,Medicare,Elective,0
P004335,73,Female,15.8,118,65,84,,5.0,230.0,6,0,6,1,3,0,1,0,0,Former,High,Low,Home Health Care,0,Medicare,Elective,1
P000456,66,Male,23.2,154,89,105,161.0,7.2,181.0,10,0,7,0,5,1,1,1,1,Former,None,High,Home,1,Private,Elective,1
P001446,68,Male,33.1,146,83,75,173.0,7.9,206.0,5,0,5,0,2,1,1,0,0,Never,Low,Moderate,Home,1,Medicare,Emergency,0
P002650,100,Female,25.3,172,92,82,69.0,5.1,212.0,5,0,5,0,2,0,1,1,0,Never,None,Low,Skilled Nursing Facility,1,Private,Elective,0
P000181,84,Male,30.5,130,76,95,107.0,5.5,201.0,8,0,3,3,3,0,1,1,0,Never,None,Low,Skilled Nursing Facility,1,Medicare,Elective,0
P000541,39,Male,31.8,103,67,72,112.0,5.2,171.0,3,0,9,0,4,0,0,0,0,Current,Low,Moderate,Rehabilitation,1,Medicaid,Emergency,0
P004925,43,Male,55.6,107,66,94,115.0,5.9,166.0,7,3,3,1,2,0,1,0,0,Never,None,Low,Home Health Care,0,Private,Urgent,0
P004732,60,Male,33.0,149,90,95,156.0,4.8,239.0,4,0,7,0,2,0,1,0,0,Current,Moderate,Moderate,Home,1,Private,Emergency,0
P002074,60,Male,33.4,128,83,72,149.0,7.6,216.0,8,1,4,1,3,1,1,0,0,Never,,High,Home,1,Medicaid,Elective,0
P000364,48,Female,27.7,135,86,91,93.0,5.5,169.0,2,0,5,0,1,0,0,0,0,Current,Moderate,Moderate,Home,0,Medicaid,Emergency,0
P000320,46,Female,31.8,113,74,94,210.0,7.2,198.0,1,3,8,0,2,1,0,1,0,Never,Moderate,Moderate,Home,1,Private,Emergency,0
P005534,66,Female,32.5,137,85,79,190.0,6.8,214.0,10,3,6,4,5,1,1,1,1,Former,None,Low,Home,0,Medicare,Elective,1
P002527,63,Male,27.7,142,88,71,78.0,5.4,141.0,6,2,9,2,2,0,1,0,0,Never,None,Low,Home,1,Medicaid,Emergency,0
P004143,68,Female,21.3,131,77,80,,6.2,153.0,4,2,6,2,1,0,0,0,0,Former,None,Moderate,Rehabilitation,0,Medicare,Urgent,0
P003152,50,Male,37.1,147,90,57,166.0,6.3,179.0,5,2,8,2,4,1,1,0,1,Current,Low,Low,Home,0,Private,Urgent,1
P001777,44,Male,24.7,133,82,86,129.0,5.3,206.0,2,2,4,0,1,0,0,0,0,Never,None,Moderate,Other,0,Private,Urgent,0
P003820,59,Male,21.7,128,82,109,129.0,5.4,228.0,5,1,8,0,2,0,0,0,0,Never,Moderate,Moderate,Home,1,Private,Emergency,0
P005259,42,Male,23.9,134,79,82,85.0,4.9,135.0,2,0,4,1,1,0,1,0,0,Never,Moderate,Low,Home Health Care,1,Private,Urgent,0
P002941,89,Male,31.2,107,61,75,182.0,8.3,226.0,6,0,8,2,3,1,0,0,1,Never,Moderate,High,Home,0,Private,Emergency,1
P005708,70,Male,35.3,117,82,83,96.0,5.0,259.0,3,0,3,1,1,0,1,0,0,Current,Moderate,Moderate,Home,0,Uninsured,Emergency,0
P004362,69,Female,25.5,158,79,87,193.0,8.2,191.0,4,3,6,1,5,1,1,0,0,Former,Moderate,Low,Home,1,Medicare,Emergency,1
P004502,80,Female,41.2,152,84,66,182.0,8.3,188.0,1,0,8,2,2,1,1,0,0,Never,Low,Moderate,Skilled Nursing Facility,1,Medicare,Emergency,1
P005933,60,Other,24.8,137,72,77,200.0,7.7,227.0,7,1,5,0,1,1,0,0,0,Never,Low,High,Home,1,Medicaid,Emergency,0
P001073,61,Female,27.6,126,65,75,93.0,5.6,193.0,7,3,9,1,2,0,0,0,0,Never,Moderate,Moderate,Home,1,Medicare,Urgent,0
P003505,66,Male,31.7,145,85,103,60.0,5.3,149.0,5,0,8,0,3,0,0,1,0,Former,Low,Low,Rehabilitation,1,Medicare,Emergency,0
P001074,40,Male,31.6,134,89,74,127.0,5.2,214.0,6,1,6,0,2,0,1,0,0,Former,None,Moderate,Home,0,Medicare,Urgent,0
P003830,47,Female,24.8,128,78,91,96.0,5.1,165.0,2,0,2,1,1,0,1,0,0,Former,None,Moderate,Home,1,Medicaid,Elective,0
P002272,48,Female,30.2,126,78,72,92.0,,220.0,2,1,4,0,1,0,0,0,0,Never,,Moderate,Home,1,Medicaid,Urgent,1
P003342,75,Female,18.0,148,84,74,130.0,5.4,,5,1,4,1,1,0,1,0,0,Never,Moderate,Moderate,Rehabilitation,1,Medicare,Emergency,0
P005727,38,Female,32.9,107,88,106,86.0,5.1,226.0,3,1,5,2,2,0,1,0,0,,Moderate,High,Home,0,Private,Elective,0
P002709,69,Female,30.7,135,98,73,79.0,4.7,215.0,3,2,10,1,2,0,1,0,0,Never,None,Moderate,Rehabilitation,1,Medicare,Urgent,0
P000150,66,Male,27.3,93,65,78,89.0,5.3,186.0,6,0,5,0,2,0,0,1,0,Former,Low,Moderate,Home,1,Medicare,Emergency,1
P005579,51,Male,24.8,125,83,66,127.0,6.2,158.0,4,1,5,1,0,0,0,0,0,Current,High,Moderate,Rehabilitation,1,Private,Emergency,0
P001481,71,Male,20.3,137,89,89,80.0,4.8,159.0,1,0,7,1,1,0,1,0,0,Former,,High,Home,1,Medicare,Emergency,0
P005624,39,Male,27.4,104,77,75,99.0,5.0,172.0,2,0,5,0,0,0,0,0,0,Never,Low,Low,Home,1,Private,Emergency,0
P002670,54,Female,35.8,139,79,70,438.0,5.2,215.0,3,0,3,0,1,0,1,0,0,Never,None,High,Rehabilitation,1,Medicaid,Elective,0
P004577,51,Male,27.0,131,84,80,163.0,6.0,199.0,4,2,9,1,3,0,1,1,1,Never,Low,Low,Home,1,Medicare,Emergency,1
P003583,65,Male,24.7,137,92,88,136.0,5.2,238.0,4,0,6,1,2,0,1,0,0,Never,Low,Low,Rehabilitation,1,Medicaid,Emergency,0
P004198,39,Male,19.7,107,57,74,99.0,5.0,226.0,2,0,4,0,1,0,0,0,0,Former,,Moderate,Other,1,Private,Emergency,0
P003101,49,Female,23.8,117,65,80,199.0,8.0,151.0,2,0,6,4,1,1,0,0,0,Never,Moderate,Moderate,Home,1,Private,Emergency,0
P005393,40,Male,30.9,107,76,46,108.0,5.5,171.0,1,0,4,0,0,0,0,0,0,Never,None,High,Home Health Care,1,Medicaid,Emergency,0
P000024,62,Male,29.7,124,70,74,148.0,7.8,262.0,10,2,4,0,3,1,0,1,0,Former,Low,Moderate,Home Health Care,0,Private,Emergency,0
P000952,71,Male,30.7,125,83,95,,6.5,247.0,7,1,9,1,3,1,1,0,0,Current,None,Low,Home,0,Medicare,Urgent,1
P005844,71,Female,32.2,145,91,89,91.0,5.0,233.0,7,3,7,2,3,0,1,0,0,Former,Low,Low,Home,1,Medicare,Elective,0
P001929,77,Male,30.2,134,80,64,83.0,,256.0,3,1,2,1,0,0,0,0,0,Never,Low,Low,Home Health Care,1,Medicare,Elective,0
P005283,49,Male,41.1,135,85,75,69.0,5.7,145.0,0,2,9,3,2,0,1,0,0,Former,None,Moderate,Home,1,Medicare,Urgent,1
P003378,60,Male,35.4,118,71,78,116.0,5.6,226.0,4,2,4,1,3,0,0,0,0,Never,Low,Moderate,Home,1,Medicare,Elective,0
P003524,40,Female,31.4,138,73,97,149.0,,216.0,4,1,4,3,3,0,0,0,1,Current,Low,High,Rehabilitation,0,Private,Urgent,1
P004691,81,Male,38.7,129,78,66,149.0,7.6,143.0,7,2,3,1,2,1,1,0,0,Former,None,Low,Skilled Nursing Facility,1,Medicare,Emergency,1
P002413,38,Female,31.4,128,79,79,90.0,5.3,153.0,4,2,3,2,1,0,0,0,0,Current,None,Low,Home,0,Uninsured,Urgent,0
P004412,62,Male,34.1,131,72,72,191.0,8.1,220.0,3,1,4,1,1,1,0,0,0,Never,None,Moderate,Home Health Care,1,Private,Elective,0
P000961,88,Male,20.9,134,77,73,205.0,7.7,243.0,4,4,8,2,4,1,0,1,0,Never,None,Moderate,Home,1,Medicare,Urgent,0
P002950,82,Male,20.1,149,78,97,111.0,5.4,197.0,4,3,2,3,3,0,1,1,0,Never,None,High,Home,1,Medicare,Urgent,1
P004736,64,Male,27.6,138,81,67,101.0,4.2,197.0,3,0,5,0,2,0,0,0,0,Never,None,High,Home,0,Private,Urgent,0
P002640,55,Female,30.0,132,80,90,109.0,6.4,134.0,3,0,4,0,3,0,1,0,0,Former,Moderate,Low,Home,1,Private,Emergency,0
P002545,63,Female,32.3,146,83,72,118.0,5.5,248.0,1,0,5,2,0,0,0,0,0,Current,None,Moderate,Other,1,Private,Emergency,0
P002856,88,Female,34.2,131,82,47,134.0,5.1,186.0,1,0,7,0,0,0,0,0,0,Never,High,Low,Home,1,Medicare,Emergency,0
P001440,81,Female,40.1,142,92,77,143.0,7.5,235.0,1,2,8,3,2,1,1,0,0,Former,High,Low,Home Health Care,1,Medicare,Emergency,0
P001278,88,Male,21.5,141,104,80,103.0,5.5,129.0,7,2,10,0,5,0,1,1,0,Former,Moderate,Low,Rehabilitation,1,Medicare,Emergency,0
P004489,70,Female,27.0,133,72,87,121.0,5.4,177.0,1,1,5,0,1,0,0,1,0,Never,Moderate,Low,Home Health Care,1,Medicare,Emergency,0
P000968,53,Female,18.2,117,75,83,85.0,5.7,176.0,0,0,6,0,0,0,0,0,0,Never,None,Moderate,Home,1,Medicaid,Urgent,0
P003609,76,Male,30.7,125,70,76,125.0,4.9,279.0,2,0,3,0,1,0,1,0,0,Never,Low,High,Home,0,Medicare,Emergency,0
P003828,67,Other,23.5,124,82,91,98.0,4.6,192.0,4,0,2,0,1,0,0,0,0,Never,None,High,Home,0,Medicare,Urgent,0
P002963,69,Male,25.2,120,70,79,82.0,5.2,158.0,0,0,2,0,0,0,0,0,0,Former,Moderate,High,Home,1,Private,Urgent,0
P005848,86,Female,37.3,109,67,98,60.0,5.9,183.0,6,0,12,0,3,0,0,0,0,Never,High,Low,Skilled Nursing Facility,1,Medicare,Emergency,1
P005184,100,Female,27.7,148,97,77,122.0,4.9,221.0,3,3,7,1,4,0,1,1,1,Former,High,Low,Home Health Care,0,Medicare,Emergency,1
P000637,61,Male,28.4,98,64,92,202.0,7.5,208.0,2,3,13,2,4,1,0,1,0,Never,None,Low,Rehabilitation,1,Private,Emergency,1
P000627,58,Female,28.1,135,90,90,113.0,5.2,201.0,1,0,6,0,1,0,0,0,0,Former,High,Low,Home,1,Private,Emergency,0
P000475,73,Male,27.5,118,72,64,127.0,4.9,139.0,3,2,3,0,1,0,0,0,0,Never,None,Low,Home,1,Medicare,Urgent,0
P001344,56,Male,35.4,148,96,54,165.0,7.9,145.0,7,2,4,0,3,1,1,0,0,Current,Low,Low,Home,0,Uninsured,Urgent,0
P005914,62,Male,31.8,132,83,56,113.0,5.4,223.0,3,0,7,1,2,0,0,0,0,Never,Moderate,Moderate,Home,1,Private,Elective,0
P005029,76,Female,25.3,134,93,94,74.0,5.0,173.0,9,0,5,1,1,0,0,0,0,Never,Low,Moderate,Home,1,Medicare,Elective,0
P001554,59,Male,22.7,114,75,81,136.0,7.3,185.0,6,1,6,0,2,1,0,0,0,Former,Low,High,Home,0,Uninsured,Elective,0
P000816,69,Male,22.2,121,65,81,109.0,6.3,213.0,3,1,7,0,2,0,0,1,1,Former,None,Low,Home,1,Medicare,Emergency,0
P000790,62,Female,26.9,115,69,69,105.0,4.3,193.0,6,2,4,2,2,0,0,0,0,Former,Low,Moderate,Home,1,Medicaid,Urgent,0
P002718,66,Female,26.5,155,81,73,140.0,5.1,199.0,5,1,4,4,4,0,1,1,1,Never,High,Moderate,Home,1,Medicare,Emergency,0
P000034,52,Male,25.7,116,80,80,84.0,4.5,200.0,1,0,4,1,0,0,0,0,0,Never,,Low,Home,1,Private,Emergency,0
P000715,61,Male,27.0,104,85,76,244.0,7.9,207.0,4,1,5,2,2,1,0,1,0,Never,None,High,Home,1,Private,Urgent,0
P004503,44,Female,28.4,139,80,75,98.0,,132.0,3,1,4,1,2,0,1,0,0,Former,Low,Moderate,Home,0,Private,Emergency,0
P004032,57,Male,23.3,140,89,97,145.0,6.0,229.0,3,2,7,1,3,0,1,0,0,Current,High,High,Home,0,Private,Emergency,0
P003885,53,Female,31.6,126,82,76,84.0,4.9,250.0,1,0,5,0,0,0,0,0,0,Former,Moderate,Low,Home,1,Private,Urgent,0
P000097,44,Male,29.4,116,66,71,168.0,7.0,242.0,6,1,7,3,3,1,0,0,1,Never,None,Moderate,Home Health Care,0,Medicaid,Elective,0
P001332,48,Female,24.7,124,77,84,,5.3,181.0,4,1,4,2,2,0,0,0,0,Former,Low,Moderate,Home Health Care,0,Uninsured,Urgent,0
P005367,56,Other,34.0,125,80,88,172.0,7.9,198.0,5,0,4,0,1,1,0,0,0,Never,None,Moderate,Home,1,Private,Urgent,0
P004322,66,Male,27.6,98,86,105,140.0,4.9,198.0,1,0,7,0,2,0,0,1,1,Former,Moderate,Moderate,Home,0,Private,Emergency,1
P001499,75,Female,19.1,136,77,86,95.0,5.8,222.0,5,0,6,1,1,0,0,0,0,Never,None,Moderate,Skilled Nursing Facility,0,Private,Emergency,0
P001340,61,Male,26.4,148,80,74,63.0,5.0,150.0,4,0,5,1,1,0,0,0,0,Current,Low,Low,Home,0,Uninsured,Elective,0
P004057,77,Female,27.9,142,90,72,125.0,5.1,,3,2,6,0,2,0,0,0,0,Former,Low,High,Home,1,Medicaid,Elective,0
P000811,61,Male,31.1,135,72,85,239.0,7.8,191.0,8,1,8,6,4,1,1,0,0,Never,Moderate,Low,Home,1,Private,Emergency,1
P003270,52,Female,34.6,138,80,77,,4.9,165.0,5,0,3,0,3,0,1,0,1,Former,None,Low,Home,1,Medicaid,Elective,0
P003327,73,Male,27.2,110,74,53,126.0,5.5,243.0,4,2,2,1,1,0,0,0,0,Current,Moderate,Moderate,Home Health Care,1,Private,Emergency,0
P005895,64,Female,27.6,122,70,90,82.0,5.2,154.0,0,0,7,2,0,0,0,0,0,Never,Low,High,Home,0,Private,Emergency,0
P002060,48,Male,30.5,134,73,55,115.0,5.8,212.0,5,0,5,1,1,0,0,0,0,Current,Moderate,Moderate,Home,0,Uninsured,Elective,0
P001335,70,Female,24.3,131,74,66,122.0,5.1,175.0,1,1,3,0,1,0,1,0,0,Never,Low,High,Home,1,Medicare,Emergency,0
P002556,58,Male,27.2,105,71,55,85.0,5.3,205.0,3,1,9,0,0,0,0,0,0,Never,Low,Moderate,Home,0,Medicaid,Emergency,0
P004440,50,Male,20.2,109,71,96,89.0,5.4,186.0,2,0,3,0,0,0,0,0,0,Current,Low,Low,Home Health Care,1,Private,Emergency,0
P000893,58,Female,25.1,118,89,79,151.0,4.7,217.0,0,0,5,0,0,0,0,0,0,Never,Low,High,Home Health Care,1,Private,Emergency,0
P004174,53,Female,23.5,130,72,84,106.0,4.6,174.0,2,1,6,0,1,0,0,0,0,Never,None,Low,Home,0,Private,Emergency,0
P004674,66,Male,21.0,139,92,88,79.0,4.6,228.0,2,3,7,1,1,0,1,0,0,Former,Low,Low,Home,1,Medicare,Emergency,0
P005127,71,Male,20.6,105,61,83,,7.9,216.0,7,0,3,3,3,1,0,1,0,Never,Moderate,Moderate,Rehabilitation,0,Medicare,Urgent,0
P000931,64,Male,28.0,145,87,88,189.0,5.2,141.0,5,1,7,0,3,0,1,0,0,Never,Low,Moderate,Home,0,Medicare,Urgent,0
P002436,50,Female,27.8,107,72,89,118.0,5.6,196.0,2,0,9,0,1,0,0,0,0,Never,Moderate,Low,Home,0,Private,Emergency,0
P003027,75,Female,30.5,146,80,81,110.0,,174.0,3,1,3,1,1,0,0,0,0,Never,Moderate,Moderate,Skilled Nursing Facility,1,Medicare,Emergency,0
P003222,65,Female,33.5,99,67,72,66.0,4.5,204.0,4,0,3,1,1,0,0,0,1,Never,Low,Low,Home,1,Medicare,Emergency,0
P005998,88,Female,18.5,157,91,81,146.0,5.5,147.0,3,0,5,3,2,0,1,1,0,Never,Moderate,Low,Home Health Care,0,Medicare,Emergency,0
P001781,76,Male,,136,79,81,186.0,8.1,189.0,6,2,5,2,4,1,1,1,0,Former,Moderate,Moderate,Rehabilitation,1,Private,Elective,1
P003715,52,Female,35.6,120,68,84,129.0,5.2,177.0,4,1,5,2,1,0,0,0,0,Former,Low,Moderate,Rehabilitation,1,Private,Urgent,0
P005804,81,Female,35.2,119,76,74,122.0,8.3,169.0,5,1,5,0,3,1,0,1,0,Former,Low,Moderate,Home,0,Private,Emergency,0
P000843,90,Male,37.4,101,76,71,99.0,5.3,236.0,1,1,5,2,0,0,0,0,0,Never,Low,Moderate,Home,0,Medicare,Urgent,0
P005677,39,Male,27.2,89,68,52,174.0,,234.0,1,1,3,2,1,1,0,0,0,Current,None,Moderate,Home Health Care,1,Private,Urgent,1
P003025,61,Male,29.8,103,63,68,87.0,5.2,150.0,2,2,5,1,1,0,0,1,0,Never,None,Moderate,Home Health Care,1,Medicaid,Elective,0
P005972,67,Male,28.7,108,45,85,131.0,5.2,241.0,3,1,4,1,3,0,0,0,1,Never,None,Moderate,Home,1,Private,Urgent,0
P003076,51,Female,23.6,138,86,111,84.0,4.6,243.0,6,1,5,0,1,0,0,1,0,Never,None,Low,Home,0,Medicaid,Elective,0
P001850,74,Male,30.2,142,93,71,,5.1,209.0,5,2,4,1,3,0,1,0,1,Former,Low,Moderate,Other,1,Private,Emergency,0
P000672,68,Female,34.4,144,75,94,162.0,6.1,216.0,7,1,6,3,3,0,1,0,0,Former,Moderate,Moderate,Home,1,Medicare,Emergency,0
P000155,63,Female,18.7,121,82,74,,4.8,200.0,2,1,5,1,0,0,0,0,0,Never,None,Low,Home,0,Private,Urgent,0
P001271,87,Female,29.0,127,86,88,128.0,5.1,253.0,7,2,4,4,5,0,1,1,1,Never,Moderate,Low,Home,1,Medicare,Elective,1
P004034,73,Male,27.5,116,73,81,61.0,4.8,199.0,7,2,4,2,1,0,0,0,0,Never,None,Moderate,Home,0,Private,Urgent,0
P004026,50,Female,35.0,115,80,92,82.0,4.9,200.0,2,3,2,1,0,0,0,0,0,Former,Low,Low,Home Health Care,1,Medicaid,Emergency,0
P004717,77,Female,37.8,119,78,88,180.0,6.9,200.0,8,1,3,0,3,1,1,0,0,Current,Low,High,Home,0,Medicaid,Elective,0
P001248,37,Male,23.7,119,76,80,112.0,4.8,220.0,1,0,3,0,0,0,0,0,0,Never,None,High,Home,1,Private,Elective,0
P004178,69,Male,19.4,155,77,62,95.0,5.0,211.0,1,0,3,0,1,0,1,0,0,Never,Low,Moderate,Home,0,Medicare,Emergency,0
P005818,60,Female,27.9,122,71,88,80.0,5.0,212.0,3,2,4,1,0,0,0,0,0,Former,None,Moderate,Home,0,Private,Emergency,1
P003225,68,Female,26.0,141,67,66,124.0,4.8,187.0,1,0,4,0,0,0,0,0,0,Never,Low,High,Home,0,Medicare,Urgent,0
P003480,64,Female,20.6,107,70,61,84.0,5.2,203.0,3,1,6,1,0,0,0,0,0,Never,None,Low,Skilled Nursing Facility,1,Medicare,Emergency,0
P004079,58,Female,34.1,105,57,84,211.0,7.3,238.0,2,0,5,0,3,1,0,0,0,Former,Low,Moderate,Home,1,Private,Emergency,0
P003902,74,Female,23.5,120,88,103,99.0,5.0,177.0,9,3,10,2,5,0,1,0,1,Current,None,Moderate,Rehabilitation,1,Private,Emergency,1
P002375,59,Male,26.7,132,78,87,84.0,4.7,270.0,2,0,1,0,1,0,1,0,0,Former,Low,High,Home,1,Private,Urgent,0
P004068,63,Male,42.5,132,87,78,186.0,7.1,154.0,4,3,12,0,3,1,0,0,0,Former,Low,Moderate,Home,1,Private,Emergency,0
P005245,80,Male,23.4,141,74,67,148.0,7.3,211.0,9,1,4,0,3,1,0,1,1,Never,High,Low,Rehabilitation,1,Medicare,Emergency,0
P005847,78,Male,25.3,137,72,70,74.0,4.2,197.0,0,0,6,0,1,0,0,0,1,Never,High,Low,Home Health Care,0,Medicare,Emergency,0
P004201,52,Female,29.3,132,94,98,102.0,5.9,217.0,1,0,2,1,0,0,0,0,0,Never,High,Moderate,Home,1,Medicaid,Elective,0
P003731,53,Male,22.0,113,75,89,91.0,5.0,159.0,0,0,4,0,0,0,0,0,0,Former,None,Moderate,Rehabilitation,1,Private,Elective,0
P005926,50,Female,27.4,154,91,77,163.0,7.3,216.0,4,3,2,5,3,1,1,0,1,Never,Moderate,High,Other,1,Private,Elective,1
P004399,49,Female,22.5,126,79,73,77.0,5.0,192.0,2,0,5,0,0,0,0,0,0,,,Low,Home,1,Private,Emergency,0
P002774,62,Female,23.2,141,78,95,119.0,4.7,189.0,1,2,2,0,0,0,0,0,0,Former,Low,Low,Home,1,Medicaid,Emergency,0
P005782,41,Male,28.2,91,67,92,84.0,5.0,219.0,3,0,2,1,1,0,0,1,0,Never,Low,Moderate,Home,0,Private,Emergency,0
P000109,77,Male,30.4,108,77,69,202.0,7.9,159.0,2,1,9,1,1,1,0,0,0,Never,Low,Low,Home Health Care,0,Private,Emergency,1
P001713,74,Male,27.9,115,73,90,132.0,5.7,229.0,7,2,5,0,2,0,0,0,0,Former,Moderate,Low,Home,1,Medicare,Emergency,0
P001431,60,Other,34.4,126,63,81,125.0,5.8,232.0,6,0,5,0,3,0,0,0,0,Current,None,Moderate,Home,0,Medicaid,Emergency,0
P003316,77,Female,15.4,153,70,49,99.0,5.2,,6,1,4,1,3,0,1,1,0,Current,Moderate,Moderate,Home,0,Medicare,Urgent,1
P000533,57,Female,23.6,149,72,84,114.0,4.4,240.0,2,0,5,1,1,0,0,1,0,Never,Low,High,Rehabilitation,1,Private,Emergency,0
P000414,75,Female,25.3,118,70,73,83.0,4.8,241.0,1,3,3,2,0,0,0,0,0,Never,Low,Moderate,Home,1,Private,Elective,0
P003258,89,Female,27.7,134,68,86,,4.2,160.0,4,1,5,2,2,0,0,1,0,Former,Low,High,Home,1,Medicare,Elective,0
P004529,53,Female,31.7,142,91,73,165.0,6.8,182.0,5,0,9,1,3,1,0,0,0,Current,High,Low,Home,0,Medicaid,Emergency,0
P003991,68,Male,29.5,133,84,93,94.0,5.2,276.0,3,0,7,2,2,0,0,1,0,Former,High,Low,Home,1,Medicare,Emergency,0
P004361,69,Female,21.4,86,45,65,128.0,5.6,220.0,3,1,7,0,1,0,0,0,0,Former,None,Low,Home,0,Private,Elective,0
P004950,77,Male,28.0,141,79,84,174.0,8.3,247.0,10,1,6,1,4,1,0,1,0,Never,High,Moderate,Skilled Nursing Facility,1,Medicare,Urgent,1
P000471,69,Male,31.5,102,71,82,60.0,6.2,140.0,7,0,5,1,2,0,1,0,0,Current,None,Low,Home,1,Medicare,Emergency,0
P004902,65,Female,28.4,122,73,67,95.0,5.4,192.0,1,2,5,1,1,0,0,0,0,Never,None,High,Home,0,Medicare,Elective,0
P005554,55,Female,30.3,150,96,90,106.0,5.1,181.0,5,0,8,1,2,0,1,0,0,Current,Low,Moderate,Home,1,Private,Emergency,0
P004906,83,Male,30.4,118,67,62,99.0,5.2,226.0,2,0,3,0,0,0,0,0,0,Former,None,High,Skilled Nursing Facility,1,Medicaid,Urgent,0
P000032,58,Female,23.8,149,94,85,218.0,7.6,197.0,3,1,2,0,1,1,0,0,0,Never,Low,Low,Home,0,Private,Emergency,0
P004294,83,Female,21.0,115,80,82,127.0,5.9,228.0,2,1,6,0,0,0,0,0,0,Former,Moderate,High,Skilled Nursing Facility,1,Private,Emergency,0
P005627,70,Female,36.2,98,59,92,157.0,7.0,209.0,3,2,5,0,3,1,0,0,1,Never,Low,Moderate,Other,0,Medicare,Urgent,0
P003290,49,Female,31.9,134,85,98,,5.6,133.0,10,1,12,2,4,0,0,1,0,Former,None,Moderate,Home Health Care,0,Medicaid,Emergency,1
P002321,70,Female,30.4,134,71,86,136.0,8.2,191.0,6,0,4,2,3,1,1,0,0,Never,Low,Moderate,Home,1,Medicaid,Emergency,0
P003093,78,Female,27.7,141,89,71,146.0,6.0,216.0,3,0,4,0,2,0,1,0,0,Never,Moderate,Low,Home Health Care,1,Medicare,Urgent,0
P000312,71,Male,22.7,151,81,88,106.0,4.9,184.0,3,2,2,1,2,0,1,0,1,Current,None,High,Home,0,Private,Urgent,1
P001232,47,Male,36.0,133,93,85,98.0,5.1,228.0,2,0,7,2,3,0,0,1,0,,Moderate,Moderate,Rehabilitation,1,Private,Emergency,0
P005569,62,Male,32.2,104,56,79,65.0,5.6,122.0,3,1,6,0,1,0,0,0,1,Current,Low,Moderate,Home,1,Private,Emergency,0
P001286,68,Female,25.1,144,105,61,197.0,8.0,172.0,2,3,7,0,3,1,0,1,0,Former,Low,Moderate,Rehabilitation,1,Medicare,Emergency,0
P004196,51,Female,26.4,116,67,76,88.0,4.9,141.0,4,2,2,2,1,0,1,0,0,Never,None,Low,Home,0,Private,Emergency,1
P002237,63,Female,20.3,141,83,69,118.0,5.8,131.0,1,3,8,2,2,0,1,0,0,Never,Moderate,Low,Skilled Nursing Facility,1,Private,Emergency,0
P001861,74,Female,27.2,137,79,63,211.0,8.7,172.0,5,2,8,1,3,1,0,0,0,Never,Low,Low,Home,1,Private,Emergency,0
P002323,81,Female,37.3,132,81,84,140.0,7.1,170.0,5,2,8,0,3,1,1,0,0,Never,Low,Low,Home,1,Medicaid,Emergency,0
P004896,63,Female,41.4,109,51,68,147.0,7.9,138.0,6,1,11,1,2,1,0,0,1,Former,Moderate,Moderate,Home,1,Private,Emergency,0
P004918,63,Male,26.9,145,92,87,116.0,5.0,142.0,1,0,6,0,1,0,0,0,0,Never,Low,High,Home,1,Medicaid,Urgent,0
P005764,93,Male,29.1,149,77,67,156.0,7.1,222.0,6,2,12,1,4,1,1,0,0,Former,Low,High,Skilled Nursing Facility,1,Medicare,Emergency,1
P004768,80,Female,29.9,166,91,75,221.0,7.9,214.0,7,1,5,2,2,1,1,0,0,Never,Low,Moderate,Home,1,Private,Urgent,1
P002296,78,Female,33.1,149,100,81,160.0,7.4,234.0,5,1,7,2,3,1,1,1,0,Former,Low,Moderate,Home,0,Private,Emergency,0
P001077,84,Male,,139,88,79,86.0,5.0,177.0,8,4,5,3,3,0,1,0,0,Current,Low,Low,Home,1,Medicare,Urgent,0
P000628,84,Male,40.2,139,81,72,161.0,7.7,231.0,5,1,5,0,2,1,0,0,0,Never,Moderate,Low,Home,1,Medicare,Urgent,0
P002850,79,Male,28.5,115,81,80,82.0,5.0,290.0,7,3,8,1,2,0,1,0,0,Never,High,High,Home Health Care,1,Medicare,Urgent,0
P000315,76,Female,21.8,128,73,66,92.0,5.1,196.0,1,1,6,1,3,0,0,0,0,Never,High,High,Home Health Care,1,Medicare,Urgent,0
P001108,52,Female,27.9,148,80,63,137.0,5.7,200.0,5,1,5,3,2,0,1,0,0,Never,Low,Low,Home,1,Medicaid,Elective,1
P003263,69,Male,24.8,111,82,79,99.0,,116.0,3,1,6,1,1,0,1,0,0,Never,,Moderate,Home Health Care,1,Medicare,Urgent,0
P004463,80,Female,26.2,129,84,90,112.0,4.6,233.0,1,0,2,1,3,0,1,1,0,Never,None,Moderate,Home,0,Medicare,Emergency,0
P000550,74,Male,22.8,130,71,75,122.0,5.2,280.0,3,3,8,0,2,0,0,0,0,Never,High,High,Home,1,Uninsured,Emergency,0
P002515,66,Male,15.0,143,80,87,96.0,5.8,196.0,3,2,7,1,2,0,1,0,0,Current,High,Low,Home,1,Medicare,Urgent,0
P003512,43,Male,37.3,103,66,68,183.0,7.9,154.0,5,3,4,2,2,1,0,0,0,Never,Low,Low,Skilled Nursing Facility,0,Uninsured,Emergency,1
P001120,49,Female,37.0,143,79,67,84.0,4.3,225.0,2,1,4,2,1,0,1,0,0,Former,High,Low,Other,1,Private,Emergency,0
P005262,78,Female,28.8,138,75,69,128.0,5.4,212.0,2,0,2,0,0,0,0,0,0,Never,High,High,Skilled Nursing Facility,1,Medicare,Elective,0
P003558,70,Female,39.4,143,85,90,172.0,7.9,180.0,2,0,2,1,2,1,1,0,0,Former,None,Moderate,Skilled Nursing Facility,1,Medicare,Urgent,0
P003590,56,Male,,125,83,67,109.0,5.4,267.0,1,0,6,0,0,0,0,0,0,Never,None,High,Home,1,Private,Emergency,0
P001025,32,Male,24.6,118,68,95,106.0,5.6,396.0,3,2,3,0,1,0,0,0,0,Current,Moderate,Moderate,Home,0,Uninsured,Elective,0
P001225,50,Female,,131,94,74,95.0,5.0,225.0,4,0,7,1,2,0,1,1,0,Never,Low,Low,Rehabilitation,1,Private,Emergency,0
P005172,63,Male,,120,72,76,191.0,7.5,218.0,1,0,3,0,1,1,0,0,0,Never,Moderate,Moderate,Home,1,Private,Urgent,0
P005209,58,Male,30.2,110,71,95,60.0,5.2,234.0,1,1,1,0,0,0,0,0,0,Never,Moderate,Low,Home,1,Medicaid,Elective,0
P001630,80,Female,31.5,130,75,92,167.0,7.4,235.0,1,1,5,1,2,1,0,1,0,Former,Low,Low,Home,1,Medicaid,Emergency,0
P002235,50,Male,35.7,111,75,62,,4.0,154.0,2,2,2,1,1,0,0,0,0,Former,None,Moderate,Home Health Care,0,Medicaid,Urgent,0
P004276,58,Male,31.3,106,59,81,545.0,5.6,226.0,1,1,5,0,1,0,0,0,0,Never,Low,Moderate,Home,1,Private,Emergency,0
P004580,75,Other,28.3,143,64,99,85.0,5.0,167.0,4,0,6,1,2,0,1,1,0,Never,Moderate,Low,Skilled Nursing Facility,0,Medicare,Emergency,0
P004849,53,Male,32.1,104,67,86,147.0,5.8,192.0,1,1,5,0,1,0,0,0,0,Never,Moderate,High,Home,1,Uninsured,Elective,0
P002032,57,Female,35.5,113,69,47,114.0,4.5,184.0,3,0,5,3,2,0,0,1,0,Former,Moderate,Moderate,Home,1,Private,Emergency,0
P000997,76,Female,28.2,124,91,99,158.0,7.5,156.0,4,0,4,0,1,1,0,0,0,Former,None,High,Skilled Nursing Facility,0,Private,Emergency,0
P002012,91,Female,28.8,135,83,87,107.0,4.8,223.0,6,1,6,0,3,0,1,1,0,Current,None,Moderate,Home,0,Uninsured,Emergency,0
P001707,57,Female,38.6,146,90,70,107.0,4.9,175.0,1,1,3,2,2,0,1,1,0,Current,None,Moderate,Home,1,Medicaid,Urgent,0
P004232,75,Female,28.5,158,71,62,181.0,7.3,140.0,6,1,2,1,4,1,1,0,0,Current,None,Low,Skilled Nursing Facility,1,Private,Urgent,1
P001986,60,Female,25.5,150,70,63,60.0,4.9,167.0,3,0,3,1,2,0,1,0,0,Never,Low,Moderate,Home,1,Private,Urgent,0
P003155,55,Male,31.3,128,64,96,107.0,4.9,217.0,5,0,10,1,3,0,1,0,0,Never,None,Low,Home Health Care,1,Private,Emergency,0
P003042,62,Female,23.4,125,77,66,80.0,4.0,241.0,7,3,4,0,3,0,0,0,0,Former,None,Moderate,Home,1,Medicare,Elective,0
P001372,76,Female,31.5,158,91,76,81.0,5.6,197.0,3,2,3,0,1,0,1,0,0,Never,High,High,Home,1,Medicaid,Emergency,0
P002378,54,Female,25.8,105,67,82,135.0,5.7,213.0,1,0,5,0,0,0,0,0,0,Current,None,Moderate,Home,1,Private,Emergency,0
P002428,55,Female,30.0,97,71,95,67.0,5.0,199.0,3,1,2,0,1,0,0,0,0,Never,Low,High,Home,1,Medicaid,Urgent,0
P002266,76,Female,31.7,113,72,86,177.0,8.3,,2,1,5,0,1,1,0,0,0,Former,None,Moderate,Home Health Care,1,Medicare,Urgent,0
P003566,89,Female,21.3,150,79,83,223.0,8.6,238.0,5,2,4,2,3,1,1,1,0,Never,Moderate,Low,Home,1,Medicare,Elective,0
P000296,67,Female,22.3,139,83,80,89.0,4.8,238.0,1,0,6,0,1,0,1,0,0,Former,Low,Low,Home,1,Medicare,Emergency,0
P005345,63,Female,26.7,125,70,77,105.0,4.5,233.0,7,1,7,0,3,0,1,0,0,Current,Moderate,Low,Home,1,Private,Emergency,0
P005883,63,Male,22.5,121,72,71,60.0,5.1,201.0,1,1,7,0,0,0,0,0,0,Current,None,High,Home Health Care,0,Medicare,Emergency,0
P003183,53,Male,34.5,119,71,74,85.0,5.2,232.0,3,1,4,0,0,0,0,0,0,Former,Moderate,Moderate,Home Health Care,0,Private,Emergency,0
P002373,62,Male,31.5,109,69,76,97.0,5.8,220.0,3,1,2,0,0,0,0,0,0,Never,None,Low,Rehabilitation,1,Private,Emergency,0
P003422,62,Male,25.8,111,72,71,111.0,5.5,193.0,2,0,4,0,1,0,0,0,1,Current,Low,Moderate,Home,1,Private,Emergency,0
P002123,52,Male,21.6,119,88,78,234.0,8.3,198.0,9,0,7,1,4,1,0,0,0,Never,High,Moderate,Rehabilitation,1,Private,Emergency,0
P000196,51,Female,26.0,114,67,77,110.0,5.0,199.0,3,0,2,0,1,0,0,0,0,Former,,Low,Home Health Care,0,Medicaid,Emergency,0
P005527,71,Female,28.5,155,74,79,161.0,7.6,249.0,4,4,6,2,4,1,1,1,0,Never,None,Moderate,Home,0,Medicare,Emergency,1
P002654,52,Male,32.7,115,75,76,111.0,5.1,132.0,0,0,2,0,0,0,0,0,0,Former,None,High,Home,1,Private,Emergency,0
P004356,53,Male,28.1,127,86,52,101.0,5.5,178.0,2,0,5,0,2,0,1,0,0,Never,Low,Low,Home,1,Private,Elective,0
P002347,61,Female,27.5,137,85,79,210.0,7.6,183.0,2,0,3,0,2,1,0,0,1,Never,Moderate,Moderate,Other,0,Uninsured,Emergency,0
P002051,76,Female,42.8,130,84,72,181.0,6.9,266.0,4,1,5,1,4,1,0,0,1,Never,Low,High,Home Health Care,1,Medicaid,Emergency,0
P002800,54,Female,26.1,113,73,79,78.0,4.8,,2,1,2,0,1,0,0,0,0,Never,Low,Low,Home,0,Private,Emergency,0
P003868,89,Male,31.6,154,92,82,152.0,7.0,157.0,4,0,8,2,4,1,1,0,1,Current,None,Low,Home,0,Medicare,Emergency,1
P004358,59,Male,21.5,131,65,79,134.0,5.2,194.0,6,1,2,1,1,0,0,0,0,Former,Low,Moderate,Home,1,Medicaid,Elective,0
P004262,81,Female,,171,80,63,187.0,8.1,179.0,6,0,3,0,5,1,1,0,1,Former,None,High,Rehabilitation,1,Medicare,Urgent,0
P005718,57,Female,30.2,102,62,86,159.0,7.1,197.0,1,2,9,2,1,1,0,0,0,Never,High,Moderate,Rehabilitation,1,Medicaid,Emergency,0
P001722,43,Male,18.0,96,71,89,93.0,4.9,234.0,5,2,1,1,1,0,0,0,0,Former,Low,Moderate,Home,1,Private,Elective,0
P004382,69,Female,42.2,159,88,76,164.0,7.7,163.0,6,3,6,0,3,1,1,0,1,Former,Moderate,High,Home,1,Medicare,Urgent,0
P001228,55,Female,31.4,115,74,76,151.0,7.1,176.0,2,0,8,0,1,1,0,0,0,Current,Low,High,Home,0,Private,Emergency,0
P003131,74,Male,32.8,120,82,73,127.0,5.9,218.0,4,6,4,4,2,0,1,0,0,Former,None,Moderate,Home,1,Medicare,Elective,1
P001249,61,Female,33.3,123,60,68,97.0,5.0,196.0,3,1,2,1,2,0,0,0,0,Current,Low,Low,Home,1,Private,Emergency,0
P002022,52,Female,29.6,104,69,72,188.0,6.7,,3,0,2,0,2,1,0,0,0,Former,None,Low,Home Health Care,1,Private,Urgent,0
P002072,43,Female,27.8,119,81,77,177.0,8.4,155.0,6,1,6,0,3,1,1,0,0,Never,None,Moderate,Skilled Nursing Facility,1,Private,Emergency,1
P005363,93,Male,27.4,169,94,65,203.0,7.6,276.0,5,2,4,1,4,1,1,0,1,Never,High,Low,Home Health Care,0,Medicare,Urgent,1
P000064,73,Male,27.7,112,65,78,109.0,5.0,173.0,2,0,4,1,1,0,0,0,0,Never,Low,Low,Home,0,Medicare,Urgent,0
P001394,71,Male,32.6,114,76,78,165.0,6.7,179.0,2,2,6,3,1,1,0,0,0,Never,Low,Low,Rehabilitation,1,Private,Emergency,0
P004104,92,Male,27.1,134,73,116,77.0,4.9,156.0,6,1,3,0,2,0,0,1,0,Never,Moderate,Moderate,Skilled Nursing Facility,0,Medicare,Urgent,0
P001694,56,Female,28.7,114,67,75,110.0,5.2,238.0,4,1,5,2,2,0,0,0,0,Former,Low,Low,Home,0,Uninsured,Urgent,0
P002711,63,Male,21.5,116,78,60,149.0,7.8,179.0,4,1,8,4,3,1,0,0,1,,Moderate,Low,Home Health Care,1,Medicare,Emergency,0
P005216,53,Female,34.1,109,80,78,75.0,4.6,271.0,9,0,3,2,3,0,0,0,0,Former,Low,Moderate,Home,0,Private,Elective,0
P003281,90,Female,35.7,146,83,97,216.0,8.5,217.0,5,0,5,0,3,1,1,1,0,Never,Moderate,Moderate,Skilled Nursing Facility,0,Medicare,Elective,0
P002844,75,Male,32.3,166,101,78,170.0,6.6,216.0,7,0,3,5,3,1,1,0,0,Never,Moderate,High,Home,1,Medicaid,Urgent,0
P004665,100,Female,35.8,152,80,80,96.0,4.6,231.0,6,4,7,6,6,0,1,1,0,Never,High,Low,Home,1,Medicare,Emergency,0
P004606,67,Male,35.9,150,87,49,81.0,5.6,230.0,4,2,13,4,3,0,1,0,1,Never,High,Low,Home Health Care,1,Medicare,Emergency,1
P000123,67,Female,27.1,135,79,69,88.0,4.3,202.0,5,2,5,1,3,0,1,0,1,Former,None,High,Home,0,Private,Emergency,0
P001688,68,Male,25.9,143,78,80,76.0,5.2,228.0,3,0,5,1,2,0,0,0,1,Never,Moderate,High,Home,1,Medicare,Emergency,0
P002292,81,Male,27.2,147,80,78,85.0,4.5,172.0,2,0,43,1,1,0,0,0,0,Never,High,Low,Skilled Nursing Facility,0,Medicare,Emergency,0
P003456,51,Female,20.9,105,70,97,132.0,5.9,155.0,1,1,2,0,0,0,0,0,0,Former,Low,Low,Home,0,Medicaid,Urgent,0
P000729,47,Male,33.1,99,70,83,84.0,5.6,248.0,0,1,2,2,1,0,0,0,0,Former,Low,Low,Home Health Care,1,Private,Urgent,0
P002904,56,Other,,153,73,78,79.0,4.7,142.0,6,3,5,2,1,0,1,0,0,Former,Low,Moderate,Home,1,Private,Urgent,0
P000717,41,Female,33.3,124,99,72,73.0,4.4,252.0,3,0,6,0,0,0,0,0,0,Current,Low,Low,Home,1,Private,Emergency,0
P003052,50,Female,30.3,114,78,87,179.0,7.7,219.0,4,0,3,3,2,1,0,0,0,Former,None,Low,Home,1,Uninsured,Emergency,0
P005577,70,Female,26.1,117,70,75,105.0,5.3,206.0,2,1,2,0,1,0,1,0,0,Never,None,High,Home,1,Medicare,Elective,0
P003809,63,Female,24.2,131,90,100,112.0,5.2,217.0,1,1,6,0,0,0,0,0,0,Never,Moderate,Moderate,Home Health Care,1,Private,Emergency,0
P001189,73,Female,,128,64,97,134.0,7.3,212.0,1,2,2,0,1,1,0,0,0,Former,Low,Moderate,Home,1,Medicare,Urgent,0
P003467,84,Female,28.6,135,71,88,92.0,5.5,163.0,1,0,3,1,1,0,0,1,0,Former,Low,Low,Skilled Nursing Facility,0,Medicare,Emergency,0
P005104,62,Male,30.3,114,74,98,88.0,5.1,251.0,3,0,2,0,0,0,0,0,0,Never,Low,Low,Home,1,Medicaid,Elective,0
P000211,78,Female,31.0,95,49,73,203.0,7.5,,3,2,4,1,3,1,0,0,1,Current,None,High,Skilled Nursing Facility,0,Medicare,Emergency,1
P005878,54,Male,32.4,115,72,79,174.0,6.9,250.0,0,1,9,1,1,1,0,0,0,Former,Low,Moderate,Home Health Care,1,Uninsured,Emergency,0
P003852,53,Male,28.8,114,70,72,185.0,7.7,257.0,1,2,2,1,1,1,0,0,0,Never,Moderate,Low,Home,1,Private,Elective,0
P005802,43,Male,22.2,122,74,66,,5.2,218.0,0,0,4,0,0,0,0,0,0,Former,Low,Moderate,Home,0,Medicaid,Emergency,0
P005389,50,Female,27.0,119,73,72,99.0,4.8,208.0,2,2,4,0,1,0,0,0,0,Former,High,Low,Home Health Care,1,Private,Elective,0
P000424,42,Female,24.5,143,81,98,104.0,5.2,157.0,2,0,2,1,0,0,0,0,0,Never,None,High,Home,1,Medicaid,Urgent,0
P004584,83,Female,31.0,155,93,71,96.0,,220.0,5,3,4,1,3,0,1,1,0,Never,Low,Moderate,Home Health Care,1,Medicare,Urgent,0
P002581,49,Female,35.9,120,74,78,110.0,5.3,232.0,3,0,8,1,2,0,0,0,0,Never,None,Low,Home,0,Private,Emergency,0
P005452,51,Male,19.7,110,71,101,80.0,5.0,221.0,4,0,7,1,2,0,0,0,0,Never,None,Low,Home Health Care,1,Uninsured,Emergency,0
P004506,88,Female,30.4,125,78,74,164.0,7.8,125.0,9,4,8,1,3,1,1,0,1,Former,None,Moderate,Home,1,Medicare,Emergency,0
P003932,75,Female,29.7,129,91,107,120.0,5.0,212.0,3,1,4,1,3,0,1,1,0,Never,Low,Moderate,Rehabilitation,1,Medicare,Urgent,0
P005205,39,Female,28.4,95,62,76,86.0,4.7,180.0,1,0,5,0,1,0,0,0,0,Never,None,Moderate,Home,0,Private,Elective,0
P004027,54,Male,20.0,133,78,70,88.0,5.4,240.0,1,1,6,1,0,0,0,0,0,Never,High,Low,Home,1,Uninsured,Elective,0
P003416,65,Female,31.8,120,77,68,76.0,4.1,172.0,4,2,9,0,3,0,1,0,0,Never,None,High,Rehabilitation,1,Medicare,Elective,0
P002356,31,Male,29.9,150,104,80,111.0,4.9,179.0,3,3,9,2,2,0,1,0,0,Current,Low,High,Home Health Care,1,Uninsured,Elective,1
P002159,74,Male,31.2,135,84,91,123.0,5.9,193.0,0,0,5,2,1,0,0,1,0,Never,None,Low,Home,1,Private,Emergency,0
P005984,75,Male,26.2,130,78,90,81.0,4.6,237.0,3,2,3,0,1,0,0,1,0,Never,Moderate,Low,Skilled Nursing Facility,0,Medicare,Elective,0
P000428,90,Female,24.9,165,102,74,106.0,4.9,196.0,3,3,4,3,3,0,1,1,1,,High,High,Home,0,Medicare,Urgent,1
P002495,80,Male,34.0,160,83,85,85.0,4.7,189.0,10,4,5,1,5,0,1,1,0,Never,Moderate,Moderate,Rehabilitation,0,Medicare,Urgent,0
P000446,42,Male,26.3,94,66,90,119.0,6.0,175.0,2,0,4,0,0,0,0,0,0,Never,Low,Low,Home,1,Uninsured,Emergency,0
P005120,74,Male,27.4,157,86,67,101.0,5.4,,7,2,5,2,2,0,1,0,0,Former,None,Moderate,Home,0,Medicare,Urgent,0
P004932,50,Male,21.1,93,73,69,191.0,5.8,254.0,4,0,7,0,1,0,0,0,0,Never,None,Low,Home,0,Medicare,Urgent,0
P002759,75,Male,26.9,128,71,69,140.0,4.7,238.0,3,0,8,0,1,0,0,0,0,Current,Low,Moderate,Home Health Care,1,Medicare,Emergency,0
P003083,67,Female,21.8,109,70,66,115.0,5.3,172.0,3,1,5,1,0,0,0,0,0,Former,High,Low,Home,0,Medicare,Urgent,0
P001580,69,Female,28.6,143,86,82,176.0,5.8,194.0,1,3,3,1,2,0,1,0,0,Former,None,Low,Skilled Nursing Facility,1,Medicare,Emergency,1
P005147,88,Male,30.5,164,95,78,127.0,6.3,259.0,3,0,5,1,2,0,1,1,0,Never,Low,High,Home,0,Medicare,Elective,1
P004310,28,Male,29.7,105,58,87,75.0,5.2,197.0,1,0,3,2,1,0,0,0,0,Never,Low,Low,Skilled Nursing Facility,0,Medicaid,Urgent,0
P002161,56,Male,28.0,118,77,88,83.0,4.4,216.0,5,1,4,3,3,0,0,1,0,Never,Low,Moderate,Home,1,Private,Elective,0
P005586,66,Female,28.6,122,80,81,136.0,,235.0,3,1,7,2,3,1,1,1,0,,Low,High,Home,1,Medicare,Elective,0
P004637,18,Female,,141,74,90,66.0,5.1,233.0,2,2,7,1,0,0,0,0,0,Current,Low,Moderate,Home,1,Private,Emergency,0
P004802,72,Female,31.3,128,74,95,66.0,4.2,202.0,3,1,6,1,2,0,1,0,0,Never,Moderate,Low,Home,1,Medicare,Elective,0
P000868,58,Male,26.9,131,90,83,94.0,4.9,202.0,9,0,8,0,2,0,0,0,0,Former,,High,Home,0,Uninsured,Emergency,0
P003091,83,Male,25.5,153,83,62,74.0,5.3,186.0,4,1,1,0,1,0,1,0,0,Current,None,Low,Home,1,Private,Urgent,0
P005097,80,Male,38.7,144,89,73,172.0,7.2,176.0,4,1,9,1,5,1,1,0,0,Former,High,High,Home Health Care,1,Private,Urgent,0
P003532,61,Female,39.3,114,81,54,169.0,7.1,205.0,5,0,4,1,2,1,0,0,1,Current,Low,Moderate,Home,1,Private,Emergency,0
P002417,53,Male,24.1,136,88,79,183.0,7.3,270.0,8,1,4,1,4,1,1,0,0,Never,None,Low,Home,0,Medicaid,Elective,0
P004898,83,Female,26.0,124,68,66,83.0,4.4,186.0,2,4,6,2,2,0,0,0,0,Former,Moderate,Moderate,Rehabilitation,1,Private,Emergency,0
P000522,51,Female,26.1,85,58,72,76.0,5.4,234.0,2,0,2,0,0,0,0,0,0,Never,,Low,Home,0,Medicare,Emergency,0
P001587,29,Male,28.6,90,64,81,113.0,5.3,198.0,8,1,4,2,2,0,0,0,0,Former,,Low,Home,1,Medicaid,Emergency,0
P000261,60,Female,31.4,142,83,88,157.0,7.5,236.0,2,1,4,1,1,1,0,0,0,Former,None,High,Home,1,Private,Emergency,0
P004448,64,Female,,132,80,71,81.0,4.8,202.0,2,2,3,2,1,0,0,0,0,Never,Low,High,Rehabilitation,1,Private,Elective,0
P005492,29,Female,23.2,104,82,89,90.0,4.8,191.0,1,0,7,0,0,0,0,0,0,Never,None,Moderate,Home,1,Uninsured,Emergency,0
P002188,57,Male,,102,76,76,132.0,5.5,199.0,3,0,4,1,3,0,0,0,0,Former,High,Low,Other,1,Private,Urgent,0
P004247,67,Female,34.9,138,88,69,200.0,7.8,176.0,2,1,5,0,2,1,1,0,0,Never,Low,Moderate,Home,1,Medicare,Elective,0
P003214,49,Female,28.4,117,73,82,,4.7,198.0,1,0,8,0,0,0,0,0,0,Never,Low,High,Home,1,Private,Emergency,0
P005549,69,Male,36.5,125,88,80,107.0,5.7,194.0,5,0,4,0,1,0,1,0,0,Never,Low,Moderate,Home Health Care,1,Medicare,Elective,0
P000544,61,Female,56.3,132,83,80,198.0,7.2,216.0,5,0,4,0,1,1,0,0,0,Never,Low,Moderate,Home,0,Private,Emergency,0
P005025,58,Female,29.0,143,89,72,60.0,,160.0,4,3,5,0,2,0,1,0,0,Never,None,High,Home,0,Medicaid,Urgent,0
P004881,56,Female,28.3,135,77,73,148.0,5.8,247.0,3,0,4,3,1,0,0,0,0,Former,High,Moderate,Home,0,Medicaid,Emergency,0
P000490,74,Female,21.5,127,84,79,79.0,4.5,216.0,1,2,4,0,1,0,0,1,0,Never,Low,Moderate,Home,1,Private,Elective,0
P001346,99,Female,19.6,162,81,107,101.0,5.1,231.0,1,0,6,1,1,0,1,0,0,Never,Low,High,Home,1,Private,Urgent,0
P005851,79,Female,25.3,133,78,76,89.0,5.2,219.0,4,1,9,0,4,0,1,1,0,Never,Low,High,Home,1,Medicare,Emergency,0
P004213,72,Female,28.7,123,82,86,66.0,5.2,209.0,4,0,6,1,5,0,0,1,1,Never,Low,High,Home Health Care,0,Medicare,Emergency,0
P005791,81,Female,29.0,135,72,86,200.0,7.5,173.0,6,2,9,1,3,1,1,0,1,,None,Moderate,Home Health Care,0,Medicare,Elective,1
P002320,60,Female,30.0,101,67,77,76.0,4.5,201.0,0,0,2,1,0,0,0,0,0,Former,None,Moderate,Home,1,Private,Urgent,0
P002832,79,Male,38.3,130,69,74,170.0,7.8,,9,2,5,3,6,1,1,1,1,Never,Low,Low,Home,0,Medicare,Urgent,1
P002662,53,Male,27.9,117,77,83,139.0,5.4,267.0,0,2,7,1,0,0,0,0,0,Former,High,Moderate,Home,1,Medicaid,Urgent,0
P002656,55,Male,21.9,145,75,76,110.0,4.3,186.0,5,0,7,1,1,0,0,0,0,Current,Low,High,Home,0,Uninsured,Emergency,0
P001420,64,Male,22.1,129,69,70,104.0,5.3,212.0,6,3,5,1,2,0,0,1,0,Former,None,Low,Home Health Care,1,Private,Emergency,0
P003130,70,Female,31.8,141,76,91,,5.6,196.0,4,1,4,3,2,0,0,1,0,,Low,Low,Other,0,Medicare,Elective,0
P003429,92,Female,26.4,138,72,83,113.0,4.8,161.0,7,2,2,1,4,0,1,1,1,Never,None,High,Home Health Care,1,Medicare,Urgent,0
P003254,78,Female,30.6,124,60,91,138.0,6.9,258.0,10,3,9,4,6,1,0,1,0,Never,Moderate,Low,Skilled Nursing Facility,1,Medicare,Emergency,1
P003092,54,Male,32.9,120,66,84,105.0,5.4,196.0,1,1,3,0,1,0,0,0,0,Former,None,High,Home,1,Private,Urgent,0
P001322,56,Male,28.4,143,91,63,187.0,8.1,,6,1,4,2,3,1,0,0,1,Never,Moderate,Low,Home Health Care,1,Medicare,Emergency,0
P001785,74,Female,34.6,137,97,66,,7.2,207.0,2,1,3,0,1,1,0,0,0,Never,Low,Low,Skilled Nursing Facility,0,Medicare,Elective,0
P003031,63,Other,27.2,139,82,62,111.0,4.7,179.0,1,2,5,3,1,0,1,0,0,Current,Moderate,High,Rehabilitation,0,Medicaid,Emergency,1
P000892,56,Male,23.4,110,84,96,103.0,4.9,184.0,0,1,6,1,1,0,0,0,0,Current,High,Low,Home,1,Private,Urgent,0
P001334,68,Male,19.3,153,94,94,114.0,5.9,216.0,0,0,7,0,1,0,1,0,0,Current,Low,Moderate,Home,1,Medicare,Emergency,0
P005868,84,Female,19.3,135,78,83,94.0,5.1,178.0,3,0,7,0,1,0,0,0,0,Current,Low,Low,Rehabilitation,1,Medicare,Urgent,0
P001573,69,Female,18.9,129,83,75,102.0,4.9,148.0,4,3,9,3,2,0,0,1,0,Never,None,High,Home,1,Medicare,Emergency,0
P002035,66,Male,27.6,106,61,96,116.0,5.4,172.0,7,0,6,1,5,0,1,0,0,Former,Low,Moderate,Rehabilitation,1,Medicare,Urgent,0
P005654,73,Male,,123,81,87,,8.4,,3,1,3,0,2,1,0,0,0,Former,Moderate,Moderate,Home,1,Medicare,Urgent,0
P004475,54,Female,37.0,121,84,83,110.0,6.2,214.0,0,0,2,0,1,0,0,0,0,Never,Moderate,High,Home,0,Private,Emergency,0
P003428,72,Male,27.4,150,93,79,152.0,7.1,199.0,10,4,9,3,4,1,1,0,0,Former,None,High,Home,1,Medicaid,Urgent,1
P000021,61,Female,40.3,129,96,67,129.0,8.0,201.0,2,1,6,0,2,1,1,0,0,Former,Low,Moderate,Home,1,Private,Emergency,0
P004404,87,Female,29.9,126,80,75,75.0,5.1,170.0,4,2,2,0,2,0,1,0,0,Former,High,Moderate,Rehabilitation,1,Medicare,Emergency,0
P004373,47,Female,28.9,139,90,75,136.0,5.4,178.0,1,0,4,0,0,0,0,0,0,Former,Moderate,Low,Home,0,Private,Emergency,0
P001652,83,Male,21.6,142,82,91,159.0,6.2,244.0,1,0,2,0,1,0,0,1,0,Never,None,Low,Home Health Care,0,Private,Urgent,0
P002455,58,Male,35.8,125,86,64,189.0,8.4,110.0,3,1,4,1,2,1,1,0,0,Never,Moderate,Moderate,Home,1,Private,Emergency,0
P000860,74,Female,38.0,131,75,75,160.0,8.4,216.0,1,2,5,0,2,1,0,0,0,Former,None,Low,Home,1,Private,Elective,0
P004496,43,Female,40.1,106,64,69,222.0,8.2,190.0,3,1,6,4,3,1,1,0,0,Former,Moderate,Moderate,Home,1,Private,Elective,0
P004632,41,Female,25.1,120,69,76,69.0,4.8,265.0,4,0,6,0,3,0,0,0,1,Current,None,Low,Home,0,Medicaid,Emergency,0
P001750,77,Male,19.6,115,78,84,,6.1,144.0,1,1,7,0,0,0,0,0,0,Never,Moderate,Low,Home Health Care,1,Private,Emergency,0
P004766,70,Female,22.7,130,70,83,96.0,4.9,206.0,2,0,7,1,1,0,1,0,0,Never,Low,Moderate,Rehabilitation,0,Medicare,Urgent,0
P004447,70,Female,34.1,120,69,82,215.0,7.2,147.0,5,0,11,2,3,1,1,0,0,Never,Low,Moderate,Home,0,Medicare,Emergency,0
P002601,56,Male,32.3,111,69,58,172.0,7.5,213.0,5,2,5,3,2,1,0,0,0,Former,None,Low,Home,1,Private,Urgent,0
P005346,54,Male,34.1,142,81,83,97.0,4.4,146.0,1,2,3,2,0,0,0,0,0,Never,None,Low,Home,1,Medicare,Emergency,0
P000209,51,Male,16.6,113,73,96,102.0,5.5,206.0,7,1,5,0,3,0,0,0,1,Never,Low,Moderate,Home,0,Medicaid,Emergency,1
P003836,68,Male,29.5,118,82,82,66.0,4.5,149.0,2,0,4,2,1,0,0,1,0,Former,None,Moderate,Home,0,Medicare,Emergency,0
P001915,82,Female,32.0,95,78,79,186.0,7.5,,1,2,3,0,2,1,0,1,0,Current,High,Moderate,Home Health Care,1,Medicare,Emergency,0
P001164,41,Male,23.1,124,80,90,80.0,4.5,180.0,6,0,8,0,2,0,1,0,0,Former,Moderate,Moderate,Skilled Nursing Facility,1,Medicaid,Urgent,0
P002229,97,Male,16.7,141,83,84,106.0,5.4,247.0,2,1,5,1,2,0,1,0,1,Never,None,Low,Home Health Care,0,Medicaid,Urgent,1
P005070,82,Male,28.5,123,91,89,173.0,7.8,179.0,2,1,3,0,1,1,0,0,0,Current,Moderate,Low,Home,0,Medicare,Elective,0
P002329,67,Male,35.4,109,68,73,193.0,7.6,211.0,6,2,5,1,2,1,0,0,0,Current,None,Moderate,Rehabilitation,0,Medicare,Emergency,0
P005938,75,Male,31.0,139,93,77,106.0,5.6,188.0,4,2,4,2,3,0,1,1,0,Current,None,Moderate,Other,1,Medicare,Emergency,1
P002552,62,Male,23.0,114,66,101,153.0,5.8,216.0,1,1,4,0,0,0,0,0,0,Former,None,High,Rehabilitation,0,Medicare,Emergency,0
P004956,95,Female,28.2,145,79,90,149.0,6.9,228.0,9,2,7,4,4,1,1,1,1,Never,None,High,Skilled Nursing Facility,1,Medicare,Elective,1
P003946,63,Female,23.6,125,85,64,73.0,5.2,158.0,2,0,5,0,1,0,0,0,1,Never,Low,High,Home,1,Private,Urgent,0
P003571,75,Female,30.3,153,92,83,80.0,5.1,206.0,0,0,5,0,0,0,0,0,0,Never,Low,Low,Skilled Nursing Facility,1,Medicare,Emergency,1
P005415,84,Female,27.6,161,102,95,122.0,4.8,153.0,2,0,3,0,2,0,1,1,0,Current,Moderate,Low,Rehabilitation,0,Medicaid,Elective,1
P003383,92,Male,17.2,159,89,81,142.0,5.9,153.0,7,2,4,1,4,0,1,1,0,Never,Moderate,Low,Home,1,Medicare,Elective,0
P005307,66,Female,27.0,144,64,80,193.0,8.5,173.0,4,2,6,2,3,1,1,0,0,,None,High,Home Health Care,1,Medicare,Emergency,0
P003430,76,Male,27.9,115,69,92,81.0,4.8,186.0,4,0,4,0,1,0,0,0,0,Never,Low,High,Home Health Care,1,Uninsured,Emergency,0
P004072,62,Female,27.5,124,72,72,103.0,5.1,110.0,1,3,5,1,3,0,1,0,0,Former,Moderate,Low,Home,0,Medicare,Emergency,0
P005234,95,Female,26.4,134,89,70,222.0,8.3,193.0,12,2,7,6,6,1,1,1,1,Former,High,Low,Home,1,Medicare,Elective,1
P002119,67,Female,35.5,122,75,88,168.0,7.7,207.0,9,0,8,1,3,1,1,0,0,Former,Moderate,Low,Home,0,Medicare,Elective,0
P001624,82,Female,23.5,103,72,81,81.0,4.1,248.0,2,0,5,0,0,0,0,0,0,Never,Moderate,Low,Home Health Care,1,Medicare,Emergency,0
P000022,54,Female,35.5,137,75,68,89.0,5.1,223.0,2,0,2,0,2,0,1,0,0,Former,Moderate,Low,Home,0,Private,Elective,0
P002025,44,Male,15.0,122,74,78,68.0,4.9,265.0,1,0,4,0,1,0,0,0,0,Former,Low,Low,Home,1,Private,Urgent,0
P005194,73,Female,23.9,142,94,71,82.0,5.1,180.0,4,1,6,1,1,0,1,0,0,Never,Low,Low,Home,0,Medicare,Emergency,0
P005947,77,Male,34.6,141,88,69,239.0,7.3,222.0,9,0,5,1,3,1,1,0,0,Never,Moderate,Moderate,Rehabilitation,0,Medicare,Emergency,0
P001207,53,Male,33.6,115,69,72,97.0,5.0,190.0,7,2,5,1,2,0,1,0,0,Never,None,Moderate,Home,1,Private,Urgent,0
P001880,40,Male,29.5,116,85,95,201.0,8.1,151.0,2,0,8,1,1,1,0,0,0,Never,High,Low,Home Health Care,1,Private,Emergency,0
P003058,57,Male,37.9,128,80,75,,7.3,216.0,6,1,7,2,2,1,1,0,0,Never,None,Moderate,Home,1,Medicaid,Urgent,0
P002987,67,Female,,143,73,85,102.0,5.3,238.0,3,2,8,1,3,0,1,0,1,Former,None,High,Home,0,Medicaid,Emergency,1
P002257,69,Male,30.7,141,83,61,61.0,5.0,214.0,3,0,5,0,1,0,1,0,0,Never,Moderate,Moderate,Home,1,Medicare,Elective,0
P002068,64,Female,31.2,99,77,89,168.0,7.8,215.0,2,1,3,0,1,1,0,0,0,,Moderate,Moderate,Home,1,Medicare,Elective,0
P003713,62,Female,38.8,109,58,79,75.0,5.1,217.0,2,0,5,0,0,0,0,0,0,Never,Moderate,Moderate,Home,1,Medicaid,Emergency,0
P004972,43,Male,26.7,107,75,58,123.0,6.3,273.0,2,1,7,2,0,0,0,0,0,Former,Low,Moderate,Home Health Care,1,Private,Elective,0
P004838,49,Male,26.2,99,68,71,111.0,4.8,166.0,5,2,6,1,2,0,0,0,0,Former,None,Moderate,Home Health Care,0,Private,Emergency,0
P004331,92,Male,19.8,126,75,65,185.0,7.5,147.0,11,1,7,2,3,1,1,1,0,,None,Moderate,Other,0,Medicare,Elective,0
P005881,81,Female,24.6,155,98,75,142.0,6.1,,3,1,3,0,3,1,1,0,1,Former,Low,Low,Home,1,Medicare,Urgent,0
P005391,88,Male,32.0,140,77,77,159.0,5.9,214.0,6,2,4,3,4,0,1,1,0,Current,None,Moderate,Skilled Nursing Facility,1,Medicare,Urgent,1
P001329,62,Male,34.9,96,74,85,,4.9,226.0,5,5,8,2,3,0,0,0,0,Former,High,Low,Home Health Care,0,Private,Emergency,1
P000935,69,Female,20.5,113,65,88,86.0,5.4,139.0,2,0,4,2,0,0,0,0,0,Never,Moderate,Moderate,Home,0,Medicaid,Emergency,0
P002337,100,Male,31.2,136,77,98,112.0,5.5,198.0,5,2,3,1,2,0,1,1,0,Former,Moderate,High,Skilled Nursing Facility,1,Medicare,Emergency,0
P000218,84,Female,26.5,143,85,71,194.0,7.5,215.0,3,1,8,1,2,1,1,0,0,Never,None,Low,Home,1,Medicaid,Emergency,0
P005714,100,Female,21.3,153,83,78,157.0,7.7,199.0,12,4,6,1,6,1,1,1,1,Never,Low,Low,Home Health Care,0,Medicare,Elective,1
P004961,54,Male,20.8,131,79,90,81.0,4.7,,4,1,6,4,2,0,1,0,0,Current,,High,Home,0,Private,Emergency,0
P005997,67,Female,27.0,152,86,51,121.0,4.8,177.0,4,1,6,0,1,0,1,0,0,Never,Moderate,Moderate,Home,1,Private,Urgent,0
P002883,75,Female,31.5,145,77,82,107.0,,224.0,4,2,4,3,2,0,1,1,0,Never,None,Low,Home,0,Medicare,Urgent,0
P001429,74,Male,21.7,123,86,62,95.0,4.9,206.0,5,0,7,0,2,0,0,0,0,Former,None,Low,Home,1,Medicare,Urgent,0
P002752,58,Male,31.8,94,60,77,128.0,7.4,270.0,3,3,9,5,3,1,0,0,0,Former,None,Low,Home,1,Private,Emergency,1
P003790,57,Female,33.5,107,56,68,176.0,7.7,205.0,4,0,5,0,2,1,0,0,0,Current,Moderate,Low,Home,1,Private,Emergency,0
P002895,54,Male,29.1,113,85,76,92.0,5.9,208.0,2,0,3,0,1,0,0,0,0,,Low,Moderate,Rehabilitation,0,Private,Emergency,0
P004872,67,Female,23.6,116,72,86,61.0,5.0,187.0,12,2,5,0,2,0,1,0,1,Never,Low,Low,Home,1,Medicaid,Emergency,0
P004551,79,Male,27.2,133,93,57,82.0,4.4,110.0,4,2,10,3,3,0,0,0,1,Never,None,High,Home Health Care,0,Medicare,Emergency,1
P003717,76,Female,32.7,153,92,89,82.0,5.0,211.0,3,2,3,2,1,0,0,1,0,Former,Moderate,Moderate,Skilled Nursing Facility,0,Medicare,Elective,0
P000911,53,Male,36.6,129,74,88,69.0,5.3,193.0,1,1,4,0,0,0,0,0,0,Current,Low,Moderate,Home,0,Uninsured,Emergency,0
P005368,91,Female,29.8,123,78,64,115.0,5.5,265.0,3,3,5,0,3,0,1,1,0,Never,None,Moderate,Home Health Care,1,Medicare,Elective,0
P002338,77,Female,24.2,139,83,89,162.0,7.1,249.0,3,2,2,0,3,0,1,0,1,Never,Moderate,High,Home,1,Medicare,Emergency,0
P002769,76,Male,31.1,136,98,85,114.0,5.1,166.0,5,2,11,1,3,0,1,1,0,Former,Moderate,Moderate,Home Health Care,1,Medicaid,Emergency,0
P000096,42,Female,44.2,116,76,95,110.0,6.0,237.0,3,1,5,0,2,0,0,0,0,Current,None,Low,Home,0,Private,Emergency,1
P001744,44,Female,33.6,127,80,86,95.0,6.0,233.0,1,1,2,0,0,0,0,0,0,Never,None,Moderate,Home,1,Medicaid,Urgent,0
P002624,67,Female,33.0,134,79,81,164.0,7.2,190.0,9,3,7,2,4,1,1,1,1,Never,None,Low,Home,1,Medicaid,Urgent,1
P002036,75,Male,24.0,137,82,97,80.0,5.4,178.0,6,2,6,1,2,0,1,0,0,Never,Moderate,Moderate,Skilled Nursing Facility,1,Medicare,Emergency,1
P002630,63,Female,30.3,119,76,89,109.0,5.6,232.0,4,0,7,1,3,0,1,1,0,Former,Moderate,Moderate,Home,1,Uninsured,Emergency,0
P001818,78,Female,35.1,147,83,93,84.0,5.8,182.0,11,1,8,2,5,0,1,0,1,Never,,Moderate,Skilled Nursing Facility,1,Medicare,Urgent,0
P000074,71,Male,26.0,148,89,76,91.0,5.9,201.0,1,2,7,3,2,0,0,1,0,Former,,High,Home,1,Medicare,Emergency,1
P001224,76,Female,24.1,101,53,83,60.0,4.7,209.0,4,3,5,1,2,0,0,0,1,Current,Low,Moderate,Home,0,Medicare,Urgent,0
P002382,76,Female,27.5,124,86,84,177.0,6.9,133.0,7,1,4,0,2,1,0,0,0,Current,,Moderate,Skilled Nursing Facility,1,Medicare,Elective,0
P005106,52,Male,31.5,106,77,72,196.0,7.3,247.0,4,0,7,3,2,1,0,0,0,Never,Low,Moderate,Rehabilitation,0,Private,Elective,0
P000416,67,Male,35.7,152,82,67,166.0,7.1,179.0,4,2,5,1,3,1,1,0,1,Never,None,High,Home,0,Medicare,Emergency,0
P001687,56,Female,27.2,154,98,111,81.0,4.6,210.0,1,3,6,2,1,0,0,0,0,Never,None,High,Home,1,Medicaid,Urgent,0
P000646,62,Male,27.0,111,54,53,80.0,5.0,196.0,2,1,3,3,0,0,0,0,0,Former,,Moderate,Home,0,Private,Emergency,0
P000999,66,Male,22.7,123,83,52,175.0,7.9,,1,2,1,1,1,1,0,0,0,Never,Low,Low,Home,0,Private,Elective,0
P003362,30,Female,24.0,98,65,91,86.0,5.3,154.0,1,0,10,0,1,0,0,0,0,Current,None,Moderate,Home,1,Uninsured,Emergency,0
P002246,55,Female,26.7,130,98,59,114.0,,143.0,2,2,5,2,1,0,1,0,0,Never,Moderate,Low,Home,1,Uninsured,Emergency,0
P003699,48,Female,21.1,111,68,95,93.0,5.3,207.0,2,0,6,3,1,0,0,0,0,Never,Low,Moderate,Home,1,Medicaid,Urgent,0
P005339,69,Female,26.3,143,91,70,81.0,5.5,131.0,2,2,4,2,3,0,0,1,0,Former,None,Moderate,Other,1,Medicare,Urgent,1
P002115,71,Female,35.5,126,64,75,146.0,6.8,260.0,6,1,6,1,3,1,0,0,1,Never,None,Low,Home,1,Private,Urgent,0
P002818,76,Female,62.2,124,75,70,122.0,5.4,,1,0,8,0,0,0,0,0,0,Never,Low,Moderate,Home Health Care,1,Medicare,Emergency,0
P000601,72,Male,43.3,141,89,82,167.0,7.3,239.0,4,3,6,2,1,1,0,0,0,Never,Moderate,Low,Rehabilitation,1,Medicare,Urgent,0
P001411,58,Female,69.3,137,68,81,130.0,5.5,227.0,6,0,5,0,2,0,1,1,0,Never,None,High,Home,1,Private,Emergency,0
P005979,56,Female,15.0,150,92,84,,4.8,192.0,1,2,5,2,2,0,0,0,1,Never,None,High,Home,1,Private,Urgent,0
P002039,49,Male,35.4,151,93,81,102.0,4.4,177.0,5,0,6,1,1,0,1,0,0,Current,None,Low,Home,1,Medicaid,Emergency,0
P001638,79,Female,26.6,138,89,94,109.0,6.0,138.0,3,2,4,1,3,0,0,1,1,Former,Moderate,High,Home Health Care,1,Medicare,Urgent,0
P001599,88,Female,34.5,163,84,75,109.0,5.2,266.0,4,1,6,1,3,0,1,1,1,Former,Low,Low,Home,1,Private,Emergency,1
P000571,42,Female,21.8,103,81,75,124.0,5.0,187.0,1,3,4,3,0,0,0,0,0,Current,Moderate,Low,Home,0,Medicaid,Elective,0
P002319,98,Female,22.6,149,100,58,77.0,5.3,251.0,3,1,1,2,1,0,1,0,0,Never,Low,Moderate,Home Health Care,1,Medicare,Urgent,0
P001331,36,Female,28.2,95,65,79,488.0,5.3,180.0,3,0,7,1,1,0,0,0,0,Never,Low,High,Home Health Care,0,Medicaid,Emergency,0
P003084,56,Female,23.4,106,69,89,128.0,6.0,238.0,3,1,2,0,0,0,0,0,0,Never,None,Low,Home,0,Uninsured,Elective,1
P003086,75,Male,25.5,136,74,84,72.0,4.1,213.0,4,2,8,3,3,0,1,1,1,Never,None,Low,Home,1,Medicare,Emergency,0
P002659,61,Male,22.8,150,79,76,104.0,,256.0,3,2,4,1,3,0,1,1,0,Never,High,Moderate,Home,0,Private,Urgent,0
P005987,62,Male,32.0,113,68,87,175.0,7.5,189.0,4,0,5,1,2,1,0,0,0,Never,Low,Low,Rehabilitation,0,Uninsured,Emergency,0
P001333,77,Male,21.7,123,69,74,,5.9,206.0,1,1,5,0,1,0,0,0,1,Former,,Moderate,Home,1,Medicare,Emergency,0
P004092,65,Female,25.9,140,69,83,94.0,6.1,214.0,5,1,6,0,3,0,1,1,0,Never,Moderate,Moderate,Home,1,Medicare,Emergency,0
P003835,85,Male,29.0,132,83,77,105.0,5.4,180.0,5,2,11,4,3,0,0,1,0,Former,Moderate,Low,Skilled Nursing Facility,1,Medicare,Urgent,0
P000277,53,Female,17.5,132,77,78,121.0,4.8,191.0,2,1,6,1,1,0,0,0,0,Never,Low,Low,Home Health Care,0,Uninsured,Urgent,0
P001043,74,Male,29.2,127,88,98,107.0,5.9,174.0,2,1,3,0,1,0,0,1,0,Never,Moderate,Low,Home,1,Medicare,Urgent,0
P004710,72,Female,31.6,155,85,94,221.0,8.1,195.0,3,1,7,0,2,1,1,0,0,Never,Low,Moderate,Skilled Nursing Facility,1,Medicare,Urgent,0
P000753,49,Male,28.1,121,74,82,129.0,6.1,190.0,0,0,4,0,0,0,0,0,0,Never,None,Moderate,Home,0,Uninsured,Emergency,0
P000449,81,Female,30.6,136,90,89,78.0,5.5,225.0,2,1,5,1,1,0,1,0,0,Current,None,Low,Rehabilitation,0,Medicare,Emergency,0
P004227,70,Male,25.8,154,98,74,122.0,4.7,194.0,4,3,5,2,2,0,1,0,0,Current,None,High,Home Health Care,0,Medicare,Urgent,1
P001664,91,Female,28.1,168,92,56,103.0,5.3,167.0,8,2,10,2,4,0,1,0,1,Never,None,Low,Skilled Nursing Facility,1,Medicare,Emergency,0
P002741,51,Male,28.2,129,79,68,541.0,5.2,251.0,1,0,5,0,1,0,1,0,0,Never,None,Moderate,Home,1,Private,Elective,0
P001101,81,Other,20.0,149,101,72,214.0,,200.0,4,0,8,0,4,1,1,0,1,Never,None,High,Home,0,Medicare,Emergency,0
P005131,50,Male,29.2,131,78,60,111.0,7.2,233.0,4,0,7,2,3,0,1,1,0,Former,None,Moderate,Home,0,Private,Emergency,1
P005264,72,Female,27.6,139,79,96,200.0,7.5,198.0,6,0,5,1,3,1,1,0,0,Current,Low,Moderate,Home,0,Medicare,Emergency,1
P004616,89,Male,43.0,154,78,90,150.0,6.0,277.0,9,5,6,0,3,1,1,0,0,Former,None,Moderate,Home,1,Medicare,Emergency,1
P005208,49,Male,25.7,108,63,63,154.0,7.1,200.0,6,0,6,1,2,1,0,0,0,Never,Low,Moderate,Home Health Care,1,Medicaid,Emergency,0
P000734,61,Female,27.5,141,77,81,159.0,6.8,266.0,7,0,9,0,4,1,1,0,0,Never,Moderate,Moderate,Home,0,Private,Emergency,0
P002849,76,Male,25.4,127,86,78,85.0,5.8,154.0,2,1,6,2,1,0,1,0,0,Never,Moderate,High,Skilled Nursing Facility,0,Medicare,Emergency,0
P002247,40,Male,25.6,118,79,79,,6.1,190.0,0,1,4,1,0,0,0,0,0,Never,,High,Home,1,Private,Urgent,0
P005060,65,Male,27.0,117,63,77,137.0,5.6,236.0,7,4,9,3,3,0,0,0,1,Never,Moderate,Low,Home,1,Medicare,Emergency,1
P004158,84,Female,30.1,131,95,81,63.0,4.7,252.0,3,2,8,1,3,0,1,0,1,Never,Moderate,Low,Home,1,Medicare,Urgent,0
P004323,42,Male,31.8,110,75,90,118.0,5.3,204.0,1,0,6,0,0,0,0,0,0,Never,Moderate,High,Home,0,Private,Urgent,0
P005813,73,Male,29.3,110,82,95,146.0,7.7,197.0,1,3,4,0,2,1,0,1,0,Never,None,High,Home,1,Medicare,Emergency,0
P005302,52,Female,31.9,144,74,70,113.0,6.0,223.0,3,1,9,0,1,0,1,0,0,Never,None,Low,Home,1,Private,Emergency,1
P004272,48,Male,24.1,138,80,84,67.0,4.2,164.0,1,0,6,1,1,0,1,0,0,Never,None,Moderate,Home,0,Uninsured,Emergency,0
P005658,59,Female,32.1,105,66,95,93.0,5.0,262.0,1,0,2,3,1,0,0,1,0,,Low,Moderate,Home,1,Private,Urgent,0
P003494,68,Female,37.7,133,69,82,153.0,7.1,202.0,3,2,2,1,2,1,0,0,0,Current,Moderate,Low,Home Health Care,1,Medicare,Urgent,0
P001572,61,Female,30.7,134,86,66,156.0,,216.0,1,2,6,1,2,1,0,0,0,Never,None,High,Home,1,Private,Urgent,0
P001398,61,Female,22.3,145,85,93,79.0,4.8,243.0,1,1,8,0,1,0,1,0,0,Never,Low,Moderate,Home,1,Private,Urgent,0
P005653,76,Male,38.2,156,100,72,241.0,8.9,169.0,7,0,2,2,3,1,1,0,0,Never,Low,Low,Home,1,Medicare,Urgent,0
P002105,60,Male,25.4,124,90,70,95.0,5.5,168.0,5,1,7,1,2,0,1,0,0,Former,High,Moderate,Home,0,Private,Urgent,0
P001740,66,Male,31.5,153,86,86,114.0,5.4,194.0,5,2,5,2,2,0,1,0,0,Never,None,Low,Home,0,Private,Urgent,0
P003552,46,Male,28.6,126,83,74,113.0,5.5,194.0,5,1,4,1,1,0,0,1,0,Never,High,Moderate,Home,1,Uninsured,Emergency,0
P004554,69,Female,25.7,121,69,87,120.0,5.2,165.0,4,0,2,1,2,0,0,0,0,Never,Moderate,Moderate,Skilled Nursing Facility,1,Medicare,Elective,0
P002973,64,Female,36.2,103,68,68,68.0,4.6,218.0,5,2,8,3,2,0,0,1,0,Former,Low,Low,Home,1,Private,Emergency,0
P001119,69,Male,26.6,128,76,74,99.0,5.1,247.0,2,1,3,0,1,0,0,0,1,Never,None,Low,Home,1,Medicare,Elective,0
P000966,44,Female,37.6,116,86,75,169.0,8.1,230.0,2,1,5,0,2,1,0,0,0,,None,High,Home,1,Medicare,Emergency,0
P003604,86,Female,24.8,144,91,67,146.0,7.5,244.0,3,4,3,3,4,1,1,1,0,Current,None,Moderate,Home,1,Medicare,Emergency,1
P005497,55,Male,24.2,105,68,69,114.0,4.9,201.0,2,0,3,0,1,0,0,0,0,Former,Low,Moderate,Home,0,Private,Elective,0
P005877,56,Male,36.9,140,82,87,194.0,7.8,197.0,8,1,3,3,3,1,1,1,0,Former,None,High,Home Health Care,1,Private,Urgent,0
P001762,52,Female,33.2,115,69,82,146.0,6.9,149.0,0,0,4,1,0,0,0,0,0,Never,None,Moderate,Home,1,Private,Emergency,0
P004292,40,Male,37.5,127,69,97,106.0,5.1,226.0,8,0,7,0,3,0,0,0,0,Former,Low,Moderate,Home Health Care,1,Private,Elective,0
P004103,52,Male,27.9,113,84,86,120.0,5.9,262.0,5,1,6,0,1,0,0,1,0,Former,,Low,Home,1,Uninsured,Emergency,0
P002700,51,Female,18.6,137,92,69,121.0,6.2,219.0,4,1,9,2,2,0,1,0,0,Former,Moderate,Moderate,Home,1,Medicare,Elective,0
P004779,63,Male,26.8,150,84,78,164.0,7.6,247.0,4,1,2,2,2,1,1,0,0,Never,High,Low,Home,0,Private,Emergency,0
P003789,91,Male,21.0,110,76,63,147.0,5.7,201.0,3,1,5,0,2,0,0,0,1,Never,None,Moderate,Rehabilitation,1,Medicaid,Emergency,0
P001131,51,Female,34.8,107,73,68,107.0,5.2,,9,1,3,1,1,0,0,0,0,Former,None,Moderate,Rehabilitation,1,Private,Urgent,0
P002047,74,Female,29.1,123,68,72,169.0,7.3,215.0,6,3,7,0,4,1,1,0,0,Current,Moderate,Moderate,Home,1,Private,Urgent,1
P001141,90,Female,25.4,136,92,72,93.0,5.5,230.0,6,1,7,0,3,0,0,1,0,Current,Moderate,Low,Home Health Care,1,Private,Emergency,0
P001535,94,Female,29.8,96,67,86,115.0,4.7,221.0,8,3,4,4,2,0,0,0,1,Former,Moderate,Moderate,Home,1,Private,Emergency,0
P004859,56,Female,30.9,131,73,66,172.0,6.2,161.0,5,1,2,0,1,0,0,0,0,,High,Low,Home,1,Medicaid,Emergency,0
P003475,44,Female,26.6,135,73,85,98.0,5.3,155.0,4,0,6,1,1,0,0,0,0,Current,High,Low,Home,1,Medicaid,Urgent,0
P004131,79,Male,35.0,148,73,85,180.0,7.5,150.0,2,2,7,0,3,1,1,0,0,Former,Moderate,Moderate,Home,1,Medicare,Urgent,0
P004522,69,Male,32.1,146,87,79,142.0,5.5,167.0,4,0,4,0,2,0,1,0,0,Current,Low,Moderate,Home,0,Medicare,Emergency,0
P004173,65,Female,28.6,149,78,76,128.0,5.6,213.0,6,1,6,0,3,0,1,0,0,Never,Low,Low,Home Health Care,0,Medicare,Elective,0
P001149,79,Male,30.2,132,81,86,124.0,5.8,191.0,3,1,3,0,1,0,1,0,0,Never,Moderate,Low,Other,1,Medicare,Emergency,0
P001490,67,Male,22.2,109,57,63,86.0,5.0,201.0,1,1,4,0,1,0,0,0,0,Never,Low,High,Other,0,Medicare,Emergency,0
P002429,64,Male,21.5,97,58,62,138.0,5.5,190.0,0,0,1,0,0,0,0,0,0,Former,None,Low,Home,0,Private,Urgent,0
P002268,61,Female,25.2,97,58,67,107.0,5.3,,1,0,4,3,1,0,0,0,0,Former,Low,High,Skilled Nursing Facility,0,Private,Emergency,0
P002232,48,Female,31.0,116,60,89,82.0,4.9,216.0,7,1,4,0,3,0,1,0,0,Never,Low,Low,Home,1,Medicaid,Elective,0
P004394,50,Female,36.9,132,84,93,200.0,7.2,265.0,5,1,2,3,4,1,1,0,1,Former,,High,Home,0,Private,Urgent,1
P000899,71,Male,24.5,133,83,98,86.0,5.5,236.0,9,2,10,2,5,0,1,1,1,Former,None,Moderate,Home Health Care,1,Private,Emergency,0
P005910,85,Female,24.9,102,57,84,199.0,8.1,194.0,2,1,3,1,1,1,0,0,0,Never,Low,Low,Rehabilitation,0,Medicare,Elective,1
P004353,65,Female,26.1,115,86,81,98.0,4.2,174.0,2,1,2,2,1,0,0,0,1,Never,Moderate,Low,Home,1,Medicare,Urgent,0
P004428,43,Male,26.4,133,76,76,114.0,5.5,388.0,1,0,3,0,0,0,0,0,0,Current,None,Low,Home Health Care,1,Medicaid,Emergency,0
P001032,67,Male,25.5,148,77,75,146.0,5.5,235.0,2,0,5,1,1,0,1,0,0,Current,Low,Moderate,Home Health Care,0,Medicare,Urgent,1
P005135,56,Male,37.6,107,61,88,81.0,4.5,258.0,2,0,7,0,0,0,0,0,0,Never,Moderate,Moderate,Home,1,Medicaid,Emergency,0
P000158,79,Female,29.8,131,85,107,175.0,6.6,243.0,8,6,6,2,3,1,1,0,1,Never,None,High,Home,0,Private,Urgent,1
P001949,51,Other,26.9,126,74,81,104.0,6.2,193.0,3,0,3,3,1,0,1,0,0,Former,Low,High,Rehabilitation,0,Medicaid,Urgent,1
P004336,51,Female,25.4,115,76,66,103.0,5.5,243.0,2,3,5,0,0,0,0,0,0,Current,None,Moderate,Home,0,Medicaid,Urgent,0
P000767,65,Female,24.5,108,65,70,134.0,7.7,184.0,6,0,8,0,2,1,0,0,1,Never,None,Moderate,Home,1,Medicare,Urgent,0
P002273,73,Female,28.6,128,84,83,173.0,5.6,164.0,3,0,4,1,2,0,0,0,1,Never,Moderate,High,Home Health Care,0,Medicare,Emergency,0
P005991,32,Female,23.9,111,71,89,118.0,5.3,246.0,4,2,7,1,2,0,0,0,0,Never,Moderate,Moderate,Home,1,Medicaid,Emergency,1
P004933,90,Female,27.1,142,81,71,242.0,8.5,181.0,4,3,7,2,3,1,1,1,0,Current,High,High,Home Health Care,1,Medicare,Urgent,0
P000491,80,Male,30.2,149,69,90,186.0,8.5,110.0,2,4,5,1,2,1,1,0,0,Never,Low,Low,Rehabilitation,0,Medicare,Urgent,0
P001034,71,Female,30.8,130,79,67,84.0,5.5,148.0,4,4,11,1,5,0,1,0,0,Current,None,Moderate,Home,1,Medicare,Emergency,1
P005896,61,Male,22.4,135,81,95,146.0,5.5,227.0,4,3,5,1,2,0,1,0,1,Former,None,Low,Home,1,Private,Urgent,0
P002148,78,Male,33.5,150,108,83,184.0,8.1,199.0,5,3,4,3,2,1,0,0,0,,High,Moderate,Home,0,Medicare,Urgent,1
P001068,71,Female,21.4,146,85,53,69.0,4.5,228.0,4,2,5,1,1,0,1,0,0,Former,None,Low,Home,1,Medicare,Elective,0
P004016,62,Male,38.1,105,69,99,134.0,8.1,231.0,3,0,2,0,1,1,0,0,0,Never,Low,Moderate,Rehabilitation,1,Private,Elective,0
P000332,74,Female,40.8,118,65,92,60.0,4.4,137.0,5,1,8,1,3,0,1,1,0,Never,Moderate,Low,Home,1,Medicare,Urgent,0
P000523,84,Male,31.8,158,94,75,97.0,,217.0,6,2,11,1,5,0,1,1,1,Never,Low,Moderate,Rehabilitation,1,Medicare,Emergency,1
P003578,67,Female,20.8,130,83,70,81.0,4.1,223.0,4,1,7,4,2,0,1,0,0,Never,Low,Low,Home,1,Medicare,Emergency,1
P002687,38,Female,39.2,142,90,66,84.0,5.6,127.0,5,0,4,0,2,0,1,0,0,Current,None,Low,Home Health Care,0,Uninsured,Elective,0
P004108,83,Female,22.5,144,81,89,100.0,5.7,228.0,9,0,7,0,4,0,1,1,0,Former,High,Moderate,Home,0,Private,Elective,0
P004743,62,Female,27.1,116,74,84,159.0,7.6,176.0,3,0,6,0,2,1,0,0,0,Never,None,Low,Skilled Nursing Facility,0,Medicaid,Elective,0
P005008,70,Male,22.5,121,73,89,152.0,6.3,200.0,0,1,5,0,0,0,0,0,0,Current,High,Low,Home Health Care,0,Medicare,Emergency,0
P005370,91,Male,17.4,175,103,81,122.0,5.7,199.0,5,4,5,1,5,0,1,1,1,,High,Low,Rehabilitation,1,Medicare,Emergency,1
P003787,59,Female,22.5,169,86,68,86.0,5.9,146.0,5,1,5,1,2,0,1,0,0,Never,,Moderate,Rehabilitation,0,Private,Emergency,0
P000945,68,Male,35.8,137,84,92,60.0,5.1,202.0,3,1,7,0,3,0,1,0,0,Never,Moderate,Low,Home Health Care,1,Medicare,Emergency,0
P004601,75,Female,22.1,106,67,70,120.0,5.0,192.0,4,0,4,0,1,0,0,0,1,Never,,Low,Home,1,Private,Elective,0
P004395,47,Female,27.2,114,73,98,103.0,4.7,241.0,4,0,6,0,0,0,0,0,0,Never,None,Low,Home Health Care,0,Private,Emergency,0
P003326,68,Female,36.0,107,69,72,105.0,4.8,233.0,4,0,5,1,2,0,0,0,0,Never,None,Moderate,Home,0,Medicare,Elective,0
P002109,52,Female,37.3,130,77,84,92.0,4.5,279.0,1,1,3,0,1,0,0,0,0,Former,Moderate,Moderate,Home,1,Private,Elective,0
P005711,77,Male,27.2,139,82,77,69.0,5.2,194.0,6,1,4,1,2,0,1,0,0,Never,Moderate,Low,Home,1,Medicare,Urgent,0
P000465,47,Male,39.1,101,81,81,118.0,6.7,185.0,7,2,4,2,3,0,0,0,1,Former,Low,High,Home,0,Medicaid,Elective,1
P000333,54,Male,27.3,127,82,70,64.0,5.1,171.0,1,0,7,0,0,0,0,0,0,Former,None,Moderate,Rehabilitation,1,Uninsured,Emergency,0
P004782,82,Female,32.2,136,91,83,104.0,5.8,189.0,3,2,4,1,3,0,1,1,0,Former,Low,Moderate,Home,1,Medicare,Urgent,0
P000784,77,Male,30.5,131,73,86,215.0,6.9,254.0,7,2,6,3,3,1,1,1,0,,Low,High,Home Health Care,1,Medicare,Elective,1
P005495,76,Female,25.1,132,86,85,80.0,5.2,197.0,4,1,3,2,2,0,0,0,0,Former,Moderate,High,Rehabilitation,1,Uninsured,Emergency,0
P003468,36,Female,35.2,124,70,71,165.0,7.3,257.0,3,2,4,0,2,1,0,0,0,Former,None,High,Home,1,Private,Elective,0
P000257,71,Male,30.1,128,75,81,86.0,4.9,237.0,0,2,4,2,0,0,0,0,0,Never,None,High,Home,0,Medicare,Elective,0
P004385,75,Female,21.8,112,75,74,106.0,6.0,221.0,1,0,5,0,0,0,0,0,0,Former,Low,Moderate,Rehabilitation,1,Medicaid,Emergency,0
P004519,60,Female,28.1,147,91,77,188.0,7.4,251.0,9,2,6,2,4,1,1,0,1,Never,None,Moderate,Home,1,Private,Emergency,0
P000837,59,Female,26.5,139,84,71,160.0,7.7,219.0,4,0,4,2,2,1,0,0,1,Never,None,Low,Other,1,Private,Urgent,0
P001768,77,Male,24.4,163,100,88,99.0,4.6,226.0,5,1,4,1,2,0,1,1,0,Never,Moderate,Moderate,Home,1,Medicare,Emergency,0
P001187,59,Female,32.8,97,63,69,166.0,6.4,191.0,2,0,3,0,1,0,0,0,0,Never,Low,High,Home,1,Private,Urgent,0
P005816,58,Female,29.1,130,80,87,122.0,6.8,190.0,2,1,7,0,1,1,0,0,0,Former,None,Moderate,Home,1,Private,Emergency,0
P003896,40,Male,35.4,102,71,71,153.0,8.3,194.0,4,0,6,1,2,1,0,0,0,Never,Low,Moderate,Other,1,Private,Emergency,0
P001079,55,Male,27.0,126,60,93,76.0,5.4,223.0,3,1,5,0,0,0,0,0,0,Never,Low,Moderate,Home,0,Private,Elective,0
P005081,49,Male,36.2,139,77,80,188.0,7.6,164.0,1,2,5,0,2,1,1,0,0,Never,Moderate,Low,Home,0,Medicaid,Emergency,0
P005759,69,Male,23.0,138,78,99,124.0,5.4,255.0,6,1,4,0,1,0,1,0,0,Current,None,Low,Home Health Care,1,Medicare,Emergency,0
P001338,74,Female,20.0,152,79,87,153.0,5.8,220.0,5,0,6,0,1,0,0,1,0,Never,Moderate,Low,Home,0,Medicaid,Emergency,0
P001368,84,Male,29.6,153,91,113,90.0,5.4,255.0,3,2,6,1,3,0,1,0,0,Former,High,Low,Skilled Nursing Facility,1,Medicare,Emergency,1
P000806,80,Female,27.6,137,89,89,117.0,5.5,221.0,2,4,2,0,1,0,1,0,0,Former,Low,Low,Skilled Nursing Facility,1,Medicare,Elective,1
P001049,50,Female,27.1,106,72,81,100.0,4.9,237.0,3,0,5,1,1,0,1,0,0,Former,Moderate,Moderate,Skilled Nursing Facility,1,Private,Emergency,0
P000864,65,Male,39.3,151,77,67,154.0,7.8,217.0,8,2,4,2,2,1,1,0,0,Never,Low,Moderate,Home,1,Private,Emergency,0
P002205,80,Male,26.5,135,71,77,157.0,7.4,212.0,7,3,6,1,3,1,1,1,0,Former,Moderate,High,Home,1,Medicare,Emergency,0
P005785,63,Female,30.9,136,87,58,152.0,5.6,259.0,6,2,5,2,2,0,1,0,1,Former,None,High,Home,1,Medicare,Emergency,0
P003535,71,Male,27.3,125,67,59,113.0,5.1,184.0,3,0,6,0,2,0,0,0,1,Current,Moderate,Moderate,Home,1,Medicare,Emergency,0
P001997,69,Male,34.1,105,66,67,92.0,4.4,202.0,0,0,3,2,1,0,0,1,0,Former,None,High,Home,0,Medicare,Urgent,1
P000576,42,Male,25.4,110,77,66,84.0,5.3,179.0,0,1,2,0,0,0,0,0,0,Never,Low,High,Home,1,Uninsured,Elective,0
P002663,59,Female,26.0,123,77,92,125.0,6.1,242.0,4,3,5,1,2,0,1,0,0,Never,Low,Moderate,Home,1,Private,Urgent,0
P004483,70,Male,20.4,107,78,77,108.0,4.7,194.0,0,0,3,0,0,0,0,0,0,Never,None,High,Skilled Nursing Facility,1,Medicare,Elective,0
P001944,31,Male,24.7,115,78,88,120.0,5.5,159.0,0,0,8,0,0,0,0,0,0,Never,Low,Low,Home,1,Private,Emergency,0
P000530,87,Female,24.3,136,74,103,93.0,4.6,261.0,7,2,9,3,2,0,1,1,0,,,Low,Home,1,Medicare,Emergency,0
P000062,59,Male,27.6,134,98,79,148.0,5.7,209.0,12,0,6,2,3,0,0,1,0,Former,None,Low,Home,0,Medicaid,Emergency,0
P001537,75,Female,23.0,131,66,89,188.0,6.9,233.0,4,4,9,2,5,1,1,1,1,Current,Moderate,Low,Home Health Care,0,Medicare,Urgent,1
P000612,68,Female,30.1,122,62,100,107.0,5.1,226.0,2,2,3,2,1,0,0,0,1,Former,None,Moderate,Skilled Nursing Facility,1,Medicare,Urgent,0
P004910,63,Male,35.9,157,96,61,164.0,7.8,225.0,7,3,2,1,3,1,1,0,0,Former,Low,High,Home,1,Medicaid,Elective,0
P002713,63,Female,38.3,102,70,100,180.0,7.7,212.0,7,2,7,0,5,1,0,1,0,Former,None,Moderate,Rehabilitation,0,Medicaid,Elective,1
P005587,56,Male,28.8,133,88,76,75.0,5.5,220.0,2,0,2,1,2,0,0,0,0,Never,Low,Moderate,Home,1,Uninsured,Urgent,0
P001723,54,Male,20.4,120,87,68,133.0,6.2,144.0,5,0,5,1,3,0,0,0,0,Never,Low,High,Home,1,Medicare,Urgent,0
P004286,89,Male,27.0,111,71,62,111.0,5.2,148.0,2,1,5,1,2,0,0,0,1,Former,Low,Moderate,Home,0,Uninsured,Emergency,1
P005426,55,Female,29.3,132,80,77,87.0,4.8,110.0,1,1,6,2,1,0,0,0,1,Former,Moderate,High,Home Health Care,1,Medicaid,Elective,0
P000826,64,Female,33.6,122,80,75,,6.9,252.0,8,3,7,2,4,1,1,1,1,Current,None,Low,Home Health Care,1,Private,Emergency,0
P000224,48,Female,32.5,112,76,83,65.0,5.3,181.0,1,0,4,1,1,0,0,0,0,Current,None,Low,Home Health Care,0,Medicaid,Elective,1
P004541,80,Female,29.2,150,89,83,130.0,4.5,,10,1,4,2,2,0,1,1,0,Never,Moderate,Low,Home,0,Medicare,Emergency,0
P005040,47,Male,,112,71,76,202.0,5.7,202.0,2,1,4,0,1,0,0,0,0,Former,Low,Low,Home,1,Private,Emergency,1
P001155,74,Female,24.5,140,85,88,192.0,7.5,232.0,4,3,5,0,2,1,0,0,0,Never,Low,High,Home,1,Medicare,Emergency,0
P003118,62,Female,33.4,126,72,81,164.0,7.0,227.0,0,2,3,1,1,1,0,0,0,Former,,Moderate,Home,1,Medicaid,Elective,0
P001114,60,Female,30.5,135,77,65,60.0,4.4,181.0,3,1,2,1,1,0,0,0,0,Never,Moderate,High,Home Health Care,1,Medicare,Urgent,0
P002721,67,Male,34.0,146,96,84,88.0,5.3,205.0,5,3,9,2,4,0,1,1,0,Never,Low,Low,Home,1,Medicare,Emergency,0
P003177,77,Male,29.2,141,76,71,128.0,4.7,230.0,5,0,3,0,1,0,1,0,0,Never,Moderate,Moderate,Home,0,Medicare,Urgent,0
P002336,65,Male,31.8,133,65,61,168.0,8.2,167.0,10,0,6,1,3,1,1,1,0,Former,None,Moderate,Home,1,Medicare,Emergency,1
P001919,59,Female,24.1,122,79,60,73.0,5.1,214.0,0,0,8,0,0,0,0,0,0,Never,Low,Low,Home,1,Private,Emergency,0
P001015,48,Male,35.5,148,92,52,76.0,5.7,204.0,5,0,5,1,2,0,1,0,0,Never,None,Low,Skilled Nursing Facility,0,Private,Urgent,0
P003772,44,Female,26.5,118,83,61,109.0,5.5,189.0,2,0,3,0,0,0,0,0,0,Never,Low,Moderate,Home,0,Private,Urgent,0
P001166,51,Male,26.2,118,70,75,90.0,5.6,169.0,3,0,5,0,0,0,0,0,0,Former,Low,Low,Home Health Care,0,Private,Emergency,0
P000246,45,Male,36.1,127,71,77,104.0,5.3,157.0,5,2,4,1,2,0,0,0,0,Never,Low,Moderate,Home,1,Private,Urgent,0
P001675,61,Male,24.7,117,74,77,109.0,5.5,177.0,3,0,1,0,1,0,1,0,0,Former,Low,Moderate,Rehabilitation,1,Private,Urgent,0
P001451,59,Female,28.1,85,62,102,420.0,6.0,212.0,1,0,6,0,0,0,0,0,0,Never,None,Low,Home Health Care,0,Private,Elective,0
P004895,51,Female,35.2,125,83,85,240.0,8.6,,1,0,2,1,1,1,0,0,0,Never,None,Moderate,Home Health Care,1,Uninsured,Elective,0
P004433,72,Male,24.8,151,103,89,63.0,4.9,168.0,9,1,7,2,2,0,1,1,0,Former,None,Moderate,Rehabilitation,1,Medicare,Emergency,0
P003774,72,Male,20.9,127,73,64,99.0,5.8,197.0,2,0,2,0,0,0,0,0,0,Never,Low,Moderate,Home,1,Medicare,Elective,0
P005951,30,Male,36.5,106,74,92,178.0,7.9,,6,0,5,1,1,1,0,0,0,Never,Low,Moderate,Home,1,Private,Urgent,0
P001559,76,Female,21.3,125,62,91,208.0,7.5,198.0,6,1,6,1,6,1,0,0,1,Former,Low,Low,Skilled Nursing Facility,0,Medicare,Urgent,0
P004155,54,Other,28.8,140,77,92,143.0,4.5,172.0,7,0,4,2,2,0,1,0,0,Never,Low,Moderate,Home,1,Uninsured,Urgent,0
P002162,50,Female,34.0,148,64,82,124.0,5.3,185.0,8,2,2,1,4,0,1,0,0,Never,Low,High,Home,0,Private,Urgent,1
P004602,65,Female,24.4,134,88,61,124.0,5.6,225.0,6,1,7,1,4,0,1,1,0,Former,,High,Home Health Care,0,Private,Elective,1
P001314,70,Male,29.1,146,77,94,164.0,5.8,165.0,1,0,4,0,0,0,0,0,0,Former,High,Low,Home,0,Private,Urgent,0
P002643,49,Female,34.0,109,72,87,158.0,5.6,214.0,3,0,3,1,0,0,0,0,0,Never,Moderate,Moderate,Home Health Care,0,Private,Elective,0
P005743,73,Male,19.5,132,94,76,212.0,5.5,247.0,1,0,2,0,1,0,1,0,0,Current,None,High,Home,0,Medicare,Elective,1
P001954,54,Male,22.2,133,90,77,157.0,7.9,174.0,1,0,2,1,2,1,1,0,0,Former,None,Moderate,Home,0,Private,Elective,0
P005827,78,Male,30.5,116,66,84,97.0,5.3,177.0,7,2,3,1,4,0,1,1,0,Former,None,Moderate,Home Health Care,1,Medicaid,Elective,0
P001955,67,Female,30.2,124,83,65,184.0,,227.0,3,1,7,3,3,1,0,0,0,Former,Low,Low,Home,1,Medicare,Urgent,0
P000008,59,Male,31.0,116,67,75,69.0,5.8,238.0,1,1,1,0,0,0,0,0,0,Former,None,High,Home,0,Private,Urgent,0
P000226,67,Female,21.5,134,85,88,187.0,5.6,243.0,5,0,9,2,2,0,1,0,0,Former,Moderate,High,Home,1,Private,Elective,0
P003463,44,Female,36.0,121,68,86,84.0,5.0,191.0,7,1,46,1,4,0,0,0,1,Former,None,Moderate,Rehabilitation,0,Medicare,Emergency,0
P003848,100,Male,24.8,169,98,109,102.0,4.6,277.0,5,1,8,1,3,0,1,1,1,Never,Moderate,Moderate,Home,1,Private,Emergency,1
P003958,79,Female,28.6,129,74,69,,7.7,211.0,13,1,9,2,4,1,1,1,1,Current,Moderate,Low,Skilled Nursing Facility,1,Medicaid,Elective,0
P003528,44,Female,34.0,146,83,59,94.0,4.9,201.0,6,0,8,4,1,0,1,0,0,Never,Low,Moderate,Home,1,Private,Emergency,0
P000488,70,Female,22.0,143,91,92,112.0,5.2,221.0,7,0,3,0,2,0,0,1,1,Never,Moderate,Low,Skilled Nursing Facility,1,Medicare,Elective,0
P000285,47,Male,16.0,104,70,76,116.0,5.9,197.0,0,1,2,0,0,0,0,0,0,,Moderate,Low,Home,0,Medicaid,Elective,0
P005820,69,Male,30.7,126,83,71,112.0,5.3,204.0,2,1,5,1,2,0,0,0,1,Never,None,Moderate,Home Health Care,1,Medicare,Emergency,0
P001823,82,Female,28.7,151,91,85,108.0,5.6,130.0,2,1,5,0,0,0,0,0,0,Current,Moderate,Low,Home,0,Medicare,Urgent,0
P003382,69,Female,27.3,156,82,64,,7.4,402.0,3,3,4,1,3,1,1,0,1,Former,Low,High,Home Health Care,1,Medicare,Emergency,1
P004888,88,Other,15.1,137,80,89,137.0,6.1,182.0,4,1,7,0,3,0,1,0,0,Never,None,Moderate,Home,1,Medicare,Urgent,0
P005659,64,Female,27.9,144,91,64,119.0,6.1,176.0,3,0,5,1,3,0,1,1,0,Current,None,Moderate,Home,1,Uninsured,Emergency,0
P003302,95,Female,25.7,143,81,70,113.0,5.7,129.0,6,0,10,2,2,0,1,0,0,Never,Moderate,Moderate,Rehabilitation,1,Medicare,Emergency,0
P005053,80,Male,36.3,112,68,87,106.0,4.8,240.0,4,0,6,0,0,0,0,0,0,Former,Moderate,High,Skilled Nursing Facility,1,Private,Elective,0
P002430,91,Female,30.7,119,85,64,170.0,7.5,221.0,4,3,2,2,2,1,0,1,0,Never,None,Moderate,Home,0,Medicare,Elective,0
P000023,82,Male,34.5,148,81,45,68.0,5.3,275.0,6,2,5,1,2,0,1,0,1,Never,None,Low,Home Health Care,1,Medicare,Urgent,0
P003860,70,Male,23.4,138,77,66,76.0,4.6,236.0,2,2,4,4,2,0,1,1,0,Former,None,Low,Home,1,Medicare,Urgent,1
P005509,67,Female,20.9,114,64,70,95.0,4.9,201.0,3,2,4,0,0,0,0,0,0,Current,Low,Low,Home,0,Medicare,Emergency,0
P002403,68,Female,25.4,134,78,74,60.0,4.9,146.0,14,2,7,0,5,0,1,1,1,Former,Moderate,Low,Home,1,Medicare,Emergency,0
P000056,54,Female,,87,52,84,78.0,4.8,194.0,3,2,10,2,2,0,0,0,0,Never,Moderate,Low,Rehabilitation,0,Private,Emergency,0
P001336,92,Female,31.7,129,62,76,166.0,7.3,180.0,9,1,5,1,4,1,1,0,1,Current,High,Moderate,Home,1,Medicare,Elective,1
P002772,73,Female,31.6,143,78,88,85.0,4.5,216.0,1,0,5,0,2,0,0,0,0,Current,Low,Moderate,Home,0,Medicaid,Emergency,0
P001039,76,Male,26.1,139,97,84,,4.1,226.0,1,1,6,1,2,0,1,1,0,Never,Moderate,Moderate,Skilled Nursing Facility,1,Medicare,Elective,0
P001295,68,Female,25.8,147,90,77,104.0,5.8,117.0,3,2,7,0,2,0,1,0,0,Never,Low,Low,Home,1,Medicare,Emergency,0
P000724,42,Female,25.1,85,58,87,75.0,5.5,161.0,3,0,6,0,0,0,0,0,0,Never,High,Low,Home Health Care,1,Private,Emergency,0
P003959,55,Female,21.9,111,79,76,65.0,5.6,254.0,7,1,4,0,2,0,0,0,0,Never,Low,Low,Rehabilitation,1,Uninsured,Urgent,0
P000286,57,Male,29.5,120,80,64,94.0,5.2,145.0,3,0,6,0,1,0,0,0,1,Former,None,Low,Home,0,Uninsured,Elective,1
P005046,85,Male,27.2,158,94,92,496.0,5.1,204.0,7,1,2,0,2,0,1,1,0,Former,Low,Moderate,Rehabilitation,0,Medicare,Urgent,0
P002011,45,Female,31.3,147,80,91,142.0,6.3,207.0,3,1,7,1,2,0,1,0,0,Never,Moderate,Moderate,Home,1,Private,Urgent,0
P005954,70,Female,34.7,152,94,96,107.0,5.6,138.0,4,3,5,0,2,0,1,0,0,Never,None,Moderate,Home,1,Medicare,Emergency,0
P001649,61,Male,25.9,118,84,79,98.0,5.3,211.0,3,2,8,3,2,0,1,1,0,Never,Low,Moderate,Skilled Nursing Facility,0,Private,Urgent,1
P000824,32,Female,32.5,125,76,81,,4.8,121.0,5,2,8,0,2,0,0,0,0,Current,High,Low,Home,1,Private,Elective,0
P001964,60,Female,23.8,141,103,89,202.0,6.8,207.0,1,1,3,2,2,1,0,0,1,Never,High,Low,Rehabilitation,0,Private,Emergency,0
P000591,46,Female,39.4,131,85,78,104.0,5.1,142.0,0,1,3,0,0,0,0,0,0,Former,Moderate,Low,Home,0,Medicare,Elective,0
P000639,73,Male,28.8,138,93,82,97.0,5.1,206.0,2,0,2,0,1,0,0,1,0,Former,None,Low,Home,1,Private,Emergency,0
P002542,70,Female,27.5,151,86,53,154.0,8.2,205.0,3,1,4,1,2,1,1,0,0,Never,Moderate,Moderate,Home,1,Medicare,Emergency,0
P000832,87,Female,25.3,120,60,59,158.0,5.9,200.0,2,1,2,0,1,0,0,0,0,Never,None,Moderate,Home,1,Medicaid,Urgent,0
P000709,61,Male,30.8,130,95,68,164.0,7.6,172.0,2,1,2,3,2,1,1,0,0,Current,None,Moderate,Home,0,Private,Urgent,0
P005170,97,Male,25.4,133,75,83,187.0,8.3,186.0,8,2,4,0,1,1,0,0,0,Never,Low,Low,Skilled Nursing Facility,0,Medicare,Emergency,1
P002566,50,Female,23.6,140,89,88,63.0,5.1,162.0,1,0,5,0,1,0,1,0,0,Former,Moderate,Moderate,Rehabilitation,1,Medicare,Emergency,0
P005783,46,Female,22.9,103,76,82,115.0,5.7,137.0,2,0,7,0,3,0,0,0,0,Never,Low,Moderate,Home,0,Uninsured,Elective,0
P000265,71,Male,29.3,149,85,67,132.0,5.4,255.0,0,0,3,1,0,0,0,0,0,Never,Low,Moderate,Home,0,Medicare,Elective,0
P004439,43,Male,33.9,121,76,87,88.0,4.7,243.0,10,1,4,0,3,0,1,1,0,Current,Moderate,High,Home Health Care,1,Private,Urgent,0
P005203,50,Male,30.7,117,73,71,109.0,5.1,200.0,12,0,7,1,3,0,0,0,0,Former,Low,Moderate,Home,0,Uninsured,Emergency,0
P001288,64,Female,27.5,121,77,84,211.0,7.0,301.0,4,0,8,3,2,1,0,1,0,Never,None,Low,Home,1,Medicaid,Elective,0
P003273,61,Female,,115,74,81,142.0,6.7,201.0,5,0,4,1,2,1,0,0,0,Current,Low,Low,Home,1,Uninsured,Elective,1
P001509,94,Male,36.6,135,79,92,125.0,5.9,282.0,5,3,3,0,3,0,0,1,1,Former,Low,Moderate,Home,1,Medicare,Urgent,0
P000278,47,Female,31.7,120,79,76,60.0,4.5,222.0,1,0,5,0,0,0,0,0,0,Never,High,Moderate,Home,1,Private,Urgent,0
P001826,74,Female,33.9,151,70,68,114.0,4.9,196.0,3,0,3,4,2,0,1,0,1,Never,Low,Low,Home Health Care,0,Medicare,Urgent,0
P002344,61,Female,30.4,129,92,85,98.0,4.5,145.0,2,0,6,0,0,0,0,0,0,Current,Low,Low,Home,0,Medicaid,Elective,0
P001215,24,Female,26.9,117,77,86,98.0,5.2,181.0,5,1,6,1,1,0,0,0,0,Never,Low,Moderate,Home,1,Private,Urgent,0
P000463,40,Male,24.0,109,71,67,121.0,4.9,240.0,4,0,3,0,1,0,0,0,0,Former,Low,High,Home,1,Private,Urgent,0
P000379,88,Male,36.0,165,80,98,122.0,6.0,172.0,7,1,9,3,4,0,1,1,0,Never,Low,Moderate,Home Health Care,1,Medicare,Emergency,0
P005374,55,Male,27.0,118,85,81,111.0,4.5,258.0,0,1,4,0,1,0,0,0,0,Never,Moderate,High,Home Health Care,1,Private,Elective,0
P002390,63,Female,24.1,146,83,45,73.0,5.1,238.0,4,4,10,2,5,0,1,0,0,Never,None,Moderate,Home,1,Private,Emergency,0
P002269,36,Male,27.5,115,73,102,156.0,7.8,120.0,4,1,8,2,2,1,0,0,1,Never,Low,High,Home,1,Medicaid,Emergency,0
P004560,45,Male,30.1,141,68,91,139.0,5.0,261.0,6,1,8,1,2,0,0,0,0,Former,Low,Low,Home,1,Medicaid,Emergency,0
P001764,48,Female,19.2,110,69,100,105.0,4.6,110.0,7,0,5,1,2,0,1,0,0,Never,None,Moderate,Home,1,Private,Emergency,0
P000861,49,Male,32.3,119,66,84,114.0,5.1,268.0,1,1,2,0,0,0,0,0,0,Never,Low,Low,Home,0,Medicaid,Elective,0
P001945,58,Male,25.5,138,84,87,88.0,5.6,242.0,7,2,6,1,2,0,1,0,0,,Low,Moderate,Other,0,Private,Emergency,0
P001078,100,Female,28.8,172,95,87,198.0,7.7,208.0,3,4,6,3,5,1,1,1,1,Never,None,Moderate,Home Health Care,1,Medicare,Elective,0
P005539,72,Female,34.6,147,96,61,97.0,,205.0,3,5,3,6,3,0,1,0,0,Former,None,Moderate,Home,1,Medicare,Urgent,1
P001870,68,Male,16.7,152,89,92,126.0,5.5,180.0,4,1,2,1,3,0,1,0,1,Never,None,Low,Home,1,Medicare,Emergency,0
P000237,32,Female,24.2,117,69,78,98.0,5.7,181.0,5,0,4,1,0,0,0,0,0,Former,None,Low,Home,0,Medicaid,Urgent,0
P005034,63,Female,31.0,143,75,66,110.0,5.1,175.0,3,0,4,0,1,0,1,0,0,Never,None,Moderate,Home,0,Private,Emergency,0
P003662,70,Female,28.5,133,79,87,66.0,5.5,196.0,3,1,3,0,2,0,0,0,0,Current,None,Moderate,Home,1,Uninsured,Urgent,0
P005273,55,Female,28.6,118,58,74,226.0,8.8,181.0,1,0,4,0,1,1,0,0,0,Never,None,Low,Home,1,Uninsured,Emergency,1
P001712,30,Male,25.9,125,73,65,176.0,5.3,230.0,3,0,6,1,1,0,0,0,0,Never,None,Low,Other,1,Private,Emergency,0
P003890,53,Other,20.4,140,77,77,94.0,4.7,181.0,5,1,5,1,2,0,1,0,0,Never,Low,High,Home,1,Private,Urgent,0
P001453,62,Female,18.2,113,73,72,124.0,5.0,185.0,1,1,7,2,4,0,0,1,0,Current,None,Low,Other,1,Medicaid,Urgent,0
P000667,40,Male,34.3,105,65,84,66.0,5.0,169.0,2,1,4,0,0,0,0,0,0,Former,Low,High,Home,1,Private,Elective,0
P003149,91,Male,34.6,142,81,68,87.0,5.2,259.0,4,1,6,0,3,0,1,0,0,Former,None,Moderate,Other,1,Medicare,Emergency,1
P002018,54,Male,36.2,137,90,111,124.0,5.9,117.0,4,0,8,0,1,0,1,0,0,Former,Moderate,High,Skilled Nursing Facility,0,Private,Emergency,1
P003182,42,Female,30.7,153,86,75,123.0,5.6,180.0,6,1,1,0,3,0,1,0,0,Current,Low,Low,Home Health Care,1,Private,Urgent,0
P003538,59,Female,,105,71,62,195.0,8.0,155.0,6,2,3,1,3,1,0,0,0,Never,Low,Low,Home,1,Medicaid,Urgent,1
P000499,34,Male,29.8,104,83,87,178.0,7.2,209.0,5,1,8,4,3,1,0,0,0,Never,Low,High,Home,1,Private,Emergency,0
P003589,52,Male,37.8,130,68,72,176.0,7.9,201.0,4,2,2,3,2,1,0,0,0,Never,Low,Moderate,Home Health Care,1,Private,Urgent,0
P000590,88,Male,27.5,150,87,96,103.0,5.6,172.0,3,0,5,1,2,0,1,0,0,Current,None,Moderate,Rehabilitation,1,Medicare,Urgent,0
P005313,71,Male,20.6,89,57,72,139.0,5.2,253.0,4,3,8,0,2,0,0,0,0,Never,None,Low,Home,1,Medicare,Emergency,0
P001237,64,Male,28.3,121,76,74,113.0,5.5,134.0,4,2,3,0,1,0,0,0,0,,High,Moderate,Home,1,Private,Elective,0
P003866,48,Female,27.0,119,85,101,,5.5,215.0,3,1,4,0,0,0,0,0,0,Former,High,High,Home Health Care,1,Private,Elective,0
P002468,84,Female,36.2,131,85,73,180.0,7.4,217.0,4,3,13,1,4,1,0,1,1,Never,,Moderate,Home,1,Medicare,Urgent,0
P003855,65,Female,35.5,99,83,75,84.0,5.2,216.0,2,2,2,1,0,0,0,0,0,Former,None,Moderate,Home Health Care,1,Medicare,Urgent,0
P002184,49,Female,27.1,141,79,80,129.0,5.5,112.0,7,0,3,0,2,0,1,0,0,Current,,High,Home,1,Private,Urgent,0
P005612,54,Female,27.1,97,69,76,189.0,9.2,301.0,3,1,3,0,2,1,0,1,0,Never,Low,High,Home,1,Medicaid,Elective,0
P004525,80,Male,32.1,127,88,86,209.0,8.2,246.0,4,2,3,3,3,1,0,0,0,Never,High,Moderate,Home Health Care,1,Medicare,Emergency,0
P005643,74,Male,28.7,115,87,83,184.0,7.0,,4,5,8,1,3,1,0,0,1,Current,,Moderate,Other,0,Private,Emergency,1
P003413,66,Female,34.9,151,86,75,230.0,8.1,224.0,3,2,4,2,2,1,1,0,0,Never,None,Moderate,Home,1,Medicare,Emergency,0
P005325,64,Female,30.6,118,83,90,82.0,5.0,231.0,4,0,6,0,3,0,0,0,0,Never,Moderate,Moderate,Skilled Nursing Facility,0,Medicaid,Emergency,0
P002728,61,Male,39.3,130,82,75,163.0,,217.0,5,0,2,0,3,1,1,0,0,Former,,Moderate,Skilled Nursing Facility,1,Medicare,Urgent,0
P005857,76,Male,37.6,132,78,87,84.0,4.6,167.0,4,1,6,1,1,0,1,0,0,Current,Low,Moderate,Rehabilitation,1,Medicare,Elective,0
P004997,59,Male,29.4,125,87,66,119.0,4.7,116.0,6,1,65,1,2,0,1,0,0,Never,None,Moderate,Rehabilitation,1,Uninsured,Emergency,0
P003047,71,Male,33.7,157,100,65,101.0,5.0,250.0,3,0,4,0,1,0,1,0,0,Former,Low,Low,Home,1,Medicare,Elective,0
P004214,62,Female,26.0,107,60,96,102.0,4.3,225.0,2,2,6,2,1,0,0,0,0,Never,None,Low,Home,1,Private,Emergency,0
P003457,68,Male,16.7,151,99,73,85.0,4.3,145.0,6,1,6,1,2,0,1,0,0,Never,Moderate,Moderate,Home,0,Medicaid,Elective,0
P004752,68,Male,17.9,109,65,72,68.0,5.6,189.0,4,1,6,2,2,0,1,1,0,Former,Low,Moderate,Rehabilitation,0,Medicare,Emergency,1
P000539,28,Female,32.2,120,73,46,104.0,5.7,,4,0,9,0,2,0,0,0,0,Former,Low,Low,Home,0,Uninsured,Emergency,0
P003817,63,Male,24.2,116,96,59,100.0,5.6,215.0,3,1,4,1,0,0,0,0,0,Former,Low,Low,Home,1,Medicare,Urgent,0
P004671,26,Male,31.8,134,81,80,130.0,5.4,197.0,1,0,3,1,0,0,0,0,0,Never,Low,Low,Home,0,Private,Emergency,0
P003181,49,Female,28.7,129,85,83,108.0,5.6,152.0,5,1,4,1,2,0,1,0,0,Current,Moderate,High,Home,1,Uninsured,Urgent,0
P000687,76,Female,25.4,121,84,83,122.0,5.4,156.0,4,0,4,0,1,0,0,0,0,Never,None,Moderate,Home,0,Medicare,Emergency,0
P000137,69,Male,20.8,126,80,80,109.0,5.0,211.0,5,0,5,1,2,0,0,0,0,Current,Low,High,Home,1,Medicare,Urgent,0
P001565,50,Female,26.8,129,71,96,211.0,7.6,157.0,7,1,6,1,4,1,1,1,0,Former,Low,Low,Home,1,Private,Emergency,0
P002256,46,Female,25.3,108,78,75,158.0,6.8,189.0,3,0,5,1,1,1,0,0,0,Former,Moderate,High,Home,1,Private,Elective,0
P001519,59,Female,16.4,106,56,80,203.0,7.7,240.0,7,3,4,5,3,1,0,0,0,Never,None,High,Home,0,Medicaid,Urgent,1
P001805,65,Female,,115,77,64,81.0,4.6,189.0,4,0,6,0,1,0,0,0,0,Former,Low,Moderate,Other,1,Medicare,Emergency,0
P004561,74,Female,,99,71,92,195.0,7.3,143.0,7,3,6,1,4,1,0,0,0,Never,Moderate,Low,Home,0,Medicare,Urgent,1
P005637,71,Female,41.8,115,79,80,185.0,8.0,,6,2,5,3,2,1,1,0,0,Former,None,Moderate,Home,1,Medicare,Urgent,0
P004723,63,Male,23.2,113,75,74,100.0,5.2,231.0,8,1,5,1,2,0,0,1,0,Former,None,Moderate,Home,1,Medicaid,Elective,0
P003271,80,Female,22.4,124,74,87,118.0,4.9,174.0,2,1,6,1,0,0,0,0,0,Current,None,High,Home Health Care,0,Medicare,Urgent,0
P000001,69,Female,33.4,119,82,99,135.0,,189.0,3,3,6,0,4,0,0,0,1,Former,None,Low,Home,1,Medicare,Emergency,0
P002110,67,Female,30.5,105,79,79,183.0,8.0,216.0,5,1,12,1,3,1,0,0,0,Former,Low,Moderate,Home,0,Medicare,Emergency,0
P003907,40,Male,30.6,109,70,85,79.0,5.5,235.0,4,2,4,1,1,0,0,0,0,Former,Low,Low,Home,1,Medicaid,Elective,0
P001684,82,Female,30.5,107,79,83,104.0,,,1,1,3,0,0,0,0,0,0,,High,Moderate,Home,1,Medicare,Urgent,0
P003999,54,Male,36.1,128,87,81,102.0,6.5,167.0,4,0,2,0,3,0,1,0,0,Current,None,Low,Home,0,Private,Elective,0
P001807,71,Female,22.7,119,59,80,89.0,4.8,231.0,2,0,3,1,1,0,0,1,0,Former,None,High,Rehabilitation,1,Private,Urgent,0
P002698,66,Male,24.4,150,78,91,60.0,4.2,225.0,4,0,9,0,1,0,1,0,0,Former,Low,High,Home,1,Medicare,Emergency,0
P005182,63,Female,28.5,134,75,76,168.0,7.0,,3,2,4,2,3,1,1,1,0,Current,None,Low,Rehabilitation,0,Medicaid,Elective,0
P005753,81,Male,20.7,112,85,50,60.0,4.8,210.0,5,0,3,2,1,0,0,0,0,Former,High,Low,Home,0,Medicare,Elective,0
P002622,54,Female,33.1,123,80,82,83.0,5.0,248.0,5,1,2,0,2,0,1,1,0,Former,Low,Moderate,Home,1,Private,Urgent,0
P001437,57,Female,25.5,124,82,65,157.0,5.8,222.0,5,0,4,0,2,0,0,0,0,Never,None,High,Rehabilitation,0,Private,Emergency,0
P005823,66,Male,,134,77,80,99.0,5.1,224.0,5,1,3,0,1,0,1,0,0,Former,High,Low,Skilled Nursing Facility,0,Medicare,Emergency,1
P004048,56,Male,35.6,133,93,61,174.0,6.9,262.0,7,2,7,1,3,1,1,0,0,Former,Low,Moderate,Other,0,Private,Emergency,1
P000939,78,Male,35.9,159,89,92,122.0,5.2,137.0,3,0,1,0,1,0,1,0,0,Never,None,Moderate,Skilled Nursing Facility,1,Medicare,Urgent,0
P005841,55,Male,21.5,115,77,69,82.0,,245.0,3,2,6,3,2,0,1,0,0,Former,Moderate,Moderate,Rehabilitation,0,Private,Emergency,0
P002733,90,Female,24.2,116,83,79,180.0,7.8,165.0,16,2,5,1,4,1,0,0,1,Former,Low,High,Home Health Care,1,Uninsured,Emergency,1
P005280,94,Male,21.2,172,81,98,128.0,5.9,191.0,4,3,3,2,3,0,1,1,0,Never,Moderate,Moderate,Home Health Care,1,Medicare,Urgent,0
P002890,59,Male,26.0,129,79,76,70.0,7.2,138.0,5,2,8,2,2,0,0,0,0,Never,None,Moderate,Home Health Care,1,Medicaid,Elective,0
P000957,57,Male,22.3,108,65,98,112.0,5.8,169.0,1,1,3,0,0,0,0,0,0,Former,Moderate,Moderate,Home,1,Uninsured,Elective,1
P004850,64,Female,23.6,88,64,63,113.0,5.4,235.0,4,0,5,0,1,0,0,1,0,Former,None,Low,Home,0,Private,Emergency,0
P005270,53,Female,29.6,97,62,88,109.0,5.0,224.0,5,0,7,0,2,0,0,1,0,,Low,Low,Home,0,Medicaid,Emergency,0
P003019,70,Female,26.4,146,94,96,112.0,5.1,204.0,5,2,8,2,2,0,1,0,0,Current,Moderate,Moderate,Rehabilitation,1,Medicare,Elective,0
P000126,69,Male,22.4,142,85,84,103.0,5.7,233.0,6,2,7,3,4,0,1,0,0,Never,None,High,Home,1,Medicare,Emergency,0
P003775,80,Female,26.0,139,92,62,102.0,,195.0,3,2,8,0,3,0,1,1,1,Never,Moderate,Low,Home,0,Medicare,Emergency,1
P005333,69,Female,38.7,124,68,81,103.0,5.3,253.0,4,2,4,1,2,0,1,0,0,Former,None,Moderate,Home,0,Medicare,Emergency,0
P002645,86,Female,26.4,133,73,100,184.0,8.2,253.0,7,2,3,3,4,1,1,1,0,Current,None,Moderate,Home,1,Medicare,Urgent,0
P003240,47,Male,32.7,85,67,69,133.0,5.8,204.0,4,2,9,3,3,0,0,0,0,Never,Low,Moderate,Home Health Care,1,Medicaid,Emergency,0
P004364,55,Male,28.9,144,81,105,176.0,7.8,218.0,5,2,4,2,2,1,0,0,0,Former,Moderate,Moderate,Home,1,Private,Urgent,0
P001847,64,Female,34.1,155,90,85,90.0,5.8,119.0,1,2,5,1,2,0,0,1,0,Former,Moderate,Low,Home,1,Medicaid,Elective,0
P002610,44,Male,,114,68,57,104.0,4.8,247.0,4,1,3,2,2,0,0,0,0,Former,None,Moderate,Home,1,Medicaid,Elective,0
P001729,65,Male,28.7,137,74,83,60.0,6.1,213.0,1,0,4,1,1,0,1,0,0,Current,Moderate,High,Home,1,Medicare,Emergency,0
P000438,48,Female,29.2,117,59,82,120.0,5.8,132.0,3,0,3,0,1,0,0,0,0,Current,Moderate,Low,Home,1,Private,Emergency,0
P003621,69,Female,32.7,130,77,65,107.0,4.6,165.0,4,1,8,1,2,0,0,0,0,Never,None,Moderate,Home,0,Private,Emergency,0
P000210,59,Male,25.3,122,63,94,99.0,5.7,175.0,2,0,8,0,0,0,0,0,0,Former,None,High,Home,1,Private,Emergency,0
P001735,56,Female,30.9,141,81,63,138.0,6.0,193.0,2,0,6,0,2,0,1,0,0,Former,Moderate,Low,Home,0,Medicare,Emergency,0
P001183,52,Male,24.2,133,82,81,82.0,4.8,155.0,7,1,2,0,1,0,1,0,0,Former,High,High,Rehabilitation,0,Medicaid,Elective,0
P002419,73,Male,32.1,124,73,83,102.0,5.0,181.0,4,2,3,0,1,0,0,1,0,Former,Low,High,Home,1,Medicare,Emergency,0
P001933,51,Male,37.1,140,82,85,95.0,5.5,230.0,4,1,6,1,4,0,1,0,0,Never,Low,Moderate,Home,1,Private,Elective,0
P004039,54,Male,27.8,109,68,85,103.0,5.1,191.0,0,1,8,0,0,0,0,0,0,Current,None,Low,Home,1,Medicare,Emergency,0
P005969,66,Male,19.9,127,86,70,105.0,5.4,198.0,3,2,3,0,1,0,0,0,0,Never,Low,Moderate,Home,0,Private,Urgent,0
P002065,59,Female,25.1,139,89,67,119.0,5.5,155.0,5,0,7,2,3,0,1,0,0,Current,Moderate,Low,Home,0,Private,Emergency,1
P003141,61,Male,30.9,134,85,88,,,189.0,2,3,2,2,2,0,1,0,0,Former,None,High,Home,1,Private,Urgent,0
P005417,73,Female,23.2,105,82,83,97.0,4.5,206.0,2,1,6,0,3,0,0,1,1,,Low,Low,Home,1,Medicare,Emergency,0
P000142,49,Female,29.5,145,93,58,124.0,5.7,223.0,9,1,6,2,3,0,1,0,0,Never,Low,Moderate,Home,1,Medicare,Emergency,0
P002130,80,Male,26.4,120,74,78,110.0,5.4,183.0,4,0,5,0,2,0,0,1,0,Never,None,Moderate,Skilled Nursing Facility,1,Medicare,Urgent,0
P002625,56,Male,31.5,127,85,82,126.0,5.4,150.0,1,0,10,0,0,0,0,0,0,Current,Moderate,Moderate,Home,0,Private,Emergency,0
P005312,48,Male,20.4,106,56,78,123.0,4.9,144.0,1,0,3,1,0,0,0,0,0,Never,None,Moderate,Home,0,Private,Elective,0
P005679,67,Female,26.8,141,74,77,90.0,4.9,166.0,0,0,5,1,2,0,1,0,0,Former,Low,High,Home,1,Medicare,Emergency,0
P001875,48,Female,23.5,129,72,78,104.0,6.2,210.0,3,0,4,0,0,0,0,0,0,Former,Low,Moderate,Home,0,Private,Elective,0
P003450,63,Female,24.6,130,72,105,87.0,4.6,256.0,13,5,7,1,4,0,1,1,0,,Low,Low,Skilled Nursing Facility,0,Private,Urgent,1
P000598,76,Male,26.5,162,97,70,105.0,5.1,202.0,8,1,4,5,3,0,1,0,0,Former,None,Moderate,Home Health Care,1,Medicare,Urgent,0
P001606,84,Female,27.5,112,73,90,85.0,4.7,235.0,0,0,3,2,2,0,0,1,0,Former,None,Low,Home,1,Medicare,Elective,0
P000313,90,Female,29.9,134,77,80,123.0,5.9,294.0,3,0,9,0,1,0,1,0,0,Current,Low,Moderate,Skilled Nursing Facility,1,Medicare,Emergency,0
P003030,68,Female,,137,88,79,77.0,5.2,220.0,3,0,2,0,1,0,0,0,0,Never,Low,Low,Skilled Nursing Facility,0,Medicare,Emergency,1
P000888,58,Male,25.3,104,74,93,74.0,4.6,,2,0,5,0,1,0,0,0,0,Never,Moderate,High,Other,0,Private,Emergency,0
P005729,81,Male,31.3,143,86,77,196.0,7.7,174.0,4,2,3,1,3,1,1,1,0,Current,None,Low,Home,1,Medicare,Urgent,0
P003146,70,Male,20.8,146,86,87,91.0,4.3,240.0,3,1,8,0,1,0,1,0,0,Never,None,Low,Home,1,Medicare,Emergency,0
P004958,32,Female,35.3,134,79,66,207.0,8.1,214.0,1,2,5,0,3,1,1,0,0,Former,None,Moderate,Home,1,Private,Elective,0
P000611,48,Male,32.8,125,76,101,126.0,6.5,189.0,11,2,2,1,3,0,1,1,0,Former,Low,Low,Home,1,Private,Urgent,0
P000608,71,Female,25.9,133,67,84,148.0,6.4,205.0,3,2,5,4,3,0,0,1,0,Never,Moderate,Low,Home,1,Private,Elective,1
P001705,68,Female,28.7,114,70,56,85.0,6.0,140.0,3,1,4,2,1,0,0,0,0,,Low,Low,Home,0,Medicare,Elective,1
P005923,100,Female,30.0,134,72,72,411.0,5.0,217.0,4,2,3,2,3,0,1,1,0,Never,Moderate,Low,Home,1,Medicare,Urgent,0
P002191,75,Female,28.6,127,88,75,74.0,4.6,193.0,5,4,6,2,3,0,1,1,0,,Moderate,Moderate,Home Health Care,1,Medicare,Urgent,0
P005768,89,Female,21.8,118,77,86,95.0,5.0,163.0,1,1,2,0,2,0,1,0,0,Never,None,High,Skilled Nursing Facility,1,Medicare,Urgent,0
P000878,61,Male,19.9,119,69,83,98.0,4.6,234.0,0,2,2,1,0,0,0,0,0,Former,Low,Moderate,Rehabilitation,1,Uninsured,Elective,0
P001547,37,Male,33.0,134,91,63,108.0,,168.0,4,2,5,2,2,0,1,0,0,Former,Low,Low,Home,1,Medicaid,Emergency,0
P004324,66,Male,18.8,124,80,83,100.0,6.1,193.0,0,1,4,0,0,0,0,0,0,Current,Moderate,Low,Home,1,Private,Emergency,0
P005342,67,Female,30.7,152,81,85,156.0,5.3,224.0,1,0,6,1,2,0,1,0,0,Never,None,Low,Home,0,Medicare,Emergency,0
P001608,67,Female,29.2,140,103,107,153.0,,186.0,8,2,6,0,4,0,1,1,0,Former,None,Low,Home,0,Medicare,Urgent,0
P000562,69,Male,29.5,121,65,106,,4.0,178.0,7,1,11,1,2,0,1,0,0,Never,Low,Moderate,Home Health Care,1,Medicare,Emergency,0
P004246,64,Female,40.9,113,71,62,147.0,6.7,186.0,6,0,4,0,2,1,0,0,0,Never,Low,Moderate,Skilled Nursing Facility,1,Private,Emergency,0
P001381,82,Male,28.6,110,71,89,97.0,5.6,187.0,2,1,3,2,1,0,0,0,0,Never,Moderate,High,Home Health Care,1,Medicare,Emergency,0
P001538,39,Male,18.8,114,83,75,94.0,5.3,182.0,5,2,9,0,2,0,0,0,0,Never,,Low,Home Health Care,1,Private,Emergency,0
P000505,20,Male,26.8,107,74,91,133.0,5.0,472.0,2,2,4,0,0,0,0,0,0,Former,None,Low,Home,1,Private,Elective,0
P003745,100,Female,,136,81,98,115.0,5.9,229.0,2,1,2,0,2,0,0,1,0,Current,,Low,Skilled Nursing Facility,0,Medicare,Elective,0
P003935,70,Female,23.1,123,81,88,99.0,5.2,141.0,4,1,5,0,0,0,0,0,0,Never,Low,Low,Rehabilitation,0,Private,Urgent,0
P005533,63,Female,28.8,133,76,82,122.0,5.5,217.0,2,1,3,1,0,0,0,0,0,Never,None,Low,Home,1,Medicare,Elective,0
P003584,63,Female,22.4,151,72,65,128.0,6.0,232.0,1,1,4,2,1,0,1,0,0,Former,Moderate,Low,Skilled Nursing Facility,0,Medicaid,Urgent,0
P004708,59,Female,39.6,123,75,102,94.0,,393.0,3,3,5,2,3,0,0,1,0,Former,Low,High,Home,0,Private,Urgent,0
P004388,73,Male,41.0,109,77,74,189.0,6.9,290.0,4,1,2,0,1,1,0,0,0,Never,Low,Moderate,Home,1,Medicare,Emergency,0
P001191,87,Female,26.9,145,69,75,149.0,6.3,166.0,5,4,7,2,2,0,1,1,0,Current,Moderate,High,Home,1,Medicaid,Emergency,1
P002006,81,Female,30.1,137,84,72,70.0,4.2,119.0,2,0,4,0,1,0,1,0,0,Never,Low,Low,Skilled Nursing Facility,1,Medicare,Elective,0
P002989,67,Female,32.9,133,85,80,,4.9,152.0,11,3,11,4,3,0,0,1,1,Former,None,Moderate,Home,1,Medicare,Emergency,0
P004267,52,Male,21.0,124,88,61,107.0,,127.0,1,2,9,5,1,0,0,0,0,Current,Moderate,Moderate,Rehabilitation,1,Private,Emergency,0
P000649,66,Female,31.4,122,84,64,79.0,4.4,175.0,5,1,3,1,1,0,0,0,0,Never,None,Low,Rehabilitation,1,Private,Elective,0
P004289,62,Female,23.4,141,79,86,97.0,4.4,212.0,3,0,3,0,2,0,1,0,0,Current,Low,Low,Rehabilitation,1,Private,Urgent,0
P004230,78,Female,35.6,123,72,87,172.0,8.1,187.0,2,0,7,1,1,1,0,0,0,Former,Moderate,Low,Skilled Nursing Facility,1,Private,Emergency,0
P001581,82,Male,34.8,106,76,66,134.0,5.4,191.0,1,0,3,0,0,0,0,0,0,Current,Low,Low,Home,1,Medicare,Urgent,0
P004403,54,Male,27.4,117,82,103,64.0,4.5,168.0,2,1,3,1,1,0,0,0,0,Current,High,Moderate,Home,1,Private,Urgent,0
P005863,48,Female,33.8,91,57,80,151.0,5.8,224.0,2,0,2,0,0,0,0,0,0,Never,High,Moderate,Home,1,Medicaid,Elective,0
P002734,57,Male,37.5,145,97,87,93.0,5.1,284.0,7,1,7,2,2,0,1,1,0,Former,Low,Low,Rehabilitation,1,Uninsured,Urgent,1
P000230,60,Male,25.5,137,84,63,132.0,5.7,237.0,3,1,6,2,2,0,1,0,0,Current,Moderate,Moderate,Skilled Nursing Facility,0,Private,Elective,0
P000095,39,Female,26.0,134,75,86,,4.4,205.0,1,0,7,1,0,0,0,0,0,Former,Moderate,High,Home,1,Private,Emergency,0
P000307,59,Male,28.0,140,64,94,91.0,4.7,255.0,6,1,6,4,1,0,0,1,0,Former,Moderate,High,Home,1,Private,Emergency,0
P001793,68,Male,28.4,134,71,78,105.0,5.4,172.0,5,2,5,1,4,0,1,1,1,Current,None,Low,Home,0,Medicare,Urgent,0
P001004,74,Female,39.0,153,98,79,214.0,7.9,,7,0,5,2,2,1,1,0,0,Current,None,Moderate,Home,1,Medicare,Elective,1
P001253,52,Male,35.6,114,57,74,159.0,5.8,217.0,0,2,3,0,0,0,0,0,0,Former,Low,Moderate,Rehabilitation,1,Medicaid,Elective,0
P001996,70,Male,,158,98,78,175.0,7.3,162.0,11,2,3,1,5,1,1,0,0,Former,Low,Low,Home Health Care,0,Medicare,Elective,0
P002817,42,Male,22.9,94,80,70,89.0,5.4,195.0,2,0,5,0,0,0,0,0,0,Never,None,Moderate,Other,1,Private,Elective,0
P004745,61,Male,34.6,136,82,73,,7.6,236.0,2,0,7,0,2,1,0,0,1,Never,,High,Home,1,Uninsured,Emergency,0
P005451,61,Male,36.2,144,98,73,86.0,4.7,273.0,5,0,9,1,2,0,1,0,0,Current,None,Moderate,Home,1,Private,Emergency,0
P002446,100,Female,,141,77,78,84.0,5.1,248.0,8,3,6,3,3,0,1,1,1,Former,,Low,Home,1,Medicare,Elective,0
P004944,53,Female,37.4,141,87,94,194.0,7.5,200.0,1,0,3,0,3,1,1,0,1,Current,Moderate,Moderate,Home Health Care,0,Private,Elective,0
P003377,73,Female,34.8,115,78,66,141.0,7.9,120.0,0,0,8,0,1,1,0,0,0,Never,Moderate,Low,Home,1,Medicare,Emergency,0
P002494,53,Female,,148,78,90,154.0,5.7,252.0,0,0,4,0,1,0,1,0,0,Former,High,Moderate,Home,0,Private,Elective,0
P004880,48,Male,36.6,138,88,74,60.0,,257.0,1,0,3,0,0,0,0,0,0,Never,Low,Low,Home,0,Uninsured,Elective,0
P004260,58,Male,31.0,129,66,84,79.0,5.0,170.0,5,2,3,0,2,0,0,0,1,Former,Low,Moderate,Skilled Nursing Facility,1,Medicaid,Elective,0
P002612,76,Male,35.2,150,83,77,236.0,7.7,287.0,5,0,6,1,4,1,1,1,0,Never,Low,Low,Home,1,Medicare,Emergency,1
P004437,58,Male,33.0,102,67,104,174.0,7.5,180.0,4,2,3,0,1,1,0,0,0,Former,Moderate,Low,Home,1,Medicare,Urgent,0
P000567,62,Female,27.2,96,56,70,157.0,6.9,224.0,5,1,8,1,1,1,0,0,0,Former,Low,High,Home,0,Private,Elective,0
P001951,65,Female,27.4,129,73,55,116.0,,240.0,1,1,5,1,1,0,0,0,0,Never,Moderate,High,Rehabilitation,1,Medicare,Urgent,0
P004934,72,Male,32.1,132,86,76,103.0,5.1,206.0,1,0,2,1,0,0,0,0,0,Current,High,Moderate,Home,0,Medicare,Elective,0
P002383,41,Female,31.0,85,57,94,93.0,4.9,184.0,0,0,8,1,0,0,0,0,0,Never,Moderate,High,Home,1,Uninsured,Emergency,0
P001140,64,Female,33.3,97,60,80,102.0,5.1,196.0,1,0,4,0,0,0,0,0,0,Never,Moderate,High,Home,1,Private,Emergency,0
P003620,60,Male,39.3,151,80,61,108.0,,203.0,3,0,9,0,4,0,1,0,0,Current,Low,Low,Home,1,Private,Emergency,0
P001300,50,Male,27.3,139,78,77,99.0,4.9,207.0,9,0,2,1,1,0,1,0,0,Never,None,Moderate,Home,1,Private,Emergency,0
P002639,74,Male,62.9,131,75,93,169.0,8.2,186.0,7,0,8,1,3,1,1,0,0,Never,High,Moderate,Rehabilitation,1,Medicare,Emergency,0
P002473,69,Female,25.1,150,83,57,139.0,5.1,218.0,3,0,4,1,3,0,1,0,0,Current,None,Moderate,Home,0,Medicare,Elective,0
P003408,89,Female,22.1,148,97,97,72.0,4.7,189.0,4,1,8,2,2,0,1,1,0,Former,Low,Low,Skilled Nursing Facility,1,Medicaid,Urgent,0
P004963,68,Male,31.3,132,77,67,131.0,5.8,238.0,4,0,6,1,1,0,1,0,0,Former,None,Low,Home,1,Private,Elective,0
P000325,91,Female,22.9,136,65,79,111.0,6.6,169.0,2,2,6,0,1,0,0,0,0,Current,Low,Moderate,Home,0,Medicaid,Urgent,0
P001425,67,Female,33.8,115,67,66,60.0,4.7,205.0,6,1,2,0,1,0,0,0,1,Former,,Low,Home,1,Medicaid,Elective,0
P002726,58,Female,27.5,123,76,93,113.0,4.9,224.0,7,1,5,2,2,0,1,0,0,Former,None,Moderate,Skilled Nursing Facility,0,Medicaid,Urgent,0
P005166,54,Male,34.6,108,85,64,89.0,4.5,183.0,2,2,3,2,0,0,0,0,0,Former,Low,High,Home,1,Medicaid,Urgent,0
P005843,64,Male,30.0,119,69,80,99.0,5.7,,4,0,5,1,2,0,0,0,0,Current,Low,High,Home,0,Private,Urgent,0
P001477,95,Female,24.7,123,61,67,186.0,7.5,181.0,8,2,6,4,5,1,0,1,1,Former,Low,High,Rehabilitation,0,Medicare,Elective,1
P003419,66,Female,,105,69,74,243.0,8.3,135.0,5,2,7,2,3,1,0,0,1,Current,High,Low,Home,0,Medicaid,Emergency,1
P002079,32,Female,32.8,119,80,77,179.0,7.2,240.0,5,0,7,0,3,1,0,0,0,Never,None,Moderate,Home,1,Medicaid,Emergency,0
P000175,45,Female,35.4,120,86,68,182.0,8.1,217.0,7,2,2,1,2,1,1,0,0,Never,None,Moderate,Home,1,Private,Emergency,0
P001021,69,Male,28.8,139,70,84,185.0,7.8,257.0,4,0,6,3,3,1,1,1,0,Former,None,Low,Home,0,Medicare,Emergency,1
P001464,71,Male,32.2,151,84,77,199.0,7.8,218.0,6,1,4,2,3,1,1,1,0,,Moderate,Moderate,Home Health Care,0,Medicare,Urgent,0
P002033,74,Female,21.5,137,83,79,98.0,4.9,234.0,7,1,9,1,3,0,1,0,1,Former,Moderate,Moderate,Home,1,Medicare,Emergency,0
P005005,68,Female,28.4,123,73,84,80.0,4.4,180.0,5,0,4,0,1,0,0,0,0,Current,None,Low,Skilled Nursing Facility,0,Medicare,Emergency,1
P001965,53,Female,33.9,103,67,82,94.0,6.0,153.0,4,2,3,0,1,0,0,0,0,Never,Low,Low,Home,0,Medicaid,Elective,0
P002666,66,Female,33.2,145,99,64,91.0,5.1,285.0,6,1,4,4,3,0,1,0,0,Never,Low,High,Home,0,Medicare,Urgent,0
P001611,68,Female,30.5,109,73,97,152.0,6.2,183.0,9,2,4,2,4,1,1,1,0,Never,Moderate,Moderate,Home,1,Medicare,Emergency,0
P003785,91,Female,33.1,138,84,98,177.0,7.0,239.0,6,5,3,1,6,1,1,1,1,Current,,Low,Skilled Nursing Facility,0,Private,Emergency,1
P000373,77,Female,25.8,144,96,67,96.0,4.6,199.0,1,1,8,1,1,0,0,0,1,Never,None,Low,Skilled Nursing Facility,1,Medicare,Emergency,0
P001589,49,Male,24.4,89,59,97,67.0,4.7,238.0,1,1,7,2,2,0,0,0,0,Never,Low,Low,Home,1,Private,Emergency,0
P000407,62,Male,29.0,126,70,67,78.0,5.8,173.0,4,0,10,1,1,0,0,0,0,Current,Low,Moderate,Home,1,Medicaid,Emergency,0
P004223,100,Male,25.9,123,69,76,157.0,7.3,203.0,4,1,4,3,2,1,0,0,1,Current,High,Low,Skilled Nursing Facility,0,Medicare,Urgent,1
P003078,38,Male,19.7,110,78,77,84.0,5.4,211.0,1,0,3,0,0,0,0,0,0,,Low,Moderate,Home,1,Private,Urgent,0
P004443,63,Female,26.2,130,84,87,126.0,7.1,266.0,5,2,8,1,2,1,0,1,0,Current,Low,Low,Home,0,Private,Elective,0
P004219,90,Female,36.3,145,89,74,79.0,5.2,,4,0,4,1,2,0,1,0,0,,None,Low,Home,1,Medicare,Urgent,0
P002674,71,Female,33.2,112,70,83,101.0,5.2,198.0,2,1,1,0,0,0,0,0,0,Never,None,High,Home,1,Medicare,Emergency,1
P000394,71,Female,25.5,115,74,67,,5.1,288.0,5,1,8,3,3,0,0,1,0,Never,Low,Moderate,Home,1,Medicare,Urgent,0
P004883,55,Female,42.2,125,69,90,191.0,7.9,163.0,5,1,4,0,1,1,0,0,0,Current,High,High,Home,0,Uninsured,Emergency,0
P005915,72,Female,29.9,136,84,79,96.0,5.1,213.0,1,0,5,1,1,0,1,0,0,Never,None,Moderate,Home,1,Uninsured,Urgent,0
P000927,61,Male,25.5,112,80,96,87.0,5.6,198.0,2,1,5,1,1,0,0,0,0,Former,None,Low,Rehabilitation,1,Private,Emergency,0
P002925,54,Male,24.3,130,78,66,73.0,5.3,193.0,0,0,7,1,1,0,0,0,0,Never,None,Moderate,Home,1,Private,Emergency,0
P004518,62,Other,32.5,118,67,63,126.0,5.2,139.0,4,0,5,2,1,0,0,0,0,Current,None,Moderate,Home,0,Private,Emergency,0
P003489,65,Male,27.7,132,93,81,101.0,6.4,204.0,0,0,2,0,0,0,0,0,0,Never,None,High,Home,1,Medicare,Emergency,0
P000771,90,Female,40.2,155,98,80,186.0,7.6,176.0,6,2,5,2,3,1,1,0,1,Never,Low,Moderate,Home Health Care,1,Medicare,Emergency,0
P002152,75,Female,29.8,134,79,86,184.0,6.9,202.0,6,3,7,5,4,1,1,0,1,Current,None,Moderate,Home,0,Medicare,Elective,1
P004957,65,Male,20.1,122,70,76,60.0,4.4,229.0,2,0,4,2,1,0,0,0,0,Former,Low,Moderate,Home,0,Medicare,Urgent,0
P002959,67,Female,21.3,111,68,85,101.0,5.6,215.0,4,0,7,1,2,0,0,1,0,Never,Moderate,High,Home,1,Medicare,Urgent,0
P005928,77,Male,30.4,138,84,91,93.0,5.0,229.0,8,0,7,2,5,0,1,0,0,Never,Low,Low,Home,1,Medicare,Urgent,0
P003121,69,Female,34.7,140,91,83,104.0,5.3,190.0,2,4,3,2,2,0,1,0,0,,Moderate,High,Other,0,Medicaid,Urgent,0
P001241,83,Female,28.7,137,76,92,77.0,4.9,175.0,5,2,3,0,3,0,1,1,0,Never,None,Low,Skilled Nursing Facility,0,Medicare,Emergency,0
P003251,81,Female,20.0,160,76,80,88.0,5.0,155.0,5,1,8,2,5,0,1,1,0,Current,Moderate,High,Home Health Care,0,Medicare,Urgent,1
P002657,68,Male,27.6,119,88,82,104.0,5.0,232.0,0,0,4,0,0,0,0,0,0,Never,None,High,Home,0,Medicare,Elective,0
P001182,77,Female,23.9,142,94,60,78.0,4.6,190.0,4,2,8,2,3,0,1,0,0,Former,Moderate,High,Home,0,Private,Urgent,0
P005680,77,Female,31.2,124,74,83,241.0,8.7,221.0,6,0,2,2,2,1,0,0,0,Current,Moderate,High,Home,1,Medicare,Emergency,0
P004486,54,Male,29.9,159,88,74,81.0,5.3,223.0,4,1,3,0,1,0,1,0,0,Never,High,Moderate,Home,0,Private,Urgent,0
P000152,48,Female,22.2,99,71,94,121.0,4.2,165.0,0,1,7,0,1,0,0,0,0,Current,High,Moderate,Home Health Care,1,Private,Emergency,0
P000415,60,Male,23.4,111,101,88,92.0,6.1,223.0,3,2,3,2,1,0,1,0,0,Never,None,Low,Home Health Care,1,Medicaid,Elective,0
P002912,92,Female,26.3,129,69,89,107.0,4.6,181.0,3,2,3,1,3,0,0,1,0,Former,,Low,Home,1,Medicare,Emergency,0
P003586,94,Male,23.1,141,86,90,122.0,4.8,267.0,6,5,7,0,3,0,0,1,1,Former,None,Low,Home,1,Medicare,Emergency,1
P002312,68,Female,24.9,142,76,88,168.0,7.7,228.0,6,1,5,2,2,1,1,0,0,Never,Moderate,High,Home,1,Medicare,Urgent,0
P005990,57,Female,28.3,108,82,68,96.0,4.7,148.0,3,1,7,0,1,0,0,0,1,Never,None,Low,Home,1,Private,Emergency,0
P000736,66,Male,27.3,125,73,97,94.0,5.4,201.0,6,2,3,1,1,0,0,0,0,Former,None,High,Home,1,Medicare,Urgent,0
P000880,64,Male,36.2,119,86,86,99.0,5.4,186.0,4,0,11,1,1,0,0,0,1,Never,Low,High,Home,1,Private,Emergency,0
P001914,20,Female,16.9,130,72,78,76.0,4.5,189.0,4,3,4,1,3,0,0,0,0,Former,Moderate,High,Skilled Nursing Facility,1,Private,Urgent,0
P004128,59,Female,16.3,118,76,86,102.0,4.9,170.0,4,1,5,3,2,0,0,0,0,Current,Moderate,Low,Home,1,Medicaid,Elective,1
P002824,49,Female,,107,78,75,267.0,8.9,233.0,3,0,4,0,1,1,0,0,0,Former,High,High,Home,1,Uninsured,Elective,0
P001770,100,Female,28.6,130,65,66,156.0,7.9,210.0,2,4,7,0,2,1,1,0,0,Current,None,Moderate,Home Health Care,0,Medicare,Urgent,0
P004675,68,Male,23.3,118,77,82,163.0,5.6,202.0,6,1,4,1,1,0,0,0,0,Never,High,Moderate,Home,1,Medicare,Elective,0
P000846,69,Male,42.7,143,89,87,199.0,7.1,170.0,4,0,7,1,2,1,0,0,0,Never,Low,Low,Home Health Care,1,Medicaid,Emergency,0
P005178,85,Female,30.1,153,91,86,85.0,4.5,185.0,8,1,6,1,4,0,1,1,1,Former,None,Moderate,Home,1,Medicare,Emergency,0
P002575,63,Male,29.1,116,58,84,90.0,4.7,252.0,0,0,5,0,0,0,0,0,0,Former,High,Moderate,Home Health Care,1,Uninsured,Elective,0
P001327,68,Female,33.5,147,82,68,94.0,5.2,208.0,4,1,1,1,1,0,1,0,0,Former,Low,Low,Home,1,Medicare,Urgent,0
P001190,62,Male,22.5,124,78,95,108.0,6.0,193.0,0,0,3,0,0,0,0,0,0,Never,Low,Moderate,Home,0,Private,Urgent,0
P002780,49,Male,21.7,147,92,82,98.0,4.0,212.0,6,2,4,1,2,0,1,0,0,Never,High,Low,Home,1,Medicare,Elective,0
P005747,37,Male,33.4,101,68,56,122.0,5.4,175.0,4,0,3,0,0,0,0,0,0,Former,High,Low,Home,0,Private,Urgent,0
P000664,59,Male,27.2,131,75,77,145.0,7.1,184.0,3,0,3,0,1,1,0,0,0,Never,None,Moderate,Home,1,Uninsured,Elective,0
P005736,36,Female,29.5,101,75,86,167.0,8.4,240.0,5,1,6,1,1,1,0,0,0,Never,None,Low,Home,0,Private,Emergency,1
P004845,63,Female,31.2,118,58,83,154.0,5.7,210.0,0,0,4,0,0,0,0,0,0,Former,Low,High,Home,1,Private,Elective,0
P000213,64,Female,41.0,152,71,80,87.0,5.2,207.0,3,2,7,0,3,0,1,0,0,Never,Moderate,Low,Home,0,Private,Elective,0
P005412,83,Male,22.8,140,102,94,66.0,,151.0,5,2,8,3,5,0,1,1,1,Former,Low,Moderate,Skilled Nursing Facility,1,Uninsured,Urgent,1
P005666,63,Female,28.3,85,65,99,97.0,5.5,165.0,3,1,2,2,1,0,0,0,0,Never,None,Low,Home,0,Private,Urgent,0
P004585,60,Female,32.1,111,65,79,,6.2,158.0,1,0,5,1,0,0,0,0,0,Former,None,Moderate,Home Health Care,1,Private,Urgent,0
P000203,65,Female,34.7,133,81,70,191.0,8.2,178.0,5,0,2,0,2,1,0,0,0,Former,Moderate,Low,Home,1,Medicare,Urgent,0
P003979,75,Male,36.4,147,93,88,136.0,4.7,198.0,0,1,6,2,2,0,1,0,0,Never,Low,Low,Home,0,Medicare,Elective,0
P000091,74,Male,27.5,144,81,79,60.0,4.8,238.0,4,3,4,0,2,0,1,0,0,Former,None,Moderate,Home,1,Medicare,Urgent,0
P004890,82,Female,28.0,115,72,81,205.0,7.2,234.0,4,2,3,1,2,1,0,1,0,Current,Low,Low,Home Health Care,0,Medicare,Emergency,1
P002839,82,Female,31.5,151,97,89,126.0,6.3,287.0,5,0,3,1,2,0,1,0,0,Never,None,Moderate,Skilled Nursing Facility,1,Medicare,Elective,0
P001269,74,Female,31.9,141,83,96,205.0,7.7,150.0,5,1,6,1,3,1,1,0,0,Never,Low,Moderate,Home,1,Private,Emergency,0
P001391,54,Female,31.1,119,83,77,78.0,5.1,171.0,7,0,3,1,1,0,0,0,0,Never,Low,Low,Home,1,Medicare,Urgent,0
P002052,46,Female,23.3,120,73,79,203.0,5.7,264.0,4,1,2,1,1,0,0,1,0,Never,Low,Moderate,Home,1,Uninsured,Elective,0
P002203,65,Male,35.0,122,67,76,168.0,7.4,188.0,11,1,8,4,5,1,1,0,0,Never,None,Moderate,Home,1,Private,Elective,0
P005424,63,Male,30.6,149,80,72,132.0,5.2,152.0,2,3,4,1,1,0,1,0,0,Current,Moderate,Moderate,Home,1,Private,Elective,0
P000119,88,Female,36.9,128,73,89,146.0,7.1,199.0,6,1,4,0,2,1,1,0,0,Never,Moderate,Low,Skilled Nursing Facility,1,Medicare,Urgent,0
P005359,58,Female,35.4,101,67,75,100.0,4.3,205.0,5,2,6,1,1,0,0,0,0,Former,Low,Moderate,Home,1,Private,Emergency,1
P002510,59,Male,30.3,132,76,72,83.0,5.1,141.0,5,1,4,1,2,0,0,0,0,Never,Low,High,Rehabilitation,0,Medicare,Urgent,1
P002101,68,Male,32.2,144,91,76,211.0,7.7,203.0,3,3,3,0,5,1,1,1,0,Former,High,Moderate,Home,1,Medicare,Urgent,0
P002671,74,Male,41.3,142,92,64,175.0,7.4,154.0,4,0,2,1,1,1,0,0,0,Current,None,Moderate,Home,1,Medicare,Emergency,0
P000668,71,Male,36.2,121,67,81,207.0,7.7,271.0,7,2,6,1,2,1,0,0,0,Never,Low,High,Home,1,Medicare,Emergency,0
P001732,64,Female,27.0,120,66,94,258.0,8.1,207.0,7,1,7,1,4,1,0,1,1,Never,Low,Moderate,Home,1,Private,Emergency,0
P003561,75,Male,30.6,161,92,75,60.0,5.2,189.0,0,1,5,1,2,0,1,0,0,Former,None,Low,Home,0,Medicare,Emergency,0
P005511,70,Female,37.4,122,73,93,144.0,6.5,245.0,6,2,6,1,4,1,1,0,0,Current,Moderate,Low,Home Health Care,1,Medicare,Emergency,0
P000595,45,Male,32.0,118,71,75,138.0,5.6,211.0,3,0,7,0,0,0,0,0,0,Former,None,Low,Home Health Care,1,Private,Emergency,0
P000194,86,Male,33.6,148,75,93,83.0,6.1,183.0,9,1,7,2,3,0,1,0,1,Never,Low,Moderate,Home Health Care,1,Private,Elective,0
P002407,68,Female,30.6,138,71,79,164.0,,213.0,7,1,7,2,3,1,1,0,0,Current,None,Moderate,Home,1,Medicare,Elective,1
P005167,36,Female,35.0,106,66,60,96.0,4.8,271.0,2,0,6,1,0,0,0,0,0,Current,Low,Moderate,Other,0,Medicaid,Urgent,0
P001092,64,Male,24.1,111,61,90,100.0,5.3,133.0,4,1,2,3,2,0,0,0,0,Former,None,Moderate,Home,1,Private,Urgent,0
P003580,44,Female,20.8,116,91,73,60.0,5.4,216.0,10,1,7,1,4,0,0,0,0,Never,Low,High,Skilled Nursing Facility,1,Medicaid,Emergency,0
P003511,72,Female,25.9,130,76,65,128.0,7.2,200.0,4,2,8,1,2,1,0,1,0,Never,Low,Moderate,Home,1,Medicare,Emergency,0
P003908,48,Female,20.9,95,67,55,175.0,5.2,252.0,2,0,4,0,1,0,0,0,0,Current,Moderate,Moderate,Home,1,Private,Urgent,0
P004053,70,Female,16.6,153,91,97,98.0,4.7,,3,1,3,2,2,0,1,0,0,Never,None,Low,Rehabilitation,0,Medicare,Elective,0
P002017,64,Female,36.3,107,90,82,,8.2,175.0,1,5,5,1,1,1,0,0,0,Former,None,Low,Home,1,Private,Urgent,1
P003288,80,Female,29.3,127,70,69,173.0,8.0,202.0,0,1,7,1,1,1,0,0,0,Never,None,High,Skilled Nursing Facility,1,Medicare,Emergency,0
P001146,74,Male,32.4,123,70,94,103.0,5.5,192.0,6,0,6,0,1,0,0,1,0,Never,None,Low,Home,1,Medicare,Emergency,0
P001055,43,Female,34.9,113,73,71,402.0,7.1,124.0,2,0,5,1,2,1,0,0,0,Current,Moderate,High,Skilled Nursing Facility,0,Uninsured,Emergency,0
P002705,67,Female,31.7,116,70,75,187.0,7.2,209.0,6,2,6,4,3,1,0,1,0,Current,None,Low,Home,1,Medicare,Emergency,1
P002870,73,Female,41.7,169,106,76,85.0,4.8,237.0,2,0,4,0,1,0,1,0,0,Never,Low,High,Rehabilitation,1,Medicare,Emergency,0
P004073,62,Male,27.5,153,103,88,124.0,5.3,154.0,2,3,8,1,2,0,1,0,0,Never,Moderate,Low,Home,0,Private,Emergency,0
P005648,51,Female,33.9,132,84,78,157.0,7.3,234.0,2,1,3,2,1,1,0,0,0,Never,None,Moderate,Home,0,Private,Urgent,1
P005091,69,Female,21.4,117,78,76,74.0,5.2,141.0,6,1,9,1,4,0,0,0,1,Former,None,Low,Skilled Nursing Facility,1,Medicare,Emergency,1
P000101,58,Male,26.6,145,82,72,101.0,6.0,208.0,6,0,4,1,2,0,1,0,0,Never,None,Low,Home,1,Medicare,Elective,0
P002460,35,Female,33.3,90,70,69,141.0,5.6,236.0,3,1,4,0,1,0,0,0,1,Former,None,Low,Home,1,Uninsured,Emergency,0
P004327,80,Female,42.1,141,77,79,197.0,7.4,233.0,0,2,6,3,3,1,1,1,0,Current,None,Low,Home,1,Medicare,Urgent,0
P001304,75,Male,27.1,150,81,60,153.0,7.5,231.0,6,5,8,2,3,1,1,0,0,Never,Moderate,Moderate,Home Health Care,1,Private,Emergency,1
P003555,78,Male,22.6,120,66,88,101.0,5.6,162.0,5,4,4,2,2,0,0,0,1,Never,None,Moderate,Rehabilitation,1,Medicare,Urgent,0
P005403,44,Male,35.1,135,73,69,96.0,6.1,190.0,0,0,2,0,0,0,0,0,0,Current,Moderate,Low,Other,1,Private,Elective,0
P005179,38,Female,28.5,128,78,65,77.0,5.3,268.0,4,2,3,0,1,0,1,0,0,Never,Low,Moderate,Home,0,Private,Elective,0
P000932,71,Male,30.9,128,76,75,119.0,5.4,177.0,4,0,4,1,1,0,0,0,0,Former,None,Moderate,Home,1,Medicare,Emergency,0
P000184,81,Male,27.5,122,60,88,170.0,7.1,,2,0,3,1,1,1,0,0,0,Former,None,Low,Skilled Nursing Facility,0,Medicare,Urgent,0
P003017,55,Female,23.4,131,79,69,86.0,,166.0,1,2,6,2,0,0,0,0,0,Never,Low,Low,Home Health Care,1,Private,Emergency,0
P005540,46,Female,26.5,114,93,81,158.0,5.4,215.0,2,0,7,0,0,0,0,0,0,Current,Low,Low,Other,1,Medicaid,Urgent,0
P004328,71,Female,24.8,148,76,75,,4.5,190.0,7,0,4,1,3,0,1,1,0,Current,None,Low,Home Health Care,0,Medicare,Urgent,1
P001430,75,Male,26.5,102,68,78,92.0,4.8,204.0,9,0,6,0,3,0,0,1,0,Current,None,Moderate,Home,1,Private,Urgent,0
P001779,47,Female,29.5,111,66,86,109.0,4.3,155.0,5,0,3,0,3,0,0,1,0,Never,Low,Moderate,Home,1,Private,Emergency,0
P000926,92,Female,29.4,156,84,94,109.0,5.7,154.0,6,0,2,0,2,0,1,1,0,Never,Moderate,Low,Home Health Care,1,Medicaid,Urgent,0
P004457,55,Female,39.6,108,79,75,162.0,,141.0,2,2,10,0,5,1,0,0,1,Current,Low,Moderate,Home,1,Private,Emergency,1
P004291,57,Other,35.2,110,80,92,82.0,5.0,207.0,3,0,2,2,0,0,0,0,0,Never,Low,Moderate,Rehabilitation,0,Medicaid,Urgent,0
P001137,65,Male,31.5,130,69,68,127.0,6.2,136.0,7,3,2,1,2,0,1,0,1,Current,Moderate,Moderate,Home,0,Medicaid,Elective,0
P000045,66,Female,18.6,121,72,75,214.0,7.8,235.0,2,2,8,1,1,1,0,0,0,Current,Moderate,Low,Home,1,Medicare,Emergency,0
P000700,61,Female,34.5,116,67,104,95.0,5.0,208.0,5,1,5,0,1,0,1,0,0,Never,Low,Moderate,Home,1,Private,Emergency,0
P005751,70,Male,19.8,148,79,73,112.0,5.6,143.0,1,1,5,2,1,0,0,1,0,Never,Low,Moderate,Home,0,Medicare,Urgent,0
P003995,73,Male,27.8,151,78,59,212.0,7.9,216.0,6,1,4,0,4,1,1,0,1,Never,Low,High,Skilled Nursing Facility,1,Medicare,Urgent,0
P005992,78,Female,,139,70,105,108.0,5.6,179.0,6,1,5,1,2,0,1,1,0,Never,Moderate,Low,Home,0,Private,Urgent,0
P002792,62,Male,27.4,112,83,78,161.0,6.8,239.0,2,2,3,2,2,1,0,0,0,Current,None,High,Home,0,Medicaid,Emergency,0
P000408,76,Female,27.2,151,98,83,101.0,6.1,211.0,8,4,6,1,4,0,1,1,0,Never,None,Low,Home,1,Medicare,Emergency,0
P005221,78,Female,29.3,124,70,72,60.0,5.0,182.0,6,2,8,0,4,0,1,1,0,Former,Moderate,Moderate,Home Health Care,1,Medicare,Emergency,0
P002165,73,Female,32.7,114,66,90,183.0,7.8,214.0,3,1,6,1,1,1,0,0,0,Never,None,Low,Home,0,Medicare,Emergency,0
P000259,62,Female,29.7,135,79,81,70.0,4.8,225.0,4,1,3,3,2,0,1,1,0,Never,,Moderate,Home,1,Medicare,Elective,0
P000038,51,Female,34.5,118,80,76,83.0,5.4,151.0,4,0,7,0,1,0,0,0,0,Current,None,Moderate,Home Health Care,1,Medicaid,Elective,0
P000138,77,Male,26.8,151,88,92,186.0,7.6,184.0,7,2,3,1,4,1,1,1,1,Former,Low,Moderate,Skilled Nursing Facility,1,Medicare,Urgent,1
P001963,60,Female,34.4,131,73,78,196.0,8.3,171.0,11,0,3,2,5,1,1,0,1,Never,Moderate,High,Skilled Nursing Facility,0,Medicaid,Emergency,0
P001150,79,Female,21.2,103,79,57,60.0,6.1,224.0,11,1,5,0,4,0,0,0,0,Never,Moderate,Low,Other,1,Medicare,Elective,0
P002525,92,Female,23.9,118,69,83,85.0,5.7,171.0,0,1,4,0,1,0,0,0,0,Never,Low,Moderate,Skilled Nursing Facility,0,Private,Emergency,0
P004662,59,Male,28.1,111,73,109,81.0,4.2,199.0,2,0,9,0,1,0,0,0,0,Former,,Low,Home,1,Private,Emergency,0
P002571,98,Male,24.2,144,81,65,,8.3,216.0,7,1,9,1,3,1,0,0,0,Never,Low,High,Rehabilitation,1,Medicare,Emergency,1
P004985,42,Female,23.4,126,80,61,161.0,5.4,191.0,5,1,5,2,2,0,0,0,0,Former,Low,Low,Skilled Nursing Facility,0,Private,Emergency,1
P001258,63,Male,31.4,136,83,82,136.0,6.0,268.0,9,4,8,1,4,0,1,1,0,Never,Moderate,Low,Home,0,Medicare,Emergency,1
P001683,56,Male,28.1,133,75,88,78.0,,152.0,6,0,2,0,1,0,1,0,0,Former,Moderate,Moderate,Skilled Nursing Facility,1,Medicaid,Emergency,0
P005290,91,Female,31.9,159,100,58,164.0,6.9,183.0,5,2,5,6,4,1,1,1,0,Current,High,Moderate,Home,1,Medicare,Elective,1
P001135,62,Female,27.4,128,76,83,174.0,,219.0,4,6,8,3,3,1,0,0,0,Never,Low,Moderate,Home,1,Private,Elective,1
P004133,69,Male,,126,93,66,133.0,5.1,221.0,9,0,8,2,5,0,0,0,0,Former,Low,Low,Home Health Care,1,Medicare,Urgent,1
P000805,83,Female,22.9,105,72,77,118.0,5.5,216.0,0,0,4,1,0,0,0,0,0,Current,Low,Moderate,Home,1,Medicare,Urgent,0
P002233,45,Female,19.0,119,68,76,97.0,4.6,243.0,0,1,5,1,1,0,0,0,0,Never,None,High,Skilled Nursing Facility,1,Private,Emergency,0
P001028,65,Female,29.1,139,74,79,112.0,5.6,209.0,3,0,6,1,2,0,1,0,0,Former,High,Moderate,Rehabilitation,0,Medicare,Emergency,0
P005406,81,Male,22.7,102,71,84,105.0,6.0,213.0,3,2,5,1,2,0,0,1,0,Former,None,Moderate,Skilled Nursing Facility,1,Medicare,Urgent,0
P003825,59,Female,35.4,157,82,84,140.0,5.4,247.0,4,0,9,0,1,0,1,0,0,Never,Moderate,High,Home,1,Medicaid,Emergency,0
P004891,72,Female,,133,84,75,143.0,5.2,238.0,10,0,5,1,3,0,1,1,0,Former,Low,Low,Rehabilitation,0,Uninsured,Emergency,0
P004737,52,Female,23.3,117,66,84,88.0,4.4,216.0,5,2,5,0,3,0,1,1,0,Former,Moderate,Low,Home Health Care,0,Private,Emergency,0
P002905,58,Male,25.6,116,67,78,95.0,5.6,246.0,0,0,3,2,0,0,0,0,0,Never,Low,High,Home,1,Private,Emergency,0
P001780,86,Female,27.5,133,83,81,168.0,6.9,228.0,2,3,9,4,2,1,0,1,0,Never,None,Moderate,Home,1,Medicare,Emergency,0
P001513,77,Female,18.0,124,69,78,142.0,5.8,138.0,6,3,6,2,2,0,0,0,0,Never,Low,Low,Skilled Nursing Facility,1,Medicare,Elective,0
P001757,90,Female,35.1,161,100,85,211.0,7.7,255.0,5,4,4,1,3,1,1,1,0,Never,Low,Moderate,Home,1,Private,Emergency,1
P001374,40,Male,,111,60,69,130.0,4.3,217.0,0,1,2,1,1,0,0,0,0,Never,High,Low,Home,1,Uninsured,Emergency,1
P004301,57,Male,,111,59,60,85.0,5.3,236.0,1,0,4,0,0,0,0,0,0,Former,None,Moderate,Home,0,Medicaid,Urgent,0
P001125,61,Male,29.5,137,83,71,116.0,5.0,192.0,4,0,7,2,2,0,1,0,0,Never,Moderate,Moderate,Home,0,Private,Emergency,0
P004875,48,Female,34.6,115,79,67,62.0,,148.0,6,0,5,1,2,0,0,0,0,Current,Moderate,Moderate,Home,1,Medicaid,Elective,0
P000883,47,Male,23.5,114,74,86,89.0,4.8,200.0,4,1,5,2,2,0,1,0,0,Former,Low,Low,Home,0,Private,Urgent,0
P004002,77,Male,30.0,123,81,116,195.0,6.8,201.0,4,0,7,0,3,1,0,0,0,Former,None,High,Home,1,Medicare,Emergency,0
P002198,64,Female,28.8,127,93,63,153.0,6.8,153.0,5,1,7,3,3,1,0,0,1,Never,None,High,Home,1,Medicare,Elective,0
P002897,79,Male,30.1,124,77,91,154.0,7.8,187.0,1,2,5,2,3,1,0,1,1,Never,High,Moderate,Rehabilitation,1,Medicare,Urgent,1
P004206,60,Male,30.9,123,86,70,205.0,7.4,234.0,5,1,8,1,1,1,0,0,0,Never,Low,Moderate,Home,1,Uninsured,Emergency,0
P005094,64,Female,32.6,141,94,95,165.0,7.7,231.0,0,0,4,1,1,1,0,0,0,Former,Moderate,Low,Home Health Care,1,Medicaid,Emergency,0
P000293,86,Male,35.5,160,78,82,170.0,7.1,168.0,12,3,13,4,6,1,1,1,1,Current,None,Low,Home,1,Medicare,Emergency,1
P001399,73,Female,25.6,126,67,54,195.0,7.7,272.0,5,0,7,2,3,1,0,0,1,Never,Low,High,Home Health Care,1,Medicare,Urgent,0
P000121,49,Female,29.1,139,84,85,87.0,4.5,228.0,1,0,4,1,0,0,0,0,0,Former,Low,Moderate,Home,1,Private,Emergency,0
P004371,41,Male,26.5,132,94,98,83.0,5.0,194.0,2,0,4,2,1,0,0,0,0,Never,None,Low,Rehabilitation,1,Private,Elective,0
P002930,59,Female,35.3,142,84,76,127.0,5.2,187.0,1,0,7,1,2,0,1,0,0,Former,Low,Low,Skilled Nursing Facility,1,Uninsured,Emergency,0
P005603,73,Male,28.8,132,85,91,163.0,7.7,246.0,8,3,7,2,4,1,1,0,1,Never,None,Low,Home,1,Medicare,Elective,1
P005706,67,Male,26.6,122,74,70,113.0,5.1,173.0,4,1,2,1,1,0,0,0,0,Current,None,Moderate,Home,1,Medicare,Urgent,0
P004119,53,Male,29.7,100,88,78,95.0,4.9,152.0,2,1,1,1,0,0,0,0,0,Never,Low,High,Home Health Care,1,Medicaid,Urgent,0
P003721,65,Male,24.6,140,87,66,83.0,4.7,169.0,6,0,4,0,3,0,1,0,0,Never,None,Low,Home,1,Medicaid,Elective,0
P000384,45,Female,26.2,132,75,95,100.0,4.3,265.0,2,1,8,1,1,0,0,0,0,Former,Low,Low,Skilled Nursing Facility,0,Medicare,Emergency,0
P000751,64,Male,28.0,107,69,72,62.0,5.1,180.0,3,0,5,0,1,0,0,0,0,Never,None,Moderate,Home,1,Uninsured,Emergency,0
P002944,60,Female,22.0,114,49,92,81.0,4.3,160.0,7,5,12,1,6,0,0,1,0,Former,Moderate,Low,Home,0,Medicaid,Emergency,1
P001272,86,Male,34.5,182,94,86,215.0,7.8,264.0,7,3,7,2,6,1,1,1,0,Former,None,Moderate,Skilled Nursing Facility,1,Medicare,Emergency,1
P002021,64,Female,20.6,114,64,90,89.0,4.6,281.0,4,1,1,0,2,0,0,0,0,Current,Low,Low,Home,0,Medicaid,Urgent,0
P003871,64,Male,23.5,136,79,84,90.0,4.7,244.0,8,3,6,0,3,0,1,1,1,Current,None,High,Home,1,Private,Elective,1
P002365,100,Female,35.6,131,87,88,182.0,7.8,208.0,6,4,4,3,3,1,0,1,0,Never,Moderate,High,Home,1,Medicaid,Emergency,1
P003548,80,Female,29.4,110,61,63,99.0,4.9,205.0,4,2,3,2,2,0,0,0,1,Current,None,Moderate,Skilled Nursing Facility,1,Medicare,Elective,1
P000448,59,Male,35.2,106,66,73,193.0,7.8,176.0,9,1,8,1,2,1,0,1,0,Former,None,High,Home Health Care,1,Medicare,Emergency,0
P000425,51,Female,15.5,131,80,97,100.0,5.0,,3,1,4,0,0,0,0,0,0,Never,None,Low,Home Health Care,0,Medicare,Elective,0
P000502,77,Male,29.3,142,89,79,87.0,4.8,148.0,9,0,2,3,2,0,1,0,0,Former,Low,Low,Rehabilitation,1,Medicare,Elective,0
P000510,71,Female,31.4,143,65,83,117.0,5.6,125.0,3,2,7,0,1,0,0,1,0,Current,Low,Moderate,Home,0,Medicare,Emergency,0
P000472,58,Male,32.7,108,70,75,151.0,5.2,293.0,2,0,4,0,1,0,0,0,0,Former,Low,Moderate,Home,1,Private,Emergency,0
P000820,47,Male,30.8,150,84,71,179.0,7.8,147.0,4,2,9,2,3,1,1,0,0,,Moderate,Low,Home,1,Private,Emergency,1
P005486,76,Female,36.3,146,85,81,154.0,8.3,231.0,7,1,8,0,4,1,1,1,0,Never,High,Moderate,Skilled Nursing Facility,0,Private,Emergency,0
P001414,83,Female,25.6,131,79,63,119.0,5.4,195.0,6,2,6,0,2,0,1,1,0,Never,Low,High,Skilled Nursing Facility,1,Medicare,Urgent,0
P002131,65,Male,22.9,120,88,72,115.0,5.4,,1,0,3,0,0,0,0,0,0,Never,None,Moderate,Rehabilitation,1,Private,Emergency,0
P002303,23,Female,26.6,103,63,67,159.0,6.0,215.0,1,1,5,0,1,0,0,0,0,Never,Low,High,Home,1,Private,Elective,0
P004163,72,Male,28.9,89,69,61,67.0,4.9,,0,0,3,0,0,0,0,0,0,Former,Moderate,Moderate,Home Health Care,1,Medicare,Elective,0
P003795,42,Female,22.1,106,71,85,115.0,4.8,159.0,1,0,7,1,0,0,0,0,0,Current,High,High,Rehabilitation,1,Private,Emergency,0
P000702,60,Male,21.9,119,62,80,61.0,4.9,172.0,4,2,4,0,1,0,0,0,0,Former,None,High,Other,1,Uninsured,Emergency,0
P005842,60,Male,29.7,169,91,83,99.0,,172.0,3,0,62,0,1,0,1,0,0,Never,Low,Moderate,Home,0,Medicare,Emergency,0
P003683,66,Female,23.5,154,102,74,91.0,6.4,183.0,3,2,3,0,2,0,1,0,0,Never,Low,Moderate,Home,1,Medicare,Urgent,0
P000108,59,Male,29.8,93,57,77,164.0,7.5,164.0,2,1,10,0,2,1,0,0,1,,,Moderate,Home,0,Medicaid,Emergency,0
P001447,99,Female,33.0,143,81,74,197.0,7.6,240.0,4,2,45,1,2,1,1,0,0,Never,Low,Moderate,Rehabilitation,1,Private,Emergency,0
P005318,84,Female,,160,98,78,215.0,8.7,260.0,6,1,8,3,4,1,1,1,0,,Low,Moderate,Skilled Nursing Facility,1,Medicare,Emergency,0
P002638,61,Female,58.6,135,80,76,113.0,,271.0,1,2,4,4,1,0,0,1,0,Current,None,Moderate,Home,0,Private,Elective,0
P003329,54,Male,28.3,127,65,91,103.0,4.6,229.0,4,0,5,1,1,0,1,0,0,Never,High,Low,Home,1,Private,Elective,0
P000450,70,Other,35.2,158,84,86,164.0,8.3,225.0,5,1,7,1,4,1,1,1,0,Former,Low,High,Home,1,Medicare,Urgent,0
P005066,69,Female,27.7,120,66,79,62.0,4.5,177.0,2,0,2,1,1,0,0,0,0,Former,Moderate,Low,Home,1,Medicaid,Emergency,0
P001972,59,Female,40.1,119,88,75,158.0,7.1,205.0,2,0,4,4,1,1,0,0,0,Never,,Low,Home,0,Private,Elective,1
P004550,52,Female,34.6,117,93,82,81.0,4.8,253.0,4,2,4,0,3,0,1,1,0,Never,High,Low,Home,1,Private,Emergency,1
P001117,81,Female,22.5,138,89,97,103.0,5.9,218.0,2,1,4,1,2,0,1,1,0,Never,Moderate,Low,Home,1,Medicare,Urgent,0
P002538,40,Female,36.6,100,69,74,102.0,5.2,218.0,2,1,10,3,1,0,0,0,0,Never,Moderate,High,Home,0,Medicaid,Emergency,0
P004197,68,Female,24.6,119,79,63,156.0,8.0,242.0,5,3,5,3,2,1,1,0,0,Never,Low,High,Home,0,Medicare,Elective,0
P000204,74,Female,20.0,148,89,92,99.0,4.8,206.0,4,1,6,0,3,0,1,1,0,Never,None,Moderate,Home Health Care,1,Medicare,Urgent,0
P003677,48,Female,32.9,96,69,72,249.0,8.0,222.0,9,1,2,1,2,1,0,0,0,Never,Moderate,Low,Home,1,Private,Urgent,0
P002945,62,Male,32.6,139,72,87,70.0,4.7,237.0,4,0,4,2,1,0,0,0,0,Never,None,Moderate,Rehabilitation,0,Private,Urgent,0
P000623,68,Male,,143,82,78,168.0,7.4,224.0,10,1,5,2,5,1,1,1,1,Former,None,Moderate,Home Health Care,1,Medicare,Emergency,1
P003960,52,Female,28.6,137,71,94,81.0,4.0,216.0,0,0,3,2,1,0,0,0,0,Never,Low,Moderate,Home,0,Private,Urgent,0
P004123,49,Male,26.7,123,76,72,79.0,4.7,270.0,4,0,5,2,2,0,0,0,0,Former,None,High,Home,0,Private,Elective,0
P003659,50,Female,28.6,128,73,85,95.0,5.3,167.0,5,0,3,0,2,0,0,0,0,Former,None,High,Home Health Care,0,Medicare,Elective,0
P003549,53,Male,32.9,135,87,80,150.0,7.6,252.0,5,2,6,3,1,1,0,0,0,Former,Moderate,Low,Home,1,Private,Urgent,0
P000516,69,Male,33.2,127,83,87,85.0,5.8,179.0,4,4,7,2,4,0,1,1,0,Current,None,Low,Home,1,Medicaid,Elective,1
P002431,41,Female,35.1,131,78,74,134.0,6.3,186.0,1,1,4,0,0,0,0,0,0,Former,Moderate,Low,Home,1,Private,Emergency,0
P001529,32,Male,31.3,134,82,91,94.0,5.4,180.0,0,0,2,0,0,0,0,0,0,Never,None,High,Skilled Nursing Facility,0,Private,Elective,0
P001676,40,Female,26.2,141,77,80,431.0,8.1,177.0,2,0,1,1,1,1,0,0,0,Never,None,Moderate,Home,1,Medicare,Urgent,0
P005469,70,Female,26.9,146,77,89,65.0,5.4,208.0,8,1,7,2,2,0,1,1,0,Never,Low,Low,Home,1,Private,Urgent,0
P005039,39,Female,28.1,135,79,101,78.0,4.9,220.0,4,1,4,0,3,0,0,0,0,Former,Low,High,Home,1,Private,Urgent,0
P005681,56,Male,21.2,97,62,74,97.0,4.9,213.0,2,0,4,0,1,0,1,0,0,Former,Low,Moderate,Home,1,Private,Urgent,0
P000358,68,Female,29.0,130,75,95,105.0,5.7,190.0,2,0,5,0,1,0,1,0,0,Never,Low,Low,Home,1,Medicare,Urgent,0
P005169,79,Male,27.7,149,84,104,88.0,4.7,206.0,5,1,7,0,3,0,1,1,0,Former,None,Low,Skilled Nursing Facility,1,Private,Elective,0
P001975,44,Female,19.6,104,74,68,60.0,5.1,283.0,3,2,5,3,3,0,0,0,0,Never,High,Moderate,Home Health Care,1,Medicaid,Emergency,0
P001881,75,Female,27.8,122,81,85,66.0,4.5,273.0,2,2,9,0,2,0,0,1,0,Never,None,Low,Rehabilitation,1,Medicaid,Emergency,1
P002420,29,Male,24.3,109,71,83,78.0,5.3,206.0,3,0,4,0,1,0,0,0,0,Never,High,High,Home,1,Medicare,Urgent,0
P000125,77,Male,21.4,121,62,81,117.0,6.2,246.0,6,3,4,1,3,0,0,1,0,Never,,Low,Home Health Care,0,Medicaid,Emergency,0
P000894,65,Female,36.2,112,89,96,104.0,5.4,144.0,1,0,8,0,1,0,0,0,0,Former,None,High,Home,0,Private,Emergency,0
P003708,73,Male,31.8,147,81,86,208.0,8.4,162.0,2,2,6,0,2,1,1,0,0,Never,None,Moderate,Home,1,Medicare,Elective,0
P002518,86,Other,27.4,133,87,78,196.0,6.9,183.0,7,0,3,0,2,1,0,0,1,Never,None,Moderate,Home Health Care,1,Private,Urgent,0
P000542,52,Female,29.1,129,80,84,95.0,5.2,215.0,2,1,5,1,0,0,0,0,0,Former,High,Low,Home,1,Private,Emergency,0
P001961,66,Male,36.7,128,73,113,92.0,4.3,210.0,7,1,7,2,5,0,1,1,0,Current,None,Moderate,Home,1,Medicare,Elective,0
P002432,79,Male,29.3,160,96,87,147.0,,246.0,5,2,5,2,3,0,1,1,0,Current,Low,Moderate,Home Health Care,1,Private,Emergency,0
P001244,56,Male,,114,74,53,96.0,5.2,191.0,2,1,8,0,1,0,0,0,0,Never,Moderate,Moderate,Home,0,Private,Elective,0
P004290,70,Male,33.4,108,77,91,171.0,7.7,176.0,10,3,10,1,4,1,0,1,0,Never,None,High,Home Health Care,1,Medicare,Urgent,0
P001434,39,Male,25.1,119,84,84,98.0,5.1,182.0,0,0,9,0,0,0,0,0,0,Former,High,Low,Home Health Care,0,Medicaid,Urgent,0
P005183,63,Male,25.5,120,65,73,74.0,5.5,206.0,1,1,2,0,0,0,0,0,0,Never,Low,Moderate,Home,0,Private,Elective,0
P003934,80,Female,23.4,153,96,93,135.0,5.6,159.0,5,0,4,1,1,0,1,0,0,Former,High,High,Skilled Nursing Facility,1,Medicare,Emergency,0
P005112,60,Male,26.8,116,80,65,146.0,,270.0,1,1,1,0,1,0,0,0,0,Never,None,High,Home,1,Private,Elective,0
P004413,75,Male,15.0,150,91,100,,,177.0,5,0,6,1,3,0,1,1,0,Never,None,High,Home,0,Medicare,Urgent,0
P000915,79,Male,28.5,179,83,65,131.0,5.4,183.0,4,0,4,2,2,0,1,0,0,Current,Moderate,Moderate,Home Health Care,1,Medicaid,Emergency,0
P003051,79,Male,34.1,119,78,76,165.0,6.6,159.0,9,2,4,1,3,1,0,0,1,Never,Low,Moderate,Home Health Care,0,Medicare,Elective,0
P003615,36,Male,28.9,117,72,91,105.0,4.5,187.0,4,0,7,2,1,0,0,0,0,Never,None,Low,Skilled Nursing Facility,0,Medicaid,Emergency,0
P004031,46,Female,39.3,117,67,66,105.0,5.1,228.0,5,1,9,1,1,0,0,0,0,Former,Moderate,Low,Rehabilitation,1,Private,Emergency,0
P002200,52,Female,35.6,140,84,98,108.0,5.7,176.0,5,3,2,2,2,0,0,1,0,Never,None,Low,Home,1,Private,Urgent,0
P002813,58,Female,19.3,140,91,76,87.0,5.2,208.0,2,1,7,0,1,0,1,0,0,Former,None,Moderate,Home,0,Private,Emergency,0
P002831,50,Male,38.9,120,73,81,176.0,7.3,240.0,3,0,3,1,2,1,1,0,0,Former,None,Low,Home,1,Medicaid,Elective,0
P002044,53,Female,28.3,98,60,91,124.0,5.4,398.0,0,0,8,0,0,0,0,0,0,Current,Moderate,Low,Home,1,Medicaid,Emergency,0
P005251,63,Female,26.7,124,77,45,161.0,7.5,209.0,2,0,8,1,1,1,0,0,0,Never,Moderate,Moderate,Skilled Nursing Facility,1,Medicaid,Emergency,0
P003697,54,Male,21.4,125,69,70,89.0,5.8,136.0,3,0,3,0,1,0,0,0,0,Never,None,High,Home,1,Medicare,Urgent,0
P004367,71,Female,24.7,141,88,72,133.0,4.6,241.0,6,0,2,1,2,0,1,0,0,Never,None,Moderate,Home,1,Medicare,Urgent,0
P001285,65,Female,40.9,126,68,91,113.0,5.6,238.0,5,1,8,1,2,0,1,0,1,Never,Low,Moderate,Home,0,Medicaid,Emergency,0
P004094,46,Male,31.9,122,78,77,120.0,5.0,246.0,2,3,3,3,2,0,1,0,0,Never,None,Moderate,Home,1,Private,Elective,0
P003537,78,Male,17.6,132,86,85,196.0,7.3,176.0,6,2,6,1,2,1,0,0,0,Current,None,Low,Home,1,Medicare,Emergency,1
P000215,59,Male,29.5,136,74,64,184.0,5.4,163.0,6,1,3,0,2,0,0,0,1,Current,Moderate,Moderate,Home,1,Private,Elective,0
P001497,69,Female,27.1,129,68,53,117.0,5.0,126.0,2,0,4,0,0,0,0,0,0,Former,,Low,Home Health Care,1,Medicare,Emergency,0
P004832,35,Male,21.4,121,80,65,96.0,5.0,208.0,0,0,3,0,0,0,0,0,0,Current,Moderate,Low,Home Health Care,1,Private,Urgent,0
P000694,30,Other,,105,69,89,71.0,4.9,237.0,1,0,5,0,0,0,0,0,0,Former,Low,Moderate,Home,1,Medicaid,Elective,0
P002469,74,Male,32.4,121,67,81,96.0,4.9,180.0,2,0,1,0,0,0,0,0,0,Never,Low,Low,Other,1,Medicare,Urgent,1
P001558,76,Female,28.5,141,86,72,138.0,6.4,290.0,6,1,4,1,2,0,0,0,0,Never,Low,Moderate,Rehabilitation,1,Medicare,Emergency,1
P000699,50,Male,33.2,89,73,67,155.0,5.9,193.0,10,0,10,0,3,0,0,1,0,Never,Low,Low,Home,1,Medicaid,Emergency,0
P003175,76,Male,44.2,134,95,72,60.0,5.3,134.0,2,2,4,1,3,0,1,0,0,Former,None,Low,Home,1,Medicaid,Emergency,0
P005056,64,Female,27.5,127,80,53,102.0,4.6,213.0,4,1,6,0,0,0,0,0,0,Former,None,Moderate,Rehabilitation,1,Private,Emergency,0
P002768,90,Female,38.1,154,82,75,166.0,7.7,233.0,6,2,8,1,3,1,1,1,0,Current,Low,Moderate,Rehabilitation,1,Medicare,Urgent,0
P002760,77,Female,23.6,151,78,73,190.0,7.7,159.0,7,1,10,2,3,1,1,0,0,Never,Moderate,Moderate,Skilled Nursing Facility,1,Private,Elective,0
P005957,50,Male,31.5,144,80,95,85.0,4.9,236.0,4,1,6,1,0,0,0,0,0,Current,Low,High,Home,1,Private,Emergency,0
P005699,55,Female,32.4,128,70,68,162.0,6.4,210.0,6,1,6,0,3,1,1,0,0,Former,Low,Low,Home,1,Medicaid,Emergency,0
P002964,53,Female,25.1,130,83,85,103.0,,257.0,5,2,6,0,2,0,1,0,0,Former,,Moderate,Home,1,Private,Urgent,0
P001075,50,Male,31.8,145,88,81,60.0,4.0,134.0,0,1,4,0,0,0,0,0,0,Former,High,High,Home,1,Medicaid,Urgent,0
P004730,59,Other,22.2,101,69,85,93.0,4.3,144.0,4,1,4,1,2,0,0,0,0,Never,High,Moderate,Home,1,Private,Elective,0
P003370,66,Male,26.9,152,90,82,60.0,,214.0,4,1,7,0,3,0,1,0,0,Current,Moderate,Low,Home,0,Private,Elective,0
P002042,74,Male,21.2,117,75,74,469.0,,220.0,9,4,11,4,5,1,0,1,1,Never,Moderate,Moderate,Skilled Nursing Facility,1,Medicare,Emergency,1
P003579,72,Male,22.9,125,80,71,116.0,4.7,124.0,2,0,3,0,0,0,0,0,0,Never,High,Low,Rehabilitation,0,Medicare,Urgent,0
P004992,63,Female,30.9,123,75,55,65.0,,201.0,5,3,5,3,3,0,0,0,0,Never,Low,High,Home,1,Private,Urgent,0
P001704,29,Male,30.2,93,64,79,76.0,4.2,154.0,2,0,5,1,1,0,0,0,0,Never,None,Low,Home,0,Private,Elective,0
P002283,81,Male,26.6,123,81,65,112.0,5.1,166.0,5,2,8,4,4,0,1,1,0,Former,Moderate,Low,Rehabilitation,0,Medicare,Emergency,1
P002028,25,Female,26.8,99,68,115,70.0,5.1,195.0,2,1,4,2,2,0,0,0,0,Former,Low,High,Home,0,Private,Emergency,0
P005064,61,Female,30.0,131,81,94,103.0,5.9,167.0,3,0,4,0,1,0,0,0,0,Current,High,Moderate,Home,0,Medicaid,Urgent,0
P001528,61,Female,27.7,124,79,65,90.0,5.1,175.0,2,0,7,0,1,0,0,0,0,Never,High,Low,Home,1,Medicaid,Emergency,0
P002129,70,Female,35.6,122,64,72,137.0,5.0,216.0,2,1,8,0,1,0,0,1,0,Former,High,Low,Home,1,Medicare,Elective,0
P000410,45,Male,18.4,110,83,50,95.0,5.1,272.0,3,0,2,0,1,0,0,0,1,Never,Moderate,Low,Home,1,Private,Elective,0
P000653,89,Male,33.0,144,97,101,75.0,5.4,201.0,3,0,4,0,2,0,1,0,0,Never,Low,Low,Home,0,Medicare,Elective,0
P000624,55,Female,33.6,135,69,61,60.0,4.6,246.0,4,2,3,1,2,0,1,0,0,Never,None,Moderate,Home Health Care,0,Medicaid,Emergency,1
P003618,53,Female,29.3,138,92,77,118.0,6.2,158.0,1,0,4,0,0,0,0,0,0,Never,Low,Moderate,Home,1,Uninsured,Urgent,0
P004090,75,Female,26.4,132,72,61,122.0,5.1,207.0,5,0,4,0,1,0,0,0,0,Current,High,Low,Home,1,Medicaid,Emergency,1
P002478,67,Male,33.3,133,100,66,120.0,5.8,227.0,5,2,9,1,3,0,1,1,0,Current,None,Low,Home Health Care,0,Medicare,Urgent,1
P000644,67,Female,25.8,141,82,68,106.0,5.5,237.0,1,1,6,0,1,0,1,0,0,Current,Moderate,Moderate,Home Health Care,1,Private,Urgent,0
P005805,59,Male,36.2,106,63,67,126.0,6.3,182.0,1,0,3,0,0,0,0,0,0,Never,High,Moderate,Home,0,Private,Elective,1
P000723,30,Male,41.5,152,100,84,,6.2,128.0,4,0,4,1,1,0,1,0,0,Former,Low,High,Home,1,Uninsured,Urgent,0
P004319,50,Female,27.8,122,75,78,123.0,4.9,170.0,2,1,8,2,1,0,0,0,1,Never,None,Low,Home,1,Medicaid,Emergency,0
P000852,57,Female,27.0,138,81,52,94.0,5.9,221.0,1,0,6,1,1,0,0,0,0,Never,None,Moderate,Other,1,Private,Urgent,0
P004459,55,Female,29.9,128,64,69,60.0,5.4,273.0,0,1,4,1,0,0,0,0,0,Never,None,Low,Home,1,Medicare,Elective,0
P003963,72,Female,29.5,151,85,78,110.0,6.0,176.0,6,2,6,3,2,0,1,0,0,Current,None,Moderate,Home,1,Medicare,Urgent,0
P001143,34,Male,34.1,94,56,53,82.0,5.0,201.0,1,0,1,0,0,0,0,0,0,Former,Low,Low,Skilled Nursing Facility,0,Private,Urgent,1
P001846,33,Female,34.4,135,91,67,,7.8,170.0,5,1,2,0,1,1,0,0,0,Never,Moderate,Low,Home,1,Private,Elective,0
P002717,66,Male,26.2,136,72,73,80.0,5.4,205.0,4,2,9,1,4,0,1,1,1,Former,,High,Skilled Nursing Facility,1,Medicare,Emergency,1
P003207,71,Female,38.1,159,76,50,128.0,5.9,,3,1,3,0,1,0,1,0,0,Never,Moderate,Moderate,Skilled Nursing Facility,1,Private,Urgent,0
P000423,55,Female,30.6,126,80,79,78.0,4.6,202.0,5,0,5,0,2,0,1,0,0,Never,None,Low,Home,1,Medicaid,Elective,0
P004299,89,Female,29.8,142,79,56,91.0,5.1,254.0,6,1,8,3,4,0,1,0,1,Former,Low,Low,Home Health Care,0,Private,Emergency,1
P000437,56,Female,30.5,145,73,85,86.0,4.8,251.0,4,1,45,1,3,0,0,1,0,Former,High,High,Home,1,Medicaid,Emergency,0
P003074,76,Female,27.3,125,71,66,,5.3,195.0,3,4,9,0,2,0,1,0,1,Former,Moderate,High,Skilled Nursing Facility,1,Private,Elective,0
P002584,69,Male,23.9,151,84,85,108.0,5.2,221.0,3,3,7,0,2,0,1,0,1,Never,Low,Moderate,Skilled Nursing Facility,1,Private,Emergency,0
P001161,46,Male,41.1,111,63,87,110.0,4.8,283.0,1,0,8,0,0,0,0,0,0,Never,None,Low,Skilled Nursing Facility,1,Medicaid,Emergency,0
P001461,78,Other,34.2,151,86,62,121.0,5.7,208.0,5,1,6,1,2,0,1,1,0,Never,,Moderate,Home,0,Medicare,Urgent,1
P002031,84,Female,24.7,127,79,51,123.0,4.7,223.0,2,0,2,0,1,0,0,0,0,Former,Moderate,Moderate,Home,0,Private,Urgent,0
P002570,71,Male,36.2,146,85,77,117.0,5.3,131.0,1,2,5,3,3,0,1,0,1,Never,None,Moderate,Home,0,Medicare,Emergency,1
P004038,64,Male,29.8,105,73,78,60.0,4.9,243.0,3,3,9,2,2,0,1,0,1,Never,Moderate,High,Skilled Nursing Facility,0,Uninsured,Emergency,0
P000949,70,Female,32.6,159,83,71,101.0,4.4,256.0,12,2,4,3,4,0,1,0,0,,None,Low,Other,1,Medicare,Emergency,0
P002362,49,Female,17.3,148,86,86,105.0,5.0,215.0,3,1,8,1,1,0,0,0,0,Former,None,Moderate,Home,1,Private,Emergency,0
P003008,80,Female,18.0,158,93,77,99.0,4.8,207.0,2,0,4,1,1,0,1,0,0,Never,Low,Moderate,Home,0,Medicare,Emergency,0
P000666,38,Male,31.0,145,88,100,85.0,4.7,231.0,3,1,2,0,2,0,1,0,0,Never,Low,Low,Rehabilitation,0,Medicare,Urgent,0
P000689,57,Female,24.7,121,79,48,181.0,7.3,183.0,3,2,5,0,1,1,0,0,0,Never,None,Low,Home,0,Private,Elective,0
P003447,58,Male,24.8,114,69,77,,5.8,161.0,7,2,7,1,1,0,0,0,0,Former,Low,Moderate,Home,0,Private,Emergency,0
P001405,55,Male,,162,92,98,109.0,4.9,175.0,2,1,3,0,1,0,1,0,0,Former,Moderate,Moderate,Home Health Care,1,Private,Elective,0
P002070,61,Male,33.9,121,86,72,94.0,4.5,132.0,2,0,2,0,1,0,1,0,0,Never,None,High,Rehabilitation,1,Medicaid,Urgent,0
P003495,86,Male,25.5,142,93,75,,8.6,112.0,4,1,4,1,2,1,1,0,0,Former,Low,Moderate,Home,1,Medicaid,Urgent,0
P005442,44,Female,33.9,109,64,74,183.0,9.0,177.0,3,1,6,1,2,1,0,0,0,Never,None,High,Home,0,Private,Urgent,0
P002404,54,Female,21.6,135,84,79,88.0,5.5,214.0,1,0,8,0,0,0,0,0,0,Never,High,Moderate,Home,0,Uninsured,Emergency,0
P003923,47,Female,30.9,107,83,66,177.0,8.7,232.0,5,1,10,1,2,1,0,0,0,Former,None,High,Home,0,Medicaid,Emergency,0
P003317,62,Male,22.2,127,68,97,86.0,5.6,234.0,9,1,5,0,1,0,0,0,0,Never,None,Moderate,Home,0,Private,Elective,0
P002352,73,Male,20.1,116,70,78,104.0,5.4,230.0,1,0,7,0,0,0,0,0,0,Never,Low,High,Rehabilitation,1,Medicare,Emergency,0
P003799,77,Female,24.6,155,82,89,,5.4,238.0,4,1,6,1,1,0,1,0,0,Current,None,High,Home Health Care,0,Medicare,Urgent,0
P004543,36,Female,37.7,122,71,66,92.0,5.0,193.0,1,0,45,1,0,0,0,0,0,Never,Low,Low,Home,1,Private,Emergency,0
P001103,73,Male,,123,85,57,182.0,8.4,255.0,4,1,4,3,3,1,0,0,1,Current,High,High,Home Health Care,0,Medicare,Emergency,1
P000083,59,Male,28.4,96,65,86,144.0,5.0,234.0,1,0,7,2,0,0,0,0,0,Former,Low,Moderate,Home,1,Private,Elective,0
P002812,59,Female,28.1,135,96,79,88.0,5.1,325.0,2,0,5,0,0,0,0,0,0,Never,None,Moderate,Home,1,Private,Emergency,0
P003518,63,Male,27.6,104,65,88,194.0,8.6,217.0,3,0,8,2,3,1,0,0,1,Never,Moderate,Low,Home,1,Medicaid,Emergency,0
P001957,78,Male,23.7,153,85,102,176.0,7.5,198.0,4,1,4,2,4,1,1,0,0,Current,Low,Low,Skilled Nursing Facility,0,Medicare,Emergency,0
P004438,76,Female,28.3,172,81,72,70.0,5.8,186.0,3,2,7,3,4,0,1,0,1,Former,None,Low,Skilled Nursing Facility,1,Medicare,Elective,1
P003954,58,Male,21.5,130,69,91,109.0,4.9,136.0,2,0,10,0,1,0,1,0,0,Never,None,High,Rehabilitation,0,Uninsured,Emergency,0
P005770,66,Other,31.6,143,84,63,66.0,4.5,165.0,4,0,6,0,2,0,1,0,0,Former,Moderate,Moderate,Home,1,Medicare,Emergency,0
P004703,37,Male,27.4,144,77,85,126.0,4.9,209.0,1,0,7,0,0,0,0,0,0,Former,Low,High,Rehabilitation,1,Uninsured,Elective,0
P003976,68,Male,31.3,110,94,68,123.0,5.2,253.0,3,1,4,0,1,0,0,0,0,Current,High,Moderate,Home,1,Medicare,Urgent,0
P000088,64,Female,24.0,115,84,70,137.0,5.1,224.0,1,1,12,0,0,0,0,0,0,Former,None,Low,Home,0,Medicare,Emergency,0
P003912,100,Male,23.8,163,92,82,97.0,6.0,233.0,9,1,4,1,4,0,1,1,0,Former,Low,Low,Home Health Care,1,Medicare,Urgent,0
P004656,63,Male,23.1,133,90,75,111.0,4.9,215.0,3,0,4,0,1,0,0,0,0,Former,None,High,Home,1,Private,Emergency,1
P002454,52,Male,27.8,143,88,78,140.0,5.7,250.0,1,0,6,0,1,0,1,0,0,Current,Low,Moderate,Skilled Nursing Facility,1,Medicaid,Urgent,0
P002393,39,Female,20.7,104,70,99,129.0,5.5,217.0,4,2,11,1,3,0,0,0,0,Never,Low,High,Home,0,Private,Emergency,1
P000082,54,Female,28.8,144,78,62,177.0,7.8,241.0,13,2,8,2,3,1,1,1,0,Current,Low,High,Home,1,Private,Emergency,0
P003728,73,Female,20.6,120,79,84,,4.9,205.0,8,1,10,2,3,0,1,0,1,Former,,High,Skilled Nursing Facility,1,Private,Urgent,0
P001812,34,Male,40.2,108,66,88,131.0,5.9,249.0,5,0,4,1,3,0,0,1,0,Former,Low,Moderate,Home,0,Medicare,Urgent,0
P001542,77,Female,27.1,109,66,73,228.0,7.5,176.0,3,2,7,1,2,1,0,0,0,Current,Low,High,Home Health Care,0,Medicare,Emergency,0
P000323,82,Female,31.9,124,91,91,102.0,,223.0,1,1,6,0,1,0,0,0,0,Former,None,High,Rehabilitation,0,Medicare,Emergency,0
P001091,55,Female,31.5,127,87,87,72.0,5.5,181.0,2,0,8,1,2,0,1,0,0,Current,Low,Low,Home Health Care,1,Medicaid,Emergency,0
P002767,37,Female,19.8,92,55,82,123.0,5.4,122.0,1,2,2,1,1,0,0,0,0,Current,None,High,Home,1,Private,Urgent,0
P005281,41,Female,33.6,137,82,81,89.0,4.4,229.0,2,1,5,0,2,0,0,0,0,Former,Moderate,Low,Home Health Care,0,Medicaid,Emergency,1
P001673,66,Female,34.0,100,65,105,93.0,5.2,287.0,3,4,6,1,2,0,1,0,0,Current,Low,High,Home,0,Private,Emergency,0
P002891,52,Male,25.7,120,81,86,82.0,6.1,201.0,8,0,7,1,2,0,1,0,0,Never,Moderate,Moderate,Home,1,Medicaid,Emergency,0
P001774,90,Female,32.2,160,88,80,162.0,7.2,176.0,11,1,9,3,7,1,1,1,1,Never,Moderate,Moderate,Rehabilitation,1,Medicare,Urgent,0
P005198,46,Male,31.8,131,59,82,96.0,4.0,,4,1,4,2,2,0,1,0,0,Never,Moderate,High,Home,1,Private,Elective,0
P000848,77,Female,21.6,139,87,88,151.0,8.1,189.0,7,1,7,2,2,1,0,0,1,,Low,Moderate,Skilled Nursing Facility,0,Medicare,Emergency,0
P003680,65,Male,33.2,148,83,66,162.0,7.1,238.0,4,0,9,0,2,1,0,0,0,Never,Low,High,Home,1,Medicare,Emergency,0
P003471,41,Male,20.9,109,75,79,188.0,6.2,,2,1,4,0,1,0,0,0,0,Former,Low,Moderate,Home Health Care,0,Private,Emergency,0
P000695,52,Female,29.1,132,65,67,106.0,5.1,159.0,9,1,4,1,3,0,1,0,0,Never,None,Low,Home,1,Private,Urgent,0
P000728,76,Male,26.7,125,73,84,78.0,5.2,166.0,5,3,3,2,1,0,0,0,1,Former,Moderate,Moderate,Skilled Nursing Facility,1,Medicare,Urgent,1
P003986,55,Female,33.6,150,87,79,130.0,5.4,,7,1,6,1,2,0,1,1,0,Current,None,High,Home,0,Private,Emergency,1
P003109,45,Female,19.4,141,92,73,86.0,4.0,196.0,3,0,5,0,1,0,1,0,0,Former,Moderate,Moderate,Home,0,Uninsured,Emergency,1
P003289,58,Male,30.5,137,81,64,126.0,5.5,218.0,1,1,2,1,0,0,0,0,0,Current,Low,High,Home,0,Private,Urgent,0
P000817,58,Male,27.1,127,74,59,60.0,4.5,195.0,1,1,13,1,0,0,0,0,0,Former,Moderate,Low,Rehabilitation,1,Private,Emergency,1
P005622,67,Female,31.5,142,88,68,145.0,7.9,185.0,6,2,8,0,4,1,1,0,0,Never,None,Low,Home,0,Medicare,Emergency,1
P003676,94,Female,21.4,140,80,101,112.0,5.3,209.0,11,2,3,1,2,0,1,1,0,Never,None,High,Home,1,Medicare,Urgent,0
P004864,72,Male,31.0,133,75,59,94.0,,189.0,4,2,7,3,1,0,0,0,0,Current,Moderate,High,Home,1,Medicare,Emergency,0
P002158,52,Male,30.5,93,65,91,,5.0,192.0,2,0,5,0,1,0,0,0,0,Never,Moderate,Low,Home,1,Private,Urgent,0
P000675,77,Female,29.5,155,104,89,110.0,4.5,258.0,5,0,11,3,3,0,1,0,0,Never,Moderate,Moderate,Skilled Nursing Facility,1,Medicare,Urgent,0
P001617,100,Female,25.2,146,91,79,101.0,5.0,230.0,4,1,6,0,3,0,1,1,0,Current,Low,High,Home,1,Medicare,Urgent,0
P000732,65,Male,27.6,120,57,80,87.0,,235.0,3,0,4,0,1,0,0,0,0,Never,Low,Low,Rehabilitation,1,Private,Urgent,0
P002121,72,Female,20.7,153,89,69,91.0,5.1,278.0,7,5,7,0,4,0,1,0,0,Never,Moderate,Low,Home,0,Medicare,Elective,1
P005859,81,Other,24.1,122,79,94,233.0,6.2,216.0,1,1,4,1,1,0,1,0,0,Never,Moderate,High,Home,1,Medicaid,Urgent,0
P000650,58,Female,23.7,107,66,78,99.0,5.7,205.0,4,1,3,1,1,0,0,0,0,Former,None,Moderate,Home,1,Medicaid,Urgent,0
P003591,63,Female,28.3,141,77,79,113.0,4.8,136.0,4,0,4,0,1,0,1,0,0,Former,Low,Moderate,Home,0,Private,Urgent,0
P002826,62,Female,34.9,143,87,108,134.0,5.4,213.0,5,0,6,1,1,0,1,0,0,Never,Low,Moderate,Home,0,Private,Emergency,0
P003564,61,Female,29.8,115,79,88,155.0,6.3,181.0,3,0,8,0,1,0,1,0,0,,None,High,Home,1,Private,Emergency,0
P003613,55,Female,21.7,107,64,77,120.0,5.6,255.0,7,1,3,2,2,0,0,0,0,Former,None,Low,Home,1,Private,Emergency,0
P003464,43,Other,34.8,129,90,91,174.0,7.1,198.0,5,0,5,1,2,1,0,0,0,Former,High,Low,Rehabilitation,0,Private,Elective,0
P005970,87,Female,24.0,170,99,45,114.0,4.6,165.0,6,3,8,0,2,0,1,0,0,,None,Low,Home,1,Private,Emergency,0
P005734,65,Male,24.3,110,65,83,170.0,7.3,199.0,4,3,2,1,2,1,0,1,0,Never,None,Low,Home,1,Medicare,Elective,1
P004064,55,Male,23.5,131,85,81,81.0,5.6,160.0,8,1,13,2,4,0,0,0,0,Current,None,Moderate,Home,0,Medicaid,Emergency,1
P000018,50,Male,27.4,91,62,86,164.0,6.2,196.0,2,0,2,0,0,0,0,0,0,Never,Low,Low,Home,0,Medicaid,Emergency,1
P004894,51,Female,32.1,113,83,81,132.0,6.0,233.0,1,0,1,0,1,0,0,0,0,Never,Low,Low,Home,1,Medicaid,Urgent,0
P003253,43,Female,29.4,124,77,97,108.0,4.9,151.0,0,0,2,0,0,0,0,0,0,Current,None,Moderate,Rehabilitation,1,Private,Urgent,0
P004226,70,Male,35.3,128,69,58,117.0,7.7,150.0,5,2,8,3,4,1,1,1,0,Never,Low,Moderate,Home,1,Private,Emergency,0
P005473,71,Male,26.4,157,77,74,177.0,7.7,224.0,7,0,4,0,3,1,1,1,0,Former,Moderate,Moderate,Home Health Care,0,Medicare,Elective,0
P001804,58,Male,26.4,85,56,69,92.0,,158.0,3,1,3,2,2,0,0,1,0,Former,None,Moderate,Home,0,Private,Urgent,0
P004535,64,Male,32.4,134,96,111,133.0,4.6,142.0,7,1,13,1,3,0,1,1,0,Never,Moderate,Moderate,Home Health Care,1,Private,Emergency,0
P000635,59,Female,26.5,137,84,81,74.0,5.8,148.0,3,1,6,1,2,0,1,0,0,Never,None,Low,Home Health Care,1,Private,Elective,0
P001718,56,Male,31.9,147,82,57,94.0,5.2,197.0,2,0,6,0,0,0,0,0,0,Former,Moderate,High,Home Health Care,0,Private,Elective,0
P001548,52,Male,33.8,125,80,91,90.0,4.2,220.0,3,0,4,0,2,0,0,1,0,Current,Low,Low,Home,1,Private,Emergency,0
P005061,48,Male,36.2,118,83,45,100.0,5.5,140.0,2,0,3,1,1,0,0,0,0,Former,Low,Moderate,Home Health Care,1,Uninsured,Emergency,0
P005650,65,Female,26.4,129,76,66,118.0,5.3,202.0,4,2,2,0,0,0,0,0,0,Former,Low,Moderate,Home Health Care,1,Medicare,Urgent,0
P005162,42,Male,23.6,147,78,62,66.0,5.2,199.0,6,0,9,3,2,0,1,0,0,Never,Low,High,Home,0,Medicare,Emergency,0
P005936,47,Female,24.7,131,69,68,112.0,4.8,196.0,4,0,4,0,2,0,1,0,0,Current,None,Moderate,Home Health Care,1,Private,Elective,0
P003479,81,Female,26.4,153,86,91,148.0,8.0,157.0,5,1,2,1,2,1,1,0,0,Current,Moderate,High,Home Health Care,1,Private,Urgent,0
P005695,74,Male,39.2,146,72,86,177.0,7.8,198.0,6,4,5,2,5,1,1,1,1,Current,Moderate,Moderate,Home,1,Private,Emergency,0
P001156,66,Male,29.0,131,81,75,102.0,5.7,235.0,5,1,5,1,3,0,1,1,0,Never,None,Low,Home,1,Medicare,Emergency,0
P003186,43,Female,29.4,113,69,100,103.0,4.7,163.0,4,0,4,0,1,0,0,0,0,Former,Moderate,Low,Home,1,Medicaid,Emergency,0
P001280,61,Female,32.4,163,88,81,129.0,5.0,178.0,2,0,6,0,1,0,1,0,0,Never,None,Moderate,Home,1,Private,Elective,0
P003140,94,Female,32.6,146,81,92,96.0,4.7,189.0,6,2,4,1,2,0,1,1,0,Current,Low,Low,Skilled Nursing Facility,1,Medicare,Urgent,1
P000890,38,Male,27.4,116,74,76,126.0,5.1,211.0,5,1,9,2,2,0,0,0,0,Current,High,Low,Home,0,Private,Elective,0
P005971,71,Male,22.7,142,77,64,163.0,8.0,221.0,3,4,56,4,4,1,1,0,0,Never,None,Low,Home Health Care,0,Medicaid,Emergency,1
P000493,60,Female,29.5,142,86,88,94.0,5.4,238.0,6,1,4,1,2,0,0,0,0,Never,Low,Low,Home,1,Medicare,Emergency,0
P001824,74,Male,29.9,160,80,81,109.0,5.4,214.0,4,2,8,4,3,0,1,1,0,Never,,High,Home,1,Medicaid,Elective,0
P005409,48,Male,38.0,106,82,77,201.0,8.3,199.0,3,1,8,1,4,1,0,0,0,Former,Moderate,Moderate,Rehabilitation,1,Private,Emergency,0
P000387,71,Other,24.3,143,90,93,143.0,4.7,199.0,5,0,7,2,3,0,0,0,1,,None,High,Home,1,Medicare,Emergency,0
P000243,38,Male,31.6,129,75,69,197.0,7.9,196.0,7,0,8,3,4,1,1,0,0,Never,Low,Low,Home,0,Private,Urgent,0
P003438,66,Male,27.5,102,67,100,153.0,7.4,272.0,9,2,5,0,5,1,0,1,1,Current,Low,Moderate,Home Health Care,1,Medicare,Urgent,0
P000318,54,Female,59.8,124,73,76,110.0,4.0,210.0,5,0,13,2,3,0,1,0,1,Never,High,Moderate,Home,1,Private,Emergency,1
P004189,53,Male,30.4,122,85,70,102.0,5.3,162.0,1,0,2,0,0,0,0,0,0,Never,Low,Moderate,Rehabilitation,1,Private,Emergency,0
P004139,49,Female,36.1,119,83,70,127.0,6.5,238.0,2,0,6,1,2,0,0,0,0,Former,None,Low,Home,0,Private,Emergency,0
P001932,58,Male,31.5,124,74,94,438.0,4.5,,5,3,1,1,3,0,1,0,0,Never,Low,Low,Home,1,Medicare,Elective,1
P002629,52,Female,37.6,146,96,64,92.0,4.1,238.0,1,0,5,1,3,0,1,1,0,Never,Moderate,Low,Home,0,Medicaid,Elective,1
P004401,63,Female,34.8,138,96,78,79.0,5.7,242.0,2,0,5,0,0,0,0,0,0,Never,None,Low,Home,1,Private,Urgent,0
P001147,71,Male,23.6,128,89,56,62.0,5.1,196.0,5,0,4,2,1,0,1,0,0,Former,None,Moderate,Home,1,Medicare,Emergency,0
P001266,62,Female,22.7,123,83,72,104.0,5.0,212.0,1,0,3,0,0,0,0,0,0,Current,Low,Low,Home,1,Private,Urgent,0
P001760,65,Female,29.6,132,79,63,131.0,5.5,236.0,6,3,6,3,2,0,1,1,0,Current,None,Moderate,Home,1,Medicare,Urgent,0
P004796,51,Female,30.4,120,80,74,103.0,4.9,176.0,6,0,5,2,1,0,0,0,0,Former,None,Moderate,Home,0,Private,Emergency,0
P005854,42,Female,29.5,90,56,85,84.0,4.7,127.0,1,0,7,0,1,0,0,0,0,Former,None,High,Home,1,Private,Emergency,0
P000788,61,Female,28.2,132,72,76,120.0,7.6,239.0,4,2,10,0,1,1,0,0,0,Current,None,Moderate,Home,0,Private,Emergency,0
P005809,56,Other,38.7,85,64,85,177.0,7.6,188.0,1,1,5,1,2,1,0,0,0,Never,Low,Moderate,Home,1,Private,Urgent,0
P000020,63,Female,34.8,149,81,80,140.0,7.5,204.0,5,1,9,2,3,1,1,0,1,Never,None,Low,Home,1,Medicaid,Elective,0
P003090,79,Male,26.5,133,92,109,96.0,5.2,209.0,8,1,9,2,3,0,1,1,1,Former,Moderate,Low,Home Health Care,1,Medicare,Emergency,1
P001220,84,Male,29.9,135,76,90,150.0,5.9,199.0,2,1,4,4,1,0,0,0,0,Never,,High,Rehabilitation,0,Private,Urgent,0
P005144,80,Male,30.6,130,90,81,91.0,5.0,172.0,6,0,6,0,2,0,1,1,0,Former,Moderate,Moderate,Home,0,Medicare,Emergency,0
P000122,67,Male,26.3,104,78,72,100.0,5.2,,4,0,6,3,1,0,1,0,0,Never,,High,Home,1,Medicare,Emergency,0
P001319,42,Female,25.5,116,64,48,97.0,4.7,110.0,3,1,3,1,1,0,0,0,1,Never,None,Low,Home,1,Private,Emergency,0
P001700,67,Male,30.5,134,64,69,87.0,5.3,193.0,6,0,4,0,1,0,1,0,0,Never,Low,Low,Other,0,Medicare,Emergency,0
P001540,87,Male,30.8,133,75,79,67.0,4.3,245.0,4,4,4,1,2,0,0,0,0,Never,Low,Low,Home,1,Medicare,Elective,1
P003502,84,Male,24.2,147,80,90,148.0,6.0,228.0,4,1,3,0,1,0,0,0,0,Never,Low,High,Home Health Care,0,Medicare,Urgent,0
P002183,36,Female,30.4,122,78,87,165.0,7.8,170.0,1,0,2,0,1,1,0,0,0,Never,Low,High,Rehabilitation,1,Medicaid,Elective,0
P005887,70,Female,26.0,138,89,55,84.0,5.4,167.0,3,2,8,1,1,0,0,0,0,Never,Low,Moderate,Home,1,Medicare,Emergency,0
P001808,64,Female,36.1,118,67,92,125.0,5.3,190.0,3,0,10,1,2,0,1,1,0,Never,,Low,Home Health Care,1,Private,Elective,0
P000326,75,Male,31.2,126,97,70,84.0,5.1,155.0,4,2,6,3,2,0,0,0,1,,None,Moderate,Rehabilitation,1,Private,Urgent,0
P002010,73,Female,24.6,128,70,94,87.0,5.4,166.0,5,1,7,2,3,0,1,0,0,Current,None,Moderate,Home,0,Uninsured,Emergency,1
P005845,86,Female,39.5,131,80,77,172.0,,182.0,5,0,6,0,2,1,1,0,0,Former,Low,Low,Home,0,Medicare,Urgent,0
P005980,43,Other,19.0,119,77,78,,5.1,202.0,1,0,4,0,0,0,0,0,0,Former,None,Low,Home,1,Uninsured,Elective,0
P003685,48,Female,35.2,139,78,95,126.0,5.6,197.0,11,3,8,2,4,0,0,0,1,Current,Moderate,Moderate,Home,0,Private,Emergency,1
P000948,20,Female,26.8,110,66,61,77.0,5.4,,8,2,10,1,2,0,0,0,0,Former,,Low,Home,1,Medicare,Emergency,0
P001541,60,Female,27.3,97,68,69,139.0,5.3,233.0,0,0,7,0,1,0,0,0,0,Former,,Moderate,Home Health Care,0,Medicaid,Emergency,0
P003818,67,Male,30.6,149,98,86,155.0,,199.0,3,0,8,1,4,1,1,0,0,Former,None,Low,Home,0,Medicare,Emergency,0
P003335,65,Female,30.7,151,83,80,,5.4,149.0,7,1,5,1,2,0,1,0,0,Current,Low,Moderate,Home,1,Private,Emergency,1
P005496,69,Female,26.9,128,95,77,,4.8,284.0,2,1,8,0,0,0,0,0,0,Never,Moderate,Low,Rehabilitation,1,Medicare,Emergency,1
P001247,58,Male,32.3,122,74,87,96.0,5.6,277.0,3,0,3,0,1,0,1,0,0,Current,Low,High,Home,1,Private,Urgent,0
P001098,71,Female,24.8,151,76,87,158.0,7.7,197.0,8,2,4,0,4,1,1,0,1,Former,Moderate,Low,Home,0,Medicare,Elective,0
P003473,80,Male,24.1,125,70,67,81.0,4.3,152.0,4,0,8,0,1,0,0,0,1,Never,None,Low,Home,1,Medicaid,Emergency,0
P004784,69,Female,19.8,136,76,111,60.0,5.1,134.0,4,1,6,0,3,0,1,0,0,Former,None,High,Home,1,Medicare,Elective,0
P001888,67,Female,30.1,154,81,78,116.0,4.5,167.0,5,1,8,1,4,0,1,0,1,Current,Low,Low,Home,1,Medicare,Elective,0
P001756,73,Male,26.0,112,75,77,153.0,7.3,151.0,3,2,2,4,2,1,1,0,0,Former,None,Low,Home,0,Medicare,Urgent,1
P005219,77,Male,34.5,107,64,100,158.0,7.1,266.0,3,2,4,2,2,1,0,1,0,Former,None,Moderate,Home,1,Uninsured,Urgent,0
P001893,47,Female,15.0,127,68,66,105.0,4.9,205.0,4,1,6,1,1,0,0,0,0,Former,Low,Low,Other,1,Private,Urgent,0
P001026,59,Female,36.3,131,82,69,160.0,7.5,120.0,7,3,4,1,2,1,1,0,0,Former,Moderate,Moderate,Other,0,Private,Elective,0
P003599,37,Female,36.4,105,75,71,60.0,4.2,165.0,5,1,6,2,2,0,0,0,0,,High,Low,Home,1,Private,Emergency,0
P004668,76,Male,32.9,130,81,66,94.0,5.2,184.0,3,1,8,1,3,0,1,0,1,Current,Low,Low,Rehabilitation,1,Medicare,Emergency,1
P001246,65,Male,18.5,142,82,59,95.0,4.7,254.0,3,1,3,2,1,0,1,0,0,Current,Low,Low,Home,1,Medicare,Emergency,0
P005316,80,Female,,127,78,63,103.0,5.6,187.0,4,1,5,1,2,0,1,0,0,Never,Moderate,High,Home Health Care,0,Medicare,Emergency,0
P001855,71,Female,31.9,144,81,79,173.0,6.7,179.0,4,0,5,1,2,1,1,0,0,Former,Low,High,Home,0,Private,Emergency,0
P000334,49,Male,31.5,121,88,90,184.0,7.9,218.0,4,2,5,2,2,1,0,1,0,Never,None,Moderate,Home,1,Private,Urgent,0
P002953,60,Male,25.6,139,79,77,65.0,4.2,180.0,6,0,3,0,2,0,0,0,0,Never,Moderate,Low,Home Health Care,1,Private,Emergency,0
P004749,48,Male,,110,77,75,74.0,5.1,244.0,4,2,6,0,1,0,0,0,0,,None,Low,Home,1,Private,Emergency,1
P000206,63,Female,25.4,147,85,90,146.0,5.0,181.0,7,3,4,2,1,0,1,0,0,Current,None,Moderate,Rehabilitation,1,Medicaid,Emergency,1
P002507,87,Female,22.5,155,78,74,127.0,5.6,277.0,4,1,7,0,1,0,0,0,1,Never,Moderate,Moderate,Home Health Care,1,Medicare,Emergency,0
P004408,68,Female,39.6,137,100,75,,7.4,223.0,6,3,10,1,3,1,1,0,0,Current,Low,Low,Skilled Nursing Facility,0,Medicare,Emergency,1
P003768,71,Female,36.6,124,70,90,,7.1,158.0,9,2,2,0,3,1,0,0,0,Never,Low,Low,Home,1,Medicare,Elective,1
P001556,55,Male,41.9,143,72,78,169.0,6.5,194.0,3,0,3,1,1,1,0,0,0,Former,None,High,Home,1,Medicare,Urgent,0
P002486,62,Female,32.5,131,70,83,114.0,5.3,,2,0,5,3,1,0,0,0,1,Never,High,Low,Home,1,Private,Emergency,0
P004952,52,Male,32.6,111,57,85,121.0,4.6,185.0,8,0,6,1,3,0,0,0,0,Never,Low,Low,Skilled Nursing Facility,0,Private,Emergency,0
P000049,74,Female,28.1,124,80,88,60.0,4.4,178.0,5,0,6,0,2,0,0,0,0,Former,None,Low,Rehabilitation,1,Medicare,Emergency,0
P000951,38,Male,28.9,93,75,84,108.0,5.6,229.0,2,0,4,0,0,0,0,0,0,Former,None,High,Home,1,Private,Emergency,0
P003893,29,Female,30.9,120,82,92,94.0,5.7,233.0,3,2,2,0,1,0,0,0,0,Never,High,Moderate,Home,1,Private,Urgent,0
P003012,59,Male,30.3,116,65,85,,8.5,188.0,5,1,7,1,2,1,0,0,1,Never,Moderate,Moderate,Home Health Care,0,Medicaid,Urgent,1
P003595,58,Female,25.3,98,61,92,202.0,7.7,155.0,3,1,3,0,1,1,0,0,0,Never,Low,Moderate,Rehabilitation,1,Private,Urgent,0
P005525,62,Female,15.0,107,78,72,74.0,4.7,224.0,2,0,2,1,0,0,0,0,0,Never,High,High,Home,1,Private,Emergency,0
P001709,79,Female,25.7,141,85,94,137.0,6.3,262.0,2,3,3,2,1,0,0,1,0,Never,None,High,Home,1,Medicare,Urgent,0
P003344,76,Female,33.8,178,85,85,109.0,4.6,190.0,6,1,5,2,2,0,1,0,0,Never,None,Low,Home Health Care,1,Medicare,Emergency,1
P003674,35,Male,28.4,116,85,76,180.0,7.0,158.0,5,1,4,0,2,1,0,0,0,Never,None,Moderate,Home,0,Private,Urgent,1
P003729,68,Male,28.7,138,86,99,102.0,5.9,237.0,2,0,1,1,0,0,0,0,0,Never,None,Moderate,Home,1,Medicare,Elective,0
P003180,70,Male,19.8,122,74,86,126.0,5.6,158.0,5,3,3,1,2,0,0,0,0,Former,Low,Low,Home,1,Medicare,Emergency,0
P001923,35,Male,26.7,128,81,77,126.0,5.0,256.0,3,1,1,0,0,0,0,0,0,Former,High,High,Home,1,Medicaid,Elective,0
P004847,78,Female,32.5,143,97,109,198.0,7.8,246.0,6,4,10,3,3,1,1,1,0,Never,High,Moderate,Home Health Care,0,Medicare,Elective,1
P000077,58,Male,37.1,117,80,86,143.0,,202.0,4,0,10,0,2,0,1,0,1,Former,Low,Moderate,Home,0,Private,Emergency,0
P004411,85,Female,29.1,126,59,58,79.0,6.1,175.0,2,2,5,1,1,0,1,0,0,Former,Moderate,Moderate,Home,0,Medicare,Elective,0
P001623,75,Male,33.7,124,90,92,144.0,7.6,240.0,2,0,10,2,2,1,0,0,0,Never,Low,Low,Home,1,Medicare,Urgent,0
P003764,73,Male,29.8,138,76,67,76.0,6.1,188.0,6,0,12,1,2,0,1,0,0,Former,High,High,Home,1,Medicare,Emergency,0
P004182,65,Male,28.4,124,75,74,165.0,7.9,253.0,3,0,4,0,2,1,1,0,0,Former,High,Low,Home,1,Medicare,Elective,0
P005761,100,Female,34.6,139,76,75,173.0,,166.0,6,6,5,5,3,1,1,0,1,Current,Low,Low,Home Health Care,0,Private,Urgent,1
P000272,69,Male,27.7,153,96,89,103.0,4.2,205.0,3,1,9,0,1,0,1,0,0,Current,Low,Low,Home,1,Medicare,Emergency,1
P002286,69,Male,15.0,116,79,85,109.0,5.4,149.0,3,1,6,1,0,0,0,0,0,Never,None,High,Home,1,Medicare,Emergency,0
P000875,36,Female,24.5,121,77,64,218.0,6.0,213.0,4,1,9,3,1,0,1,0,0,Never,Low,High,Home,1,Private,Emergency,0
P001753,54,Male,33.0,107,74,86,106.0,4.4,136.0,6,0,3,2,3,0,0,0,0,Former,Low,Moderate,Home,0,Medicaid,Urgent,1
P001702,57,Female,27.8,125,76,76,126.0,7.2,223.0,3,1,4,1,1,1,0,0,0,Never,Low,Low,Home,1,Uninsured,Urgent,0
P005045,32,Male,26.2,132,70,69,96.0,4.5,195.0,1,0,3,0,1,0,0,0,0,Never,None,Moderate,Home,1,Private,Emergency,0
P004419,70,Male,28.4,86,55,75,88.0,4.9,257.0,7,0,4,1,1,0,0,0,0,Never,Low,Low,Home,1,Medicare,Emergency,0
P005196,78,Female,24.2,143,83,77,98.0,4.7,151.0,2,0,5,2,1,0,1,0,0,Never,Low,Moderate,Home,0,Private,Emergency,0
P000301,90,Male,25.6,147,89,95,110.0,5.4,295.0,5,0,4,0,3,0,1,0,0,Current,None,Moderate,Skilled Nursing Facility,0,Medicaid,Urgent,0
P001552,53,Male,28.0,135,81,69,87.0,5.7,230.0,5,0,1,0,1,0,1,0,0,Never,Moderate,Low,Home,1,Private,Elective,0
P005865,55,Male,28.8,152,95,78,,6.7,215.0,2,1,4,1,3,1,0,0,0,Never,None,Low,Home,1,Private,Emergency,0
P005371,75,Male,33.3,145,87,92,118.0,6.6,200.0,4,0,4,1,2,0,1,0,0,Current,Low,Low,Home,1,Medicare,Elective,0
P002991,74,Female,32.4,124,79,94,104.0,5.0,190.0,6,3,9,0,3,0,1,1,0,,None,Low,Home Health Care,1,Medicare,Elective,0
P000610,72,Male,28.6,132,78,76,112.0,5.8,166.0,2,1,3,1,1,0,1,0,0,Current,Moderate,High,Home Health Care,0,Medicare,Urgent,0
P001014,39,Male,23.8,124,78,78,84.0,4.2,160.0,1,1,5,0,0,0,0,0,0,Former,Low,Low,Home,1,Medicaid,Emergency,0
P003500,73,Female,27.8,148,89,96,72.0,4.7,191.0,4,0,6,2,4,0,1,1,0,Current,Moderate,High,Home,0,Medicare,Emergency,1
P002521,61,Female,30.1,97,58,88,130.0,4.6,169.0,4,1,3,0,1,0,0,0,0,Never,Moderate,High,Home,0,Private,Emergency,0
P003167,51,Female,29.6,136,81,86,86.0,5.0,195.0,1,0,4,1,1,0,1,0,0,Current,Low,High,Home,1,Private,Urgent,0
P004397,65,Male,32.0,135,75,69,116.0,5.2,155.0,3,0,7,1,1,0,0,0,0,Never,None,Moderate,Home Health Care,1,Medicare,Emergency,0
P002655,64,Male,23.4,134,75,63,85.0,4.9,185.0,4,1,2,3,1,0,0,0,0,Former,Low,Moderate,Home,1,Medicaid,Emergency,0
P000921,59,Female,26.5,115,87,58,141.0,5.8,184.0,1,0,3,0,0,0,0,0,0,,Moderate,Low,Rehabilitation,1,Private,Urgent,0
P002041,78,Female,19.2,109,68,67,,5.3,264.0,7,0,7,0,2,0,0,1,1,Current,Moderate,High,Skilled Nursing Facility,0,Medicare,Emergency,0
P000234,82,Male,24.2,118,88,106,139.0,5.5,200.0,1,0,8,0,0,0,0,0,0,Never,None,Low,Home Health Care,0,Medicare,Emergency,0
P001806,35,Female,37.4,93,76,74,137.0,5.1,207.0,3,1,3,0,1,0,0,1,0,Never,None,Moderate,Rehabilitation,1,Private,Urgent,0
P003982,60,Male,40.4,148,94,80,175.0,6.6,,2,1,8,3,3,1,1,0,0,Current,Moderate,High,Home,1,Private,Urgent,0
P003702,51,Female,20.5,124,88,75,75.0,,206.0,1,0,2,0,0,0,0,0,0,Never,Low,Moderate,Rehabilitation,1,Private,Elective,0
P005292,51,Male,29.8,116,73,105,111.0,5.0,217.0,7,2,3,2,2,0,0,0,0,Never,Moderate,High,Home,1,Private,Emergency,0
P000613,43,Female,27.5,103,69,90,173.0,7.5,173.0,4,1,3,0,2,1,0,0,0,Current,None,High,Home,1,Private,Elective,0
P002843,73,Female,19.9,128,78,87,76.0,4.9,218.0,1,2,1,1,0,0,0,0,0,Never,High,High,Other,1,Medicare,Emergency,0
P005953,37,Male,23.2,129,75,66,,5.0,125.0,3,2,3,1,1,0,1,0,0,Never,Low,Moderate,Home,1,Medicaid,Urgent,0
P002147,50,Female,26.2,140,72,88,107.0,5.5,225.0,4,0,6,0,1,0,1,0,0,Former,Moderate,Moderate,Home,0,Private,Emergency,0
P004887,67,Male,33.8,120,68,87,137.0,5.0,229.0,1,0,3,0,1,0,0,1,0,Current,None,Moderate,Home,1,Medicaid,Urgent,0
P003293,57,Female,33.4,113,73,82,170.0,8.0,178.0,2,1,3,0,1,1,0,0,0,Never,None,High,Home,1,Private,Elective,0
P005212,75,Female,,123,75,81,76.0,4.8,195.0,2,2,5,2,2,0,1,0,0,Current,Low,High,Home,1,Medicare,Urgent,0
P004646,51,Female,31.7,106,80,73,128.0,5.6,177.0,4,5,4,0,2,0,0,0,0,,None,Low,Home,0,Medicaid,Emergency,1
P002751,70,Male,23.3,122,88,60,76.0,5.4,219.0,3,0,4,1,1,0,0,0,0,Never,High,Low,Home,1,Medicare,Urgent,0
P002775,58,Female,33.0,98,79,80,183.0,8.0,245.0,7,0,3,1,3,1,0,0,0,Never,None,Moderate,Rehabilitation,1,Private,Elective,0
P001553,55,Female,24.2,145,85,87,108.0,4.3,172.0,6,0,2,0,2,0,1,0,0,Never,Low,High,Home,1,Private,Urgent,0
P004695,62,Female,33.1,138,87,90,157.0,7.1,211.0,8,1,7,0,5,1,1,1,0,Never,,Moderate,Home,1,Private,Urgent,1
P005158,71,Female,32.3,118,76,75,197.0,5.9,426.0,0,1,1,1,0,0,0,0,0,Never,Low,Low,Home,1,Private,Emergency,0
P005507,56,Female,21.5,120,75,91,80.0,4.8,193.0,5,0,3,1,0,0,0,0,0,Current,None,Moderate,Home,0,Private,Urgent,0
P004349,70,Male,20.5,139,75,79,201.0,7.2,211.0,4,2,7,3,3,1,1,0,0,Former,None,High,Home,0,Medicare,Emergency,0
P001946,37,Male,27.4,100,89,71,94.0,4.6,128.0,0,0,2,0,0,0,0,0,0,Former,Low,Moderate,Home,1,Medicare,Urgent,0
P002763,56,Female,33.9,129,76,87,146.0,,255.0,5,0,8,0,3,1,0,1,0,Never,Moderate,Moderate,Home,1,Medicare,Urgent,1
P004812,58,Female,26.6,147,91,59,60.0,4.0,217.0,6,1,5,1,4,0,1,0,1,Former,Moderate,Low,Home,0,Medicaid,Urgent,0
P005332,70,Male,31.3,150,81,84,74.0,4.2,281.0,1,2,6,3,1,0,1,0,0,Former,Low,Low,Home,1,Medicare,Elective,0
P000294,26,Female,27.2,107,89,65,112.0,5.2,199.0,3,0,2,0,1,0,0,0,0,Former,Moderate,High,Home,1,Private,Elective,0
P003493,60,Female,24.2,119,86,79,105.0,4.7,151.0,2,2,7,1,3,0,0,0,0,Former,None,Low,Home,0,Medicaid,Elective,1
P005570,67,Female,24.9,109,72,80,130.0,5.4,248.0,1,1,3,1,0,0,0,0,0,Current,None,Low,Home,1,Medicaid,Urgent,0
P005609,67,Female,32.0,127,70,67,110.0,6.0,,5,3,4,3,2,0,0,1,0,Current,Low,Low,Home,0,Private,Urgent,0
P002453,72,Female,37.4,107,75,60,122.0,4.6,179.0,9,2,6,1,2,0,1,0,0,Never,None,High,Rehabilitation,0,Medicare,Emergency,0
P001849,58,Female,24.6,117,72,75,85.0,5.5,191.0,7,1,9,2,4,0,0,1,0,Never,None,Moderate,Home Health Care,1,Private,Emergency,0
P005077,70,Female,42.8,142,88,60,153.0,,192.0,7,1,8,2,3,1,1,0,0,Current,Low,Low,Home,0,Medicare,Emergency,0
P002054,100,Male,23.3,157,79,73,81.0,4.8,205.0,8,2,5,0,4,0,0,1,0,Current,Moderate,Moderate,Home,1,Medicare,Elective,0
P004387,60,Male,33.9,121,72,73,86.0,5.0,,3,1,5,0,1,0,0,1,0,Current,Moderate,High,Home,1,Medicare,Urgent,0
P002443,49,Male,23.1,125,73,90,114.0,5.6,152.0,3,0,8,0,1,0,0,0,0,Never,None,Low,Home,0,Private,Emergency,0
P005573,41,Female,29.7,102,69,76,112.0,5.9,185.0,6,1,4,0,1,0,0,0,0,Never,,Moderate,Home,0,Private,Urgent,0
P001809,65,Male,31.5,140,78,77,122.0,6.8,188.0,5,3,4,2,3,1,1,0,1,Never,None,Moderate,Home,1,Medicare,Emergency,1
P002986,57,Male,26.5,131,81,65,105.0,5.3,228.0,3,2,2,2,2,0,0,0,1,Never,Low,High,Home,1,Private,Elective,0
P003310,57,Female,32.6,136,88,115,95.0,4.1,172.0,6,2,11,4,4,0,0,0,1,Never,Moderate,Moderate,Home,1,Medicaid,Emergency,0
P001407,68,Female,29.1,149,84,85,128.0,5.9,248.0,4,1,5,0,2,0,1,0,0,Never,None,High,Skilled Nursing Facility,1,Medicare,Elective,0
P001672,40,Female,25.7,114,89,87,94.0,4.7,142.0,5,1,7,0,2,0,0,0,0,Never,Moderate,High,Home,1,Private,Emergency,0
P000411,42,Male,35.5,125,88,85,122.0,5.3,180.0,4,1,8,2,1,0,1,0,0,Current,None,High,Home,1,Private,Emergency,0
P004135,48,Other,32.4,124,74,88,95.0,5.0,206.0,4,0,4,1,3,0,0,0,0,Former,None,Low,Home,1,Private,Urgent,0
P001585,62,Male,30.9,142,81,66,105.0,4.5,145.0,5,6,4,1,3,0,1,0,1,Never,None,Moderate,Home Health Care,1,Medicaid,Urgent,0
P002433,49,Male,24.1,101,75,83,108.0,5.9,222.0,4,0,7,1,1,0,0,0,0,Never,Moderate,High,Home,1,Private,Emergency,0
P002107,85,Male,15.0,121,78,80,108.0,5.1,219.0,7,4,4,2,3,0,0,1,0,Never,High,Moderate,Home Health Care,0,Medicare,Urgent,0
P001443,43,Other,29.8,133,80,72,120.0,5.6,203.0,7,2,3,1,3,0,0,0,0,Never,Moderate,Moderate,Home,1,Private,Emergency,0
P003444,58,Female,23.2,179,94,95,165.0,5.8,183.0,8,1,5,1,4,0,1,0,1,Never,Moderate,Low,Home,1,Private,Emergency,0
P004098,76,Male,28.2,167,88,91,228.0,8.0,187.0,5,2,7,0,4,1,1,0,0,Never,Low,Moderate,Home,1,Medicare,Emergency,0
P000025,58,Female,23.9,105,68,54,60.0,,181.0,0,1,7,0,0,0,0,0,0,Never,High,Low,Home,1,Medicaid,Urgent,0
P001186,43,Male,,130,62,78,195.0,7.5,180.0,4,0,4,0,3,1,1,0,0,Never,None,Low,Home,0,Private,Urgent,0
P000971,60,Female,32.3,123,70,81,60.0,5.8,225.0,5,0,5,2,1,0,1,0,0,Former,None,High,Home,1,Medicaid,Urgent,0
P003063,100,Male,37.1,139,81,94,106.0,5.5,133.0,1,1,4,0,2,0,1,1,0,Current,None,Moderate,Home,1,Medicare,Urgent,0
P001231,56,Male,30.5,156,89,85,82.0,5.3,202.0,3,2,3,1,2,0,1,0,0,Never,None,Moderate,Skilled Nursing Facility,1,Private,Elective,0
P005038,52,Female,34.7,129,81,55,105.0,4.8,207.0,0,2,2,1,0,0,0,0,0,Former,None,High,Home,1,Uninsured,Urgent,0
P001442,69,Male,22.8,144,76,72,110.0,5.0,163.0,2,1,5,0,1,0,1,0,0,Never,Moderate,High,Home Health Care,1,Medicare,Emergency,0
P003368,60,Male,20.5,120,72,87,,,177.0,1,2,7,1,2,0,0,0,0,Former,Moderate,Low,Home,1,Private,Emergency,0
P002394,69,Male,36.0,144,91,67,140.0,7.1,202.0,9,3,7,2,3,1,0,0,0,Former,None,Low,Home,1,Medicare,Emergency,1
P000568,54,Male,23.7,134,91,108,117.0,5.1,191.0,1,0,4,0,1,0,0,0,0,,Low,Low,Home,0,Private,Emergency,0
P000712,75,Male,27.1,150,89,77,122.0,6.2,241.0,5,3,8,4,4,0,1,1,0,Current,None,Low,Skilled Nursing Facility,1,Medicare,Urgent,1
P005536,47,Male,36.0,125,77,62,136.0,6.6,171.0,3,0,6,0,1,0,0,0,0,Never,Low,Moderate,Home Health Care,1,Private,Urgent,0
P003161,63,Male,27.3,141,75,86,74.0,4.0,206.0,4,0,6,2,4,0,1,0,0,Never,Low,High,Home,0,Medicaid,Emergency,0
P004928,69,Female,20.3,163,93,88,126.0,5.6,216.0,4,2,8,1,3,0,1,0,0,Never,Low,Low,Home,0,Medicaid,Elective,0
P001262,65,Female,32.9,132,80,96,204.0,7.7,204.0,2,1,6,1,3,1,1,0,0,Never,High,Moderate,Home,0,Medicare,Emergency,0
P005388,60,Male,26.5,89,64,66,96.0,5.2,173.0,2,1,6,0,1,0,0,0,0,Never,High,Low,Home Health Care,1,Medicaid,Emergency,0
P000727,68,Female,35.9,93,83,64,109.0,6.0,241.0,2,0,6,1,1,0,0,0,0,Current,,Moderate,Home Health Care,0,Medicare,Emergency,0
P005614,86,Male,17.8,153,87,102,104.0,4.5,245.0,1,2,6,1,0,0,0,0,0,Never,Low,Moderate,Home,1,Medicare,Emergency,0
P003216,71,Male,20.0,147,76,67,189.0,7.5,172.0,9,2,6,1,3,1,1,0,1,,None,Moderate,Home,1,Private,Emergency,0
P004638,48,Male,28.0,134,62,66,78.0,6.1,216.0,1,0,7,0,1,0,1,0,0,Never,Moderate,Low,Home,0,Private,Emergency,0
P004819,73,Female,31.2,111,82,85,60.0,5.1,215.0,1,0,2,1,0,0,0,0,0,,None,Moderate,Home,1,Medicare,Elective,0
P000127,86,Male,26.8,148,78,87,186.0,7.5,242.0,5,0,4,2,3,1,1,1,0,Former,Low,Low,Other,0,Medicaid,Emergency,1
P000003,75,Male,27.4,147,83,102,133.0,5.9,190.0,2,0,2,0,1,0,1,0,0,Former,None,Moderate,Home,1,Medicare,Urgent,0
P002493,75,Male,34.8,137,70,64,141.0,6.4,198.0,1,1,5,0,3,0,1,0,0,Never,High,Moderate,Skilled Nursing Facility,0,Medicare,Elective,0
P003449,56,Female,,155,81,76,108.0,4.3,193.0,2,1,3,3,1,0,0,0,0,Never,None,High,Home Health Care,1,Private,Urgent,0
P001607,72,Male,20.5,112,95,83,171.0,8.3,162.0,4,1,4,3,2,1,0,0,1,Never,Low,Low,Home,1,Medicare,Elective,0
P003358,56,Female,19.5,113,68,78,134.0,5.7,159.0,2,1,3,0,1,0,0,0,0,Never,Low,Moderate,Home,0,Medicaid,Emergency,0
P003965,60,Male,28.9,119,67,77,109.0,5.3,,3,1,1,1,1,0,0,0,1,Former,None,Low,Home,0,Private,Urgent,0
P004402,57,Female,35.4,122,71,71,,4.7,219.0,3,1,2,0,2,0,0,0,0,Current,Moderate,Moderate,Home Health Care,1,Medicaid,Urgent,0
P005594,70,Male,26.2,135,85,103,67.0,5.6,246.0,5,1,3,1,1,0,0,0,0,Current,Low,Low,Other,1,Medicare,Emergency,1
P003918,54,Female,36.2,130,69,103,132.0,5.3,184.0,11,1,11,1,3,0,1,0,0,Never,Low,Low,Home,1,Private,Elective,0
P003312,74,Male,33.1,128,71,71,74.0,4.4,168.0,10,2,10,0,4,0,0,0,1,Never,Low,High,Home,1,Medicare,Elective,0
P002023,66,Female,34.5,117,62,107,181.0,7.4,200.0,7,3,7,1,5,1,1,1,1,Never,,Low,Home,0,Medicaid,Emergency,1
P001871,77,Male,35.4,128,73,99,,8.0,,5,2,5,6,4,1,0,0,0,Never,Low,Moderate,Home,1,Medicare,Urgent,0
P005583,87,Female,,156,96,83,113.0,5.4,,9,1,8,2,3,0,1,0,0,Never,None,High,Home,1,Medicare,Emergency,0
P004763,69,Male,25.5,131,85,81,187.0,8.6,236.0,3,2,4,2,1,1,0,0,0,Current,High,Moderate,Home,0,Medicare,Emergency,0
P001895,60,Female,29.7,156,89,69,104.0,5.4,162.0,0,1,6,0,1,0,1,0,0,Never,Low,High,Skilled Nursing Facility,1,Private,Emergency,0
P003551,53,Male,23.0,104,61,94,106.0,4.7,156.0,5,0,2,0,1,0,0,0,0,Former,None,Moderate,Home Health Care,0,Medicaid,Emergency,0
P001633,66,Female,17.4,139,87,84,122.0,5.2,176.0,3,1,5,2,2,0,0,0,1,Former,Low,Moderate,Home,1,Private,Elective,0
P000102,83,Female,24.1,155,71,77,80.0,5.4,229.0,4,4,4,2,2,0,1,0,0,Never,Low,High,Skilled Nursing Facility,0,Medicare,Urgent,0
P003660,64,Male,25.1,118,76,68,88.0,4.9,192.0,1,1,3,0,1,0,0,0,1,Former,Moderate,Low,Rehabilitation,1,Uninsured,Elective,0
P005296,86,Male,25.8,153,84,76,123.0,5.3,190.0,4,1,6,0,2,0,1,0,0,Never,Low,Low,Other,0,Medicare,Urgent,0
P000929,61,Female,24.2,148,81,80,175.0,8.1,203.0,7,2,8,2,4,1,1,1,0,Former,Moderate,Moderate,Skilled Nursing Facility,1,Medicaid,Urgent,0
P001791,39,Male,33.6,112,80,76,81.0,5.4,200.0,1,1,5,0,0,0,0,0,0,Former,Moderate,Moderate,Home,0,Private,Emergency,0
P005635,64,Female,28.2,136,83,95,194.0,7.9,187.0,2,0,6,2,3,1,0,0,0,Never,High,Low,Home,1,Private,Emergency,0
P002582,79,Other,31.2,112,59,91,198.0,7.1,203.0,4,6,5,3,3,1,0,1,1,Current,Low,Moderate,Home Health Care,0,Medicare,Elective,1
P003006,57,Male,25.2,122,77,94,176.0,8.3,255.0,4,1,2,1,1,1,0,0,0,Never,None,Low,Home,1,Private,Elective,0
P002126,67,Female,22.8,135,75,69,74.0,5.0,214.0,12,2,7,4,4,0,1,1,1,Current,Moderate,Low,Home,0,Private,Emergency,1
P003087,47,Female,25.2,142,83,91,72.0,5.1,444.0,7,0,6,0,2,0,1,0,0,Never,Moderate,Moderate,Skilled Nursing Facility,1,Uninsured,Urgent,0
P000014,81,Male,20.0,126,81,75,99.0,5.3,183.0,1,0,4,0,0,0,0,0,0,Never,Low,Low,Home,0,Medicare,Emergency,0
P002440,62,Female,32.9,140,82,69,212.0,8.0,223.0,4,3,8,0,5,1,1,1,1,Current,Moderate,Low,Home,0,Uninsured,Emergency,1
P004873,44,Male,31.9,126,79,71,70.0,5.4,158.0,4,0,5,0,2,0,0,0,0,Current,None,Moderate,Skilled Nursing Facility,1,Medicaid,Elective,0
P005633,22,Male,27.5,105,67,93,89.0,4.7,202.0,5,0,3,0,1,0,0,0,0,Former,None,Low,Home,1,Private,Elective,0
P005309,84,Male,26.1,148,86,66,60.0,4.7,174.0,2,1,2,0,1,0,1,0,0,Current,None,Moderate,Rehabilitation,1,Medicaid,Elective,0
P004995,70,Male,36.3,125,77,90,168.0,7.1,207.0,5,2,5,0,4,1,1,0,0,Never,None,High,Home,0,Medicare,Emergency,0
P000759,74,Male,24.2,116,73,68,102.0,5.0,230.0,3,0,2,0,1,0,0,1,0,Former,Moderate,Moderate,Other,1,Private,Emergency,0
P005737,71,Female,27.4,140,83,87,76.0,,191.0,5,0,9,0,3,0,0,0,0,Former,None,Low,Home,1,Medicare,Emergency,0
P002423,87,Male,26.8,173,81,84,146.0,7.5,170.0,3,3,4,0,4,1,1,1,0,Never,None,Moderate,Skilled Nursing Facility,1,Medicaid,Urgent,1
P000647,73,Male,29.3,85,55,95,87.0,5.9,137.0,2,1,7,0,1,0,0,0,0,Never,Moderate,High,Rehabilitation,1,Medicare,Emergency,0
P004562,53,Other,27.5,139,81,63,116.0,5.2,228.0,0,0,3,0,1,0,1,0,0,Never,None,Moderate,Home,1,Private,Urgent,0
P004432,39,Female,15.0,143,84,71,106.0,4.8,240.0,6,0,4,2,1,0,0,0,0,Former,None,High,Home,1,Private,Emergency,0
P001590,57,Female,34.9,128,87,106,107.0,,188.0,2,0,4,0,0,0,0,0,0,Former,None,Low,Home,1,Medicaid,Elective,0
P002669,64,Female,37.2,155,82,106,134.0,5.3,256.0,3,1,2,1,1,0,0,0,0,Never,Moderate,Moderate,Home,1,Medicaid,Emergency,0
P002923,45,Female,33.8,105,68,97,70.0,4.9,157.0,2,0,4,0,0,0,0,0,0,Never,None,High,Home,1,Uninsured,Elective,0
P001799,56,Female,34.6,145,99,72,93.0,4.8,200.0,4,1,14,2,2,0,1,0,0,Never,None,High,Home,1,Medicaid,Emergency,0
P005488,53,Male,26.1,109,75,74,98.0,5.5,137.0,2,1,4,0,0,0,0,0,0,Never,None,Low,Home,0,Private,Emergency,0
P001727,50,Male,24.0,122,77,72,105.0,4.1,212.0,2,0,2,0,2,0,0,0,0,Never,,Low,Other,1,Private,Urgent,0
P003849,77,Male,35.3,146,91,89,139.0,4.9,176.0,10,1,11,2,4,0,1,0,1,Former,Low,High,Home,0,Medicare,Emergency,0
P001294,32,Male,34.6,99,57,76,89.0,4.4,197.0,3,1,2,2,1,0,0,0,0,Never,None,High,Home,0,Private,Urgent,1
P002701,77,Female,,122,75,71,159.0,5.3,158.0,3,0,2,2,0,0,0,0,0,Current,None,Low,Skilled Nursing Facility,0,Medicare,Elective,0
P001002,53,Male,39.4,112,73,75,120.0,5.8,204.0,2,2,8,1,1,0,1,0,0,Current,Moderate,Low,Home,0,Private,Emergency,0
P005117,76,Female,,118,94,70,,7.7,185.0,3,3,5,0,4,1,0,0,1,Former,None,Moderate,Home Health Care,1,Medicare,Emergency,0
P002357,66,Female,37.3,126,73,71,111.0,5.2,213.0,2,2,11,0,1,0,1,0,0,Current,Low,Low,Home,1,Private,Emergency,1
P002192,50,Female,31.1,140,85,72,79.0,4.8,224.0,4,3,14,3,3,0,1,0,0,Never,None,Low,Home,1,Private,Emergency,0
P003803,61,Male,32.8,125,88,88,78.0,4.7,298.0,4,1,4,0,2,0,1,1,0,Never,None,Low,Home,1,Medicaid,Urgent,1
P003298,63,Female,,135,73,89,93.0,5.1,220.0,4,1,2,1,1,0,0,0,0,Current,Moderate,Moderate,Home,1,Private,Elective,0
P004501,42,Male,25.3,115,59,70,84.0,5.3,188.0,10,1,7,2,4,0,0,0,0,Former,Low,High,Home,1,Private,Emergency,0
P003381,67,Female,31.9,144,74,69,94.0,5.2,201.0,2,0,5,0,2,0,1,1,0,Former,Low,Moderate,Home,0,Medicare,Emergency,0
P000030,70,Male,34.6,150,71,101,95.0,4.5,202.0,2,0,3,1,1,0,0,0,0,Never,Low,Low,Home,1,Private,Emergency,0
P005735,59,Female,33.6,117,77,95,103.0,5.3,164.0,0,1,3,0,1,0,1,0,0,,None,High,Home,1,Medicaid,Urgent,1
P004476,72,Female,21.4,125,89,53,73.0,4.7,253.0,4,2,5,0,1,0,0,0,0,Former,Low,High,Rehabilitation,1,Medicare,Emergency,0
P003059,54,Male,27.2,112,59,83,129.0,5.6,203.0,1,1,4,1,1,0,0,0,0,Former,None,Low,Skilled Nursing Facility,1,Private,Emergency,0
P003545,60,Male,29.6,150,81,90,,,267.0,5,0,3,0,2,0,1,0,0,Current,Moderate,High,Rehabilitation,1,Private,Urgent,0
P004208,77,Female,29.0,139,72,65,125.0,,196.0,4,0,4,0,1,0,1,0,0,Former,Low,Moderate,Home,0,Medicare,Elective,0
P001069,86,Female,25.0,149,79,77,172.0,6.8,173.0,5,1,7,1,4,1,1,0,1,Former,Low,Low,Home Health Care,1,Medicare,Elective,0
P004298,54,Other,28.9,100,68,76,176.0,7.5,163.0,2,1,6,2,1,1,0,0,0,Never,Low,Low,Skilled Nursing Facility,0,Private,Emergency,0
P000380,57,Male,28.5,98,51,72,103.0,5.1,154.0,1,0,6,0,2,0,0,0,1,Never,None,Moderate,Home,1,Medicaid,Elective,0
P004643,77,Male,21.6,139,84,70,121.0,5.7,248.0,2,2,5,1,1,0,1,0,0,Never,None,Moderate,Rehabilitation,1,Medicare,Urgent,0
P004716,89,Male,24.4,119,77,68,90.0,5.1,177.0,3,3,5,1,2,0,0,1,0,Never,High,Moderate,Home,0,Private,Emergency,0
P002330,79,Male,,119,68,106,253.0,8.5,270.0,2,2,9,0,2,1,0,1,0,Current,None,Low,Home,0,Medicare,Urgent,0
P002881,69,Female,22.1,114,67,98,97.0,5.4,170.0,3,0,5,1,0,0,0,0,0,Never,High,Low,Home,1,Medicaid,Emergency,1
P000698,50,Female,26.2,116,83,82,124.0,5.2,216.0,3,0,4,0,1,0,0,0,0,Never,Moderate,Low,Home Health Care,1,Private,Urgent,0
P001790,79,Female,25.6,132,74,75,176.0,,162.0,7,1,6,0,3,1,0,0,0,Never,None,Moderate,Home Health Care,1,Medicare,Emergency,0
P002678,72,Female,31.6,145,62,89,73.0,4.3,204.0,5,0,7,1,2,0,1,0,0,Never,Moderate,Low,Home,1,Medicare,Emergency,1
P001122,64,Male,,117,84,70,397.0,5.3,171.0,1,1,4,0,0,0,0,0,0,,None,High,Home,1,Medicaid,Emergency,0
P003798,48,Female,33.5,144,100,76,125.0,4.8,228.0,1,1,3,2,1,0,1,0,0,Never,None,High,Home Health Care,1,Private,Urgent,0
P000914,55,Female,25.2,95,57,87,180.0,7.3,157.0,3,2,7,1,1,1,0,0,0,Never,High,Low,Home,0,Uninsured,Emergency,0
P001832,65,Female,38.6,129,88,81,72.0,4.2,202.0,5,1,6,3,1,0,0,0,0,Never,None,Moderate,Home,0,Medicare,Urgent,0
P003295,55,Male,26.1,100,72,87,87.0,5.5,191.0,5,1,5,2,2,0,0,0,0,Never,None,Low,Home Health Care,0,Private,Emergency,0
P005894,82,Female,31.4,150,86,87,185.0,7.0,220.0,6,1,6,1,3,1,0,0,1,Former,High,Moderate,Home,0,Medicare,Elective,0
P000620,86,Male,32.8,148,85,89,74.0,5.6,203.0,5,2,4,0,3,0,1,0,0,Former,,Low,Home,1,Private,Elective,0
P005311,49,Male,25.3,136,71,98,105.0,4.7,195.0,1,1,1,2,0,0,0,0,0,Never,Low,Moderate,Home,0,Private,Urgent,0
P003570,77,Male,37.2,129,57,87,202.0,7.5,207.0,8,0,1,0,3,1,1,1,0,Former,Low,High,Rehabilitation,0,Private,Elective,0
P005829,58,Male,25.2,141,68,77,72.0,4.1,170.0,8,2,4,3,3,0,1,0,0,Never,Moderate,Low,Rehabilitation,1,Private,Elective,0
P002530,56,Male,22.0,89,78,83,117.0,6.4,211.0,4,0,1,2,3,0,0,0,0,Former,High,Moderate,Home,0,Medicaid,Urgent,0
P000897,54,Male,28.8,115,77,62,174.0,7.0,182.0,1,1,8,1,1,1,0,0,0,Former,Moderate,Low,Home,0,Private,Emergency,0
P000651,92,Female,20.6,159,74,113,81.0,5.0,,0,3,5,0,1,0,0,1,0,Never,None,Low,Home Health Care,1,Medicare,Urgent,0
P003994,54,Male,32.2,148,84,72,60.0,4.5,187.0,2,0,2,1,0,0,0,0,0,Former,None,Moderate,Home Health Care,1,Private,Urgent,0
P004625,92,Female,33.7,158,93,75,,7.8,156.0,8,3,3,1,3,1,1,0,0,Never,Moderate,Low,Home Health Care,1,Medicare,Urgent,0
P001284,76,Female,22.4,123,74,68,152.0,5.5,199.0,5,3,8,0,5,0,1,1,1,,Moderate,Moderate,Rehabilitation,1,Private,Urgent,1
P003066,64,Female,31.3,124,85,94,126.0,4.7,122.0,1,0,5,0,0,0,0,0,0,Current,None,Low,Home,0,Private,Elective,0
P002081,70,Male,22.3,127,77,84,194.0,7.9,203.0,4,3,3,0,2,1,0,1,0,Never,None,Moderate,Home,1,Medicare,Emergency,1
P005096,60,Female,31.9,112,50,112,89.0,4.6,196.0,4,1,5,0,2,0,0,1,0,Current,None,Low,Home,1,Medicaid,Emergency,0
P004834,52,Female,20.6,153,86,100,85.0,5.3,253.0,4,0,4,1,1,0,0,0,0,Current,Low,Moderate,Skilled Nursing Facility,1,Private,Urgent,0
P001479,58,Male,27.3,124,87,56,155.0,7.0,185.0,4,0,3,2,2,1,0,0,0,Never,Low,Moderate,Skilled Nursing Facility,0,Medicaid,Urgent,1
P004709,52,Female,27.1,141,71,76,60.0,4.8,,10,0,6,1,2,0,1,0,0,Never,High,High,Home,0,Private,Emergency,0
P000872,49,Male,34.5,131,81,94,89.0,4.1,405.0,4,1,5,2,2,0,0,1,0,Current,Low,High,Other,0,Private,Elective,0
P001354,69,Female,34.3,145,78,74,88.0,5.3,214.0,5,2,6,0,4,0,1,0,0,,Low,Moderate,Home,1,Medicare,Urgent,0
P005912,67,Male,29.8,133,85,89,125.0,4.7,291.0,5,1,8,5,2,0,1,1,0,Never,Moderate,Moderate,Home,0,Medicare,Emergency,1
P000222,68,Male,25.9,144,63,74,147.0,7.0,157.0,5,0,2,1,3,1,1,0,0,,Low,Moderate,Home,0,Private,Elective,0
P001486,52,Female,24.1,107,79,64,176.0,7.2,169.0,3,1,7,1,1,1,0,0,0,Never,Moderate,High,Home,1,Medicaid,Urgent,0
P002919,49,Female,23.4,127,90,63,100.0,5.2,160.0,3,0,5,1,1,0,0,0,0,Former,High,Moderate,Home,0,Private,Urgent,0
P002500,82,Male,31.1,130,79,74,113.0,4.7,176.0,2,1,5,0,1,0,0,0,0,Current,Moderate,High,Rehabilitation,1,Medicare,Emergency,0
P005108,58,Male,35.6,105,67,85,185.0,8.0,156.0,8,1,3,3,4,1,1,1,0,,None,Moderate,Home,0,Medicaid,Urgent,1
P003231,57,Male,21.9,85,68,71,102.0,4.9,166.0,2,1,4,1,1,0,0,0,0,Former,None,Low,Home Health Care,1,Medicaid,Emergency,0
P004491,90,Male,23.9,126,91,81,77.0,4.5,128.0,5,1,7,1,3,0,1,0,1,Never,None,Moderate,Home Health Care,1,Medicare,Emergency,0
P005784,56,Female,27.3,129,84,71,156.0,7.7,166.0,1,0,4,1,2,1,1,0,0,Never,None,Low,Home Health Care,0,Private,Emergency,0
P002118,66,Female,26.2,114,67,78,97.0,5.7,222.0,4,0,5,0,1,0,0,1,0,Never,Low,Low,Home,0,Medicare,Emergency,0
P003185,74,Female,29.6,130,63,71,127.0,,141.0,2,0,4,0,1,0,0,0,0,Former,Low,Moderate,Home,1,Medicare,Urgent,0
P003233,48,Male,25.5,115,75,61,77.0,6.0,143.0,4,0,2,1,1,0,0,0,0,Former,,Moderate,Home Health Care,1,Private,Urgent,0
P003807,52,Other,32.3,145,85,82,173.0,,220.0,2,1,2,0,1,0,1,0,0,Never,None,Moderate,Home,0,Medicaid,Emergency,0
P001656,40,Male,33.2,113,77,66,91.0,4.9,219.0,0,0,8,1,0,0,0,0,0,Former,Moderate,High,Home Health Care,0,Private,Emergency,0
P002716,65,Male,27.6,109,67,87,117.0,5.7,226.0,3,5,10,0,1,0,0,0,0,Current,Low,Moderate,Home,1,Private,Emergency,0
P005626,82,Male,21.9,140,82,81,127.0,5.2,160.0,4,1,4,0,2,0,1,1,0,Current,Low,Low,Other,1,Medicare,Elective,1
P002379,65,Male,36.9,122,82,67,119.0,5.3,201.0,2,0,8,0,0,0,0,0,0,Never,Moderate,Low,Skilled Nursing Facility,1,Medicaid,Emergency,0
P003371,60,Female,26.6,96,82,93,,,132.0,1,0,5,0,1,1,0,0,0,Current,None,Low,Home,1,Private,Urgent,0
P005494,56,Female,27.7,130,79,81,70.0,4.0,252.0,2,1,4,1,1,0,0,1,0,Never,Moderate,Low,Home,0,Private,Urgent,0
P001524,61,Female,25.2,112,74,83,108.0,5.6,174.0,7,0,4,0,3,0,1,0,0,Former,Moderate,Low,Home,1,Private,Elective,0
P004400,45,Male,24.1,153,83,75,89.0,5.0,264.0,5,0,8,2,2,0,1,1,0,Current,Low,High,Home,0,Private,Emergency,0
P004705,75,Female,27.1,182,98,82,87.0,5.3,201.0,4,2,3,2,2,0,1,0,0,Current,None,Moderate,Home Health Care,1,Private,Urgent,0
P003071,77,Female,,133,93,86,,,191.0,5,2,4,0,2,0,1,0,0,Never,High,Moderate,Home,0,Medicare,Emergency,0
P005062,76,Female,28.5,161,104,78,147.0,4.6,170.0,4,1,6,1,2,0,1,0,1,Former,Moderate,Moderate,Skilled Nursing Facility,1,Medicare,Emergency,0
P003369,69,Female,23.8,124,70,84,88.0,,170.0,1,0,6,1,2,0,0,1,1,Never,Moderate,Moderate,Home,0,Private,Emergency,0
P000397,75,Male,26.5,128,69,98,145.0,4.8,244.0,3,1,7,0,4,0,0,1,1,Never,Moderate,High,Home,1,Medicare,Emergency,0
P002967,85,Male,21.5,101,53,65,72.0,4.9,230.0,4,0,4,0,2,0,1,1,0,Current,Low,Moderate,Home,1,Medicare,Urgent,0
P001353,45,Female,34.2,121,81,77,189.0,7.7,157.0,2,0,5,1,3,1,0,0,0,Current,None,Low,Home,1,Private,Urgent,0
P000485,63,Female,31.1,99,72,76,104.0,5.3,247.0,1,0,7,0,1,0,0,1,0,Former,None,Low,Home,1,Medicaid,Emergency,0
P001418,79,Male,25.5,111,79,83,206.0,7.1,225.0,2,0,5,1,1,1,0,0,0,Never,Low,Low,Home Health Care,1,Medicare,Emergency,0
P005989,67,Female,35.4,112,59,77,160.0,8.3,277.0,6,0,10,1,1,1,0,0,0,Former,Moderate,Low,Home,1,Medicare,Emergency,0
P003833,61,Female,24.6,144,83,104,100.0,4.9,262.0,2,1,11,2,2,0,1,1,0,Never,None,Low,Home Health Care,1,Uninsured,Emergency,1
P004911,52,Female,29.6,100,67,62,88.0,5.3,260.0,6,3,6,1,2,0,0,1,0,Never,None,Low,Home,1,Medicaid,Elective,0
P000339,81,Female,28.7,122,69,91,180.0,6.4,118.0,2,3,5,1,2,1,0,0,0,Former,None,Moderate,Home,1,Uninsured,Urgent,0
P002046,49,Female,39.0,124,57,77,106.0,5.6,167.0,3,5,12,6,3,0,1,0,1,Never,High,Moderate,Home,0,Private,Emergency,1
P005645,81,Male,28.6,142,71,73,72.0,5.8,245.0,2,0,5,2,2,0,1,1,0,Never,None,Low,Skilled Nursing Facility,1,Uninsured,Elective,0
P006000,43,Male,31.3,135,87,64,87.0,6.0,240.0,4,0,3,0,3,0,1,0,0,Never,Low,Low,Home,1,Private,Urgent,0
P003434,66,Male,,141,73,74,70.0,4.1,235.0,5,2,11,1,2,0,1,1,0,Never,None,Moderate,Home,1,Medicare,Emergency,0
P003749,53,Female,35.8,130,78,81,110.0,5.9,245.0,3,0,10,0,2,0,0,1,0,Never,Low,High,Home Health Care,1,Private,Emergency,0
P002058,37,Male,23.7,121,87,81,110.0,4.6,226.0,0,0,3,0,1,0,0,0,0,Current,,Low,Home,1,Medicaid,Urgent,0
P004180,52,Male,25.0,98,68,64,119.0,5.4,221.0,1,0,5,0,0,0,0,0,0,,Moderate,Low,Home Health Care,1,Private,Emergency,0
P003725,62,Female,34.6,134,79,52,150.0,5.8,192.0,1,0,11,0,1,0,1,0,0,Former,None,High,Home,0,Private,Emergency,1
P001644,74,Female,24.6,150,79,81,164.0,7.5,206.0,3,0,4,1,2,1,1,0,0,Never,Low,High,Home,1,Medicare,Urgent,0
P005416,39,Female,34.6,120,63,94,133.0,5.6,198.0,4,0,6,0,1,0,0,0,0,Former,High,Low,Home,1,Medicaid,Emergency,0
P001596,71,Female,,117,66,66,103.0,5.4,183.0,6,2,5,1,1,0,0,1,0,Former,Low,Moderate,Home,1,Medicare,Emergency,0
P005146,66,Female,37.4,112,63,82,170.0,7.5,165.0,1,2,3,1,1,1,0,0,0,,None,Low,Home Health Care,0,Medicare,Elective,0
P001646,65,Female,21.7,102,69,76,118.0,4.9,223.0,2,0,9,2,1,0,0,0,0,Never,None,Low,Home Health Care,1,Medicare,Emergency,0
P004816,29,Male,38.2,126,75,63,197.0,7.9,111.0,6,1,5,4,2,1,0,0,0,Former,Moderate,Low,Home,1,Medicare,Urgent,0
P004785,65,Male,35.5,108,70,69,130.0,6.2,210.0,4,2,6,1,2,0,0,0,0,Former,Low,High,Home,0,Medicare,Urgent,0
P001838,60,Female,20.7,138,70,77,182.0,7.4,178.0,10,0,6,0,3,1,1,1,0,Never,Moderate,Low,Home,1,Private,Elective,0
P004806,44,Male,23.1,96,62,79,160.0,5.8,248.0,1,0,6,1,0,0,0,0,0,Never,Moderate,Low,Home,0,Private,Emergency,0
P005801,57,Female,37.1,139,93,83,168.0,5.4,,6,3,2,1,3,0,1,0,0,Never,None,Low,Skilled Nursing Facility,1,Uninsured,Urgent,0
P002260,72,Female,30.2,147,96,83,77.0,4.3,216.0,3,1,6,0,1,0,1,0,0,Never,None,Moderate,Home,1,Medicare,Urgent,0
P004043,64,Male,25.8,140,77,75,101.0,5.0,195.0,7,0,5,0,2,0,1,1,0,Former,Low,Low,Home,1,Private,Emergency,0
P003953,63,Female,23.6,131,86,93,110.0,,169.0,2,0,8,1,1,0,1,0,0,Former,Low,High,Home Health Care,1,Private,Emergency,0
P000168,70,Female,33.5,134,76,78,117.0,5.9,158.0,2,1,6,0,2,0,1,1,0,Never,None,Moderate,Home Health Care,0,Medicare,Emergency,1
P002949,75,Male,25.0,112,72,90,111.0,4.4,198.0,2,1,4,3,2,0,1,1,0,Former,Moderate,High,Skilled Nursing Facility,1,Medicare,Emergency,0
P005520,49,Female,37.3,122,93,83,152.0,7.8,217.0,5,1,1,1,1,1,0,0,0,Current,None,High,Home,0,Medicaid,Elective,0
P000341,30,Female,18.6,124,68,71,102.0,6.1,273.0,1,0,5,0,0,0,0,0,0,Never,Moderate,Moderate,Home,0,Medicaid,Urgent,0
P002461,45,Male,25.8,133,72,69,117.0,5.2,204.0,8,1,5,1,3,0,0,0,0,Never,None,Moderate,Home,1,Uninsured,Elective,1
P000357,68,Male,22.7,133,87,81,99.0,5.7,188.0,1,0,7,1,0,0,0,0,0,Current,None,Moderate,Rehabilitation,0,Private,Emergency,0
P003282,76,Male,25.8,155,106,87,187.0,7.4,142.0,7,1,4,2,4,1,1,0,1,Former,None,Moderate,Home Health Care,0,Medicare,Urgent,1
P005973,61,Female,25.7,117,76,91,79.0,4.9,144.0,3,0,2,0,1,0,0,0,0,Never,Moderate,Low,Home,1,Medicaid,Urgent,0
P002509,78,Male,40.1,135,76,85,173.0,7.0,213.0,6,0,7,1,2,1,1,0,0,Former,None,Low,Skilled Nursing Facility,0,Medicare,Emergency,0
P003365,71,Male,29.9,127,71,85,189.0,8.2,230.0,4,1,9,0,2,1,0,1,0,Former,Moderate,Moderate,Home,1,Private,Emergency,0
P003088,50,Female,32.3,126,86,79,174.0,7.2,200.0,6,2,5,0,2,1,0,0,0,Current,Low,Low,Home,0,Private,Urgent,0
P000760,71,Male,39.1,125,80,74,149.0,,187.0,7,2,5,2,3,1,0,0,0,Current,Low,Moderate,Skilled Nursing Facility,0,Medicare,Elective,0
P002679,37,Female,24.8,110,63,85,113.0,5.7,141.0,3,1,5,0,2,0,0,0,0,Never,None,Moderate,Home,0,Medicare,Urgent,0
P004613,58,Female,38.1,114,75,78,60.0,4.0,212.0,3,0,4,0,1,0,0,0,0,Never,None,Moderate,Home,1,Private,Urgent,0
P000941,67,Female,28.6,150,92,71,197.0,8.5,197.0,7,2,5,3,3,1,1,0,0,Never,None,Moderate,Rehabilitation,1,Medicare,Urgent,0
P004884,60,Female,28.8,114,87,71,,6.7,,3,3,6,3,2,1,0,0,0,Never,Moderate,High,Home Health Care,0,Medicaid,Emergency,1
P005907,65,Male,28.9,144,81,74,109.0,5.5,236.0,6,1,2,2,2,0,0,0,0,Former,None,Low,Home Health Care,1,Medicare,Urgent,0
P005921,60,Male,30.8,144,73,83,105.0,4.6,269.0,6,1,3,0,2,0,0,1,0,Never,None,High,Home,1,Medicare,Urgent,0
P003842,63,Female,24.8,130,95,72,98.0,5.4,208.0,2,1,5,2,1,0,1,0,0,Never,Moderate,Moderate,Rehabilitation,1,Private,Urgent,0
P000319,79,Male,20.4,140,87,88,115.0,5.4,227.0,6,3,6,2,4,0,0,1,1,Never,Low,Moderate,Home,1,Medicare,Urgent,1
P003190,44,Female,,128,68,64,111.0,5.8,165.0,2,4,7,1,1,0,0,0,0,Never,Low,High,Home Health Care,0,Private,Emergency,0
P000164,52,Male,26.6,115,69,77,87.0,4.3,185.0,2,2,3,3,1,0,0,0,0,Never,None,Low,Home,0,Private,Emergency,1
P004614,54,Female,34.4,91,60,78,107.0,4.7,176.0,2,2,2,1,1,0,0,0,0,Never,Low,Low,Rehabilitation,0,Private,Elective,1
P001745,74,Female,33.8,123,70,75,182.0,7.8,203.0,2,1,9,3,1,1,0,0,0,Never,None,High,Home,0,Private,Emergency,0
P003941,66,Female,37.0,97,71,80,70.0,4.5,175.0,4,0,1,0,0,0,0,0,0,Never,,Moderate,Home,0,Medicare,Elective,0
P003328,65,Male,21.3,129,73,75,155.0,7.7,190.0,1,1,4,0,1,1,0,0,0,Never,Low,Low,Home,1,Private,Urgent,0
P003757,61,Male,31.1,140,82,89,103.0,5.5,188.0,3,0,4,0,0,0,0,0,0,Never,None,Low,Skilled Nursing Facility,1,Private,Emergency,0
P005834,52,Male,,136,81,86,117.0,7.6,255.0,2,0,8,0,2,1,1,0,0,Former,None,Moderate,Home,1,Medicaid,Emergency,0
P003973,68,Female,33.1,132,75,69,69.0,4.8,187.0,1,0,6,0,1,0,1,0,0,Never,Low,Moderate,Home,1,Private,Urgent,0
P004729,69,Male,28.3,126,91,79,174.0,7.3,233.0,2,0,7,0,1,1,0,0,0,Never,None,Moderate,Home,1,Medicare,Emergency,0
P004076,52,Female,38.7,112,80,88,91.0,4.7,,2,0,8,2,2,0,1,0,0,Former,High,High,Skilled Nursing Facility,0,Private,Elective,0
P003751,60,Female,40.1,143,71,91,60.0,5.5,239.0,5,1,7,1,3,0,1,1,0,Current,Low,Low,Home,1,Private,Emergency,0
P003928,43,Male,20.4,102,67,91,111.0,4.8,210.0,1,1,4,3,0,0,0,0,0,Current,Moderate,Moderate,Rehabilitation,1,Uninsured,Emergency,0
P000747,91,Male,29.4,172,98,101,71.0,4.8,241.0,5,1,3,1,3,0,1,1,0,Never,Low,Moderate,Home,1,Medicare,Elective,0
P000559,45,Male,30.9,112,83,79,91.0,6.0,160.0,0,0,8,0,0,0,0,0,0,Current,None,Low,Home,1,Private,Emergency,0
P003719,71,Female,,135,84,51,120.0,5.4,235.0,2,0,7,0,1,0,0,0,0,Never,Moderate,Moderate,Home,1,Medicare,Emergency,0
P000395,75,Female,30.4,155,77,90,74.0,5.3,170.0,8,1,4,0,2,0,1,0,0,Never,Moderate,Moderate,Home Health Care,1,Medicare,Elective,0
P005600,59,Male,28.1,156,98,86,88.0,5.3,152.0,5,0,7,1,2,0,1,1,0,Current,Low,Moderate,Home,1,Private,Emergency,0
P001341,52,Female,26.6,96,73,88,90.0,5.0,200.0,2,0,2,2,0,0,0,0,0,Former,None,Moderate,Home Health Care,1,Medicaid,Urgent,0
P000749,58,Male,24.6,103,62,85,166.0,7.8,159.0,5,2,6,1,3,1,0,0,1,Never,Moderate,Low,Skilled Nursing Facility,1,Private,Emergency,0
P005124,63,Male,21.5,179,106,86,217.0,7.7,148.0,2,2,2,2,1,1,0,0,0,Former,Moderate,Low,Other,1,Private,Urgent,0
P005035,79,Female,28.0,156,101,88,71.0,4.5,181.0,4,1,11,0,3,0,1,1,0,Never,Low,Low,Home,1,Medicare,Emergency,0
P005696,97,Female,38.7,133,86,76,183.0,8.2,121.0,8,4,4,0,4,1,1,1,1,Never,Low,Moderate,Other,1,Medicare,Emergency,1
P004378,62,Male,29.6,129,88,86,150.0,5.7,,3,1,10,2,2,0,1,0,0,Never,None,Low,Home,1,Private,Emergency,0
P004769,42,Female,17.6,150,86,75,71.0,5.6,155.0,6,0,4,0,1,0,0,0,0,Never,Moderate,Low,Home,1,Private,Urgent,0
P003517,71,Female,29.1,121,76,82,91.0,4.9,193.0,5,1,4,4,3,0,0,0,0,Never,Moderate,High,Home,0,Medicare,Urgent,1
P004942,56,Female,21.5,106,64,68,127.0,4.4,290.0,0,0,2,1,0,0,0,0,0,Former,Moderate,Low,Home,1,Uninsured,Urgent,0
P001052,61,Male,31.8,120,53,83,60.0,5.0,240.0,3,0,3,0,1,0,0,0,0,Never,Low,High,Rehabilitation,1,Medicaid,Elective,0
P004376,31,Female,34.4,165,82,82,155.0,7.1,231.0,4,0,7,0,3,1,1,0,0,Never,Moderate,Moderate,Home,0,Private,Elective,0
P002287,74,Male,23.1,138,94,110,147.0,6.3,172.0,8,1,3,2,2,1,1,0,0,Never,,Moderate,Home,1,Medicare,Urgent,0
P003542,69,Female,31.9,152,81,117,173.0,6.1,237.0,1,1,10,3,1,0,1,0,0,Never,None,Moderate,Home,0,Private,Emergency,0
P002965,64,Male,25.6,116,61,69,70.0,5.3,219.0,1,1,5,2,1,0,0,0,0,Never,Low,High,Home,1,Medicaid,Emergency,0
P005840,43,Male,23.0,106,66,90,102.0,4.8,193.0,1,0,2,1,0,0,0,0,0,Never,Moderate,Low,Skilled Nursing Facility,1,Private,Urgent,0
P003661,64,Female,25.5,123,74,79,177.0,7.7,231.0,7,1,8,0,2,1,0,0,0,Current,None,Low,Home,0,Private,Emergency,0
P003898,91,Female,35.4,160,98,85,77.0,5.1,213.0,4,2,5,0,2,0,1,1,0,Never,Low,Low,Skilled Nursing Facility,1,Medicare,Urgent,1
P000677,100,Female,28.3,164,79,84,99.0,6.3,192.0,11,3,6,1,4,0,1,1,1,Current,None,Low,Home Health Care,0,Private,Elective,1
P002506,78,Male,28.1,133,77,79,97.0,5.4,195.0,0,2,8,1,1,0,0,0,0,Former,Low,Low,Home,1,Medicare,Emergency,0
P000556,59,Male,28.3,130,90,95,66.0,5.7,157.0,5,4,4,0,2,0,1,0,0,Current,Low,Low,Home,1,Private,Emergency,0
P003865,38,Male,26.2,126,72,90,94.0,4.7,218.0,3,2,7,3,3,0,0,0,0,Current,Moderate,Moderate,Home,1,Private,Emergency,0
P001910,71,Female,39.0,136,76,65,167.0,8.3,262.0,3,3,3,0,2,1,0,1,0,Current,High,Low,Home,1,Medicare,Urgent,0
P000418,84,Male,27.3,131,75,81,60.0,5.2,179.0,2,0,4,2,1,0,0,0,0,Never,,Low,Skilled Nursing Facility,1,Medicare,Emergency,0
P002014,64,Male,35.9,150,81,69,74.0,5.7,251.0,6,0,7,0,2,0,1,1,0,Never,None,Moderate,Home,0,Private,Emergency,0
P000920,36,Male,,149,68,75,76.0,5.6,154.0,2,0,3,1,1,0,1,0,0,Never,None,Moderate,Other,0,Medicare,Elective,0
P005918,66,Female,24.1,147,86,87,82.0,4.7,235.0,6,0,4,0,1,0,1,0,0,Former,High,Low,Home,1,Medicare,Urgent,0
P002585,71,Male,38.9,133,88,60,114.0,5.7,203.0,1,0,4,1,1,0,1,0,0,Former,None,Low,Home Health Care,0,Private,Urgent,0
P000291,60,Male,25.8,131,81,79,90.0,4.4,268.0,1,0,2,1,0,0,0,0,0,Never,Moderate,Moderate,Home,1,Uninsured,Elective,0
P004365,31,Female,36.6,97,78,82,182.0,7.8,210.0,3,1,4,1,2,1,0,0,0,Never,Low,High,Home,1,Medicaid,Urgent,0
P005977,58,Female,29.8,144,75,81,106.0,5.4,209.0,0,0,6,1,2,0,1,0,0,Former,Low,Low,Home,0,Private,Emergency,0
P003409,71,Male,28.0,132,66,70,156.0,7.6,209.0,1,5,5,5,4,1,1,0,0,Never,Low,High,Home,0,Medicare,Elective,0
P005443,75,Male,31.2,129,73,88,137.0,5.0,207.0,5,2,7,2,3,0,0,1,0,Current,Low,Moderate,Home,0,Medicare,Emergency,0
P002111,70,Male,26.4,130,85,89,89.0,5.6,268.0,12,0,10,3,3,0,1,1,0,Current,Moderate,High,Home,1,Medicare,Elective,0
P002502,68,Female,26.0,144,77,68,104.0,6.2,251.0,2,0,2,0,0,0,0,0,0,Current,Low,Moderate,Home,0,Medicare,Urgent,0
P001500,46,Female,29.4,141,86,74,113.0,5.5,148.0,4,2,7,1,2,0,1,0,0,Current,Moderate,Moderate,Home Health Care,1,Private,Emergency,0
P002787,64,Male,29.8,118,79,90,218.0,7.2,149.0,7,0,7,0,3,1,1,0,1,Never,Moderate,Low,Home,1,Medicaid,Emergency,0
P004690,55,Male,30.6,122,68,81,206.0,8.0,225.0,7,2,5,1,3,1,0,0,0,Never,High,Moderate,Home,1,Private,Elective,1
P000439,54,Male,,127,99,71,83.0,5.3,218.0,8,2,6,1,2,0,0,0,0,Current,None,Low,Home,1,Private,Elective,0
P005329,72,Male,17.1,119,96,77,113.0,6.2,165.0,4,2,6,1,1,0,0,1,0,Current,Moderate,Low,Home,1,Medicare,Urgent,0
P002186,64,Male,17.6,122,70,81,172.0,7.4,173.0,11,3,2,1,3,1,1,0,0,Never,Low,Low,Home,1,Private,Elective,0
P005615,76,Female,,139,86,100,164.0,6.9,182.0,4,0,5,1,2,1,0,0,1,Former,Low,Moderate,Home,1,Medicare,Urgent,0
P000033,56,Male,27.1,160,82,59,101.0,6.4,179.0,4,0,4,0,1,0,1,0,0,Never,Low,Moderate,Skilled Nursing Facility,0,Medicaid,Elective,0
P003851,73,Male,41.1,149,82,77,86.0,4.1,229.0,2,1,4,0,1,0,1,0,0,,Low,High,Home Health Care,1,Private,Emergency,0
P002485,62,Female,30.2,137,84,98,72.0,4.5,198.0,4,2,8,0,1,0,1,0,0,Former,Moderate,Moderate,Home,0,Private,Emergency,0
P003740,57,Male,33.1,119,82,84,103.0,5.9,199.0,2,1,5,1,2,0,0,0,0,Never,None,Moderate,Skilled Nursing Facility,1,Private,Emergency,0
P005239,53,Female,26.0,115,70,77,207.0,,208.0,4,0,4,0,1,1,0,0,0,Current,Low,Low,Home,1,Uninsured,Emergency,0
P004020,64,Male,31.7,138,75,91,66.0,5.8,230.0,6,2,2,0,2,0,0,1,0,Current,None,Low,Home Health Care,1,Private,Urgent,0
P001969,58,Female,27.3,117,74,74,186.0,7.4,205.0,7,1,5,0,3,1,0,0,0,Never,Low,Low,Home,0,Medicaid,Elective,1
P003445,81,Male,22.1,140,79,64,64.0,4.7,183.0,3,1,5,3,1,0,0,1,0,Current,None,Low,Skilled Nursing Facility,0,Medicare,Urgent,1
P001751,52,Female,,115,86,64,104.0,4.9,160.0,2,0,2,1,0,0,0,0,0,,Moderate,Low,Home,1,Private,Urgent,0
P000090,71,Male,30.8,145,106,86,95.0,,249.0,8,3,9,1,5,0,1,1,0,Former,None,Moderate,Home,1,Medicare,Emergency,0
P001726,65,Male,24.2,140,77,99,76.0,5.4,186.0,3,0,7,1,0,0,0,0,0,Never,,Low,Rehabilitation,1,Medicare,Elective,0
P002487,66,Female,26.8,85,54,85,102.0,5.3,166.0,1,0,5,0,0,0,0,0,0,Former,Low,Low,Other,1,Medicare,Emergency,0
P000834,58,Female,24.3,110,68,90,93.0,6.3,155.0,3,0,6,0,1,0,1,0,0,Never,Low,Moderate,Rehabilitation,0,Medicaid,Emergency,0
P000895,59,Female,22.2,133,65,84,104.0,5.8,175.0,1,0,7,0,1,0,0,0,0,Never,High,Low,Skilled Nursing Facility,0,Private,Emergency,0
P001213,61,Male,,126,85,96,,4.5,166.0,5,2,10,2,3,0,1,1,0,,Low,Low,Home,1,Private,Emergency,1
P002555,70,Male,25.3,126,82,86,109.0,5.3,214.0,3,0,4,1,1,0,0,0,0,Never,None,Low,Home,1,Medicare,Elective,0
P005719,80,Female,35.5,130,66,73,93.0,6.0,256.0,7,2,6,2,4,0,1,0,0,Former,Low,Moderate,Skilled Nursing Facility,0,Medicare,Emergency,1
P004582,76,Female,24.3,149,100,88,165.0,6.2,184.0,3,2,8,2,2,0,0,0,1,Never,Low,High,Skilled Nursing Facility,1,Medicare,Emergency,0
P000534,71,Male,20.2,140,88,95,65.0,4.9,136.0,0,1,2,2,0,0,0,0,0,Never,Low,Low,Home Health Care,1,Medicare,Elective,0
P001637,38,Male,31.1,96,81,78,124.0,5.2,161.0,1,2,2,0,1,0,0,0,0,Never,Moderate,Low,Home,1,Medicaid,Elective,0
P003738,87,Female,32.9,103,65,84,197.0,,206.0,4,1,4,1,1,1,0,0,0,Never,None,Moderate,Other,1,Medicare,Urgent,0
P004118,79,Male,30.5,133,75,90,88.0,5.3,193.0,5,1,6,1,2,0,0,0,0,Never,None,High,Rehabilitation,1,Medicare,Emergency,0
P002384,56,Female,22.8,154,78,63,139.0,7.1,,2,2,7,0,2,1,0,0,0,Former,Low,Low,Home,1,Private,Emergency,0
P003153,70,Female,,112,78,108,158.0,7.9,187.0,3,2,9,1,3,1,0,0,0,Former,Moderate,Low,Home,0,Medicare,Emergency,0
P005828,100,Female,32.6,152,77,91,108.0,5.0,233.0,6,0,8,0,2,0,0,1,0,Former,None,Moderate,Home,0,Private,Emergency,0
P005126,86,Male,19.4,144,92,87,111.0,4.8,232.0,6,3,8,3,4,0,1,0,1,Current,Low,Moderate,Home,1,Medicare,Emergency,1
P000105,50,Male,32.0,106,77,72,168.0,7.3,173.0,4,1,7,2,2,1,0,0,0,Current,Low,Low,Home,1,Uninsured,Urgent,0
P003064,67,Male,19.0,137,84,88,111.0,5.5,122.0,3,0,2,1,0,0,0,0,0,Never,Low,Low,Home,1,Medicare,Urgent,0
P000402,67,Male,23.8,108,63,61,198.0,8.2,253.0,6,1,6,0,2,1,0,0,1,Former,None,Low,Home,1,Medicare,Urgent,0
P002740,85,Female,34.1,129,73,76,115.0,5.5,293.0,5,1,12,3,3,0,1,1,0,Never,None,Low,Skilled Nursing Facility,1,Medicare,Emergency,1
P002916,93,Female,31.3,152,87,66,207.0,7.4,261.0,7,4,8,1,4,1,1,0,0,Never,High,Moderate,Skilled Nursing Facility,0,Medicaid,Emergency,1
P002463,62,Female,33.3,142,83,87,111.0,5.1,147.0,3,1,3,3,3,0,1,0,0,Never,Low,Low,Home,0,Private,Elective,0
P005619,64,Male,22.7,133,77,92,75.0,4.8,194.0,3,1,12,1,2,0,1,0,0,Former,Low,Moderate,Home,1,Uninsured,Emergency,1
P005825,36,Male,35.6,123,75,94,81.0,5.9,218.0,2,0,6,0,0,0,0,0,0,Former,None,Low,Other,1,Private,Emergency,0
P002291,71,Female,17.9,94,61,74,207.0,7.1,157.0,4,0,6,1,1,1,0,0,0,Current,Low,Moderate,Home,1,Medicare,Elective,0
P001320,82,Female,24.6,139,81,76,151.0,7.6,224.0,7,1,10,2,4,1,0,0,1,Never,High,Moderate,Rehabilitation,0,Medicare,Urgent,1
P005920,60,Male,21.1,133,85,112,74.0,5.3,161.0,0,0,6,1,1,0,0,1,0,Never,Low,High,Home Health Care,0,Medicaid,Elective,0
P004879,72,Female,36.1,129,89,107,73.0,4.8,222.0,2,3,5,0,2,0,1,0,0,Current,None,Moderate,Home Health Care,1,Private,Emergency,1
P001062,86,Female,25.3,123,65,103,115.0,5.7,116.0,2,0,1,1,2,0,0,0,1,Former,None,Moderate,Rehabilitation,0,Medicare,Emergency,0
P001409,64,Male,25.1,115,50,80,102.0,5.5,256.0,4,0,3,0,2,0,0,0,0,,Moderate,Low,Home,1,Medicaid,Urgent,0
P002462,44,Male,33.0,123,94,76,84.0,4.6,180.0,7,1,7,0,3,0,1,0,0,Never,Low,Low,Home,1,Private,Emergency,0
P002164,74,Male,,141,69,82,193.0,7.9,238.0,7,2,4,3,3,1,0,1,0,Former,Moderate,Low,Home Health Care,0,Medicare,Emergency,1
P002000,97,Female,27.9,135,84,69,80.0,4.4,179.0,4,4,7,0,3,0,1,0,1,Former,High,Moderate,Home Health Care,0,Medicare,Emergency,1
P004494,49,Female,26.5,129,90,85,178.0,8.5,191.0,8,1,7,0,2,1,0,1,0,Former,None,Low,Home,0,Private,Elective,0
P005652,43,Female,30.4,152,92,72,145.0,5.5,207.0,4,2,4,1,1,0,1,0,0,Former,None,Moderate,Home,1,Medicaid,Emergency,0
P002170,55,Male,20.3,121,91,87,104.0,5.7,143.0,0,0,1,0,0,0,0,0,0,Never,None,Low,Home,1,Private,Elective,0
P000484,73,Male,29.4,118,73,70,126.0,5.3,204.0,2,0,5,1,1,0,0,0,1,Former,Low,Moderate,Home,0,Private,Elective,0
P002997,46,Female,27.6,138,99,87,151.0,5.8,220.0,3,1,6,1,2,0,1,1,0,Current,None,High,Home,1,Private,Emergency,0
P002261,28,Female,27.4,149,85,83,108.0,5.5,251.0,0,0,2,0,0,0,0,0,0,Never,Low,Moderate,Home Health Care,0,Private,Urgent,0
P003395,73,Male,,135,85,65,152.0,7.4,213.0,6,0,2,0,3,1,0,0,0,Never,Low,Moderate,Home,1,Medicare,Emergency,0
P004192,76,Female,27.2,119,70,83,158.0,8.8,214.0,3,1,4,1,2,1,0,0,0,Former,None,High,Rehabilitation,1,Medicare,Emergency,0
P005107,77,Female,20.8,153,81,76,81.0,5.5,234.0,3,0,2,0,1,0,0,1,0,Current,High,Moderate,Home,1,Medicare,Urgent,0
P005012,45,Female,28.7,103,75,91,116.0,5.7,241.0,1,2,4,0,0,0,0,0,0,Former,None,Moderate,Rehabilitation,1,Medicaid,Emergency,0
P003755,61,Female,24.7,159,88,83,131.0,5.6,191.0,4,0,8,0,2,0,1,0,0,Never,High,Low,Home Health Care,1,Private,Emergency,0
P002236,48,Female,25.4,126,74,93,88.0,5.1,276.0,3,1,6,0,2,0,0,1,1,Never,None,Moderate,Home,0,Private,Urgent,0
P004175,48,Male,33.4,107,69,98,126.0,5.3,175.0,1,1,3,0,0,0,0,0,0,Never,High,Low,Home,0,Private,Emergency,0
P003522,65,Female,35.1,132,75,50,225.0,8.0,176.0,6,1,5,2,2,1,1,0,0,,None,Low,Home Health Care,1,Medicare,Emergency,0
P004773,59,Female,25.8,134,64,84,60.0,6.1,152.0,3,1,5,0,1,0,0,0,0,Never,Moderate,Moderate,Rehabilitation,1,Medicaid,Emergency,0
P005893,94,Female,26.4,146,93,81,154.0,6.3,217.0,7,2,5,1,3,0,1,0,1,Current,High,Low,Home,1,Medicare,Emergency,0
P002481,91,Male,30.7,141,95,67,142.0,7.0,242.0,4,3,8,0,4,1,0,0,1,Former,None,Moderate,Home,1,Medicare,Emergency,0
P004913,69,Male,33.9,160,93,69,102.0,6.3,165.0,7,1,4,1,3,0,1,0,0,Former,None,Moderate,Home,1,Medicare,Elective,0
P004627,56,Male,23.2,109,71,88,,4.5,166.0,4,1,7,0,3,0,0,0,1,Never,Moderate,Low,Other,0,Private,Emergency,1
P003641,41,Female,33.7,159,95,82,157.0,7.1,257.0,6,1,7,1,4,1,1,1,0,Former,Low,Moderate,Home,0,Private,Emergency,0
P000918,72,Male,33.4,159,93,85,107.0,5.1,267.0,3,0,6,1,2,0,1,1,0,Current,Low,Low,Home,0,Medicare,Urgent,0
P003572,76,Male,26.9,105,66,83,159.0,,126.0,1,2,3,1,0,0,0,0,0,Current,Moderate,Moderate,Home Health Care,0,Medicare,Urgent,0
P001825,51,Male,35.1,107,59,92,113.0,,,6,1,2,2,2,0,0,0,0,Former,None,Low,Home,0,Private,Elective,0
P005503,48,Male,31.5,105,66,80,110.0,4.7,224.0,3,1,7,0,1,0,0,0,0,Former,Moderate,Low,Home,0,Medicaid,Urgent,0
P001682,49,Female,30.1,103,57,64,,6.1,218.0,8,1,7,0,2,1,0,0,0,Current,High,Moderate,Home,1,Medicaid,Emergency,0
P000707,50,Male,27.0,123,68,63,107.0,5.0,,5,0,4,1,1,0,0,0,0,Former,None,Low,Home,0,Uninsured,Emergency,0
P000512,60,Female,23.4,119,70,83,,5.2,224.0,10,4,6,4,4,0,0,0,0,Current,None,Moderate,Home,1,Private,Urgent,0
P004106,76,Female,22.7,126,83,77,84.0,4.0,173.0,3,1,3,1,1,0,0,0,0,Current,None,Low,Home,0,Medicare,Emergency,0
P005777,66,Female,35.5,121,68,99,77.0,6.1,140.0,5,0,2,1,2,0,1,0,0,Current,None,Low,Home,1,Medicare,Urgent,0
P003420,82,Female,26.7,111,68,92,222.0,7.9,177.0,7,1,3,0,2,1,0,1,0,Never,None,Moderate,Home,0,Medicare,Urgent,0
P000388,72,Female,32.1,142,96,67,,7.2,259.0,1,1,9,1,2,1,1,0,0,Former,Moderate,Low,Home,1,Medicare,Emergency,0
P000252,69,Female,30.1,122,69,71,168.0,7.3,145.0,1,1,3,0,2,1,0,0,0,Former,Low,Low,Rehabilitation,1,Medicare,Elective,0
P002207,57,Female,16.0,140,87,90,191.0,7.8,173.0,9,3,14,1,4,1,1,0,1,Never,Low,Moderate,Home Health Care,0,Private,Emergency,1
P002804,49,Male,18.9,109,73,65,114.0,4.7,192.0,5,0,8,1,1,0,0,0,0,Former,Low,Low,Home Health Care,0,Private,Emergency,0
P003389,41,Female,29.9,101,64,64,199.0,8.2,160.0,7,2,5,1,1,1,0,0,0,Never,Low,High,Skilled Nursing Facility,1,Private,Urgent,0
P001534,47,Female,16.2,107,85,88,64.0,4.8,,3,0,3,0,0,0,0,0,0,Current,,Moderate,Rehabilitation,1,Private,Urgent,0
P002651,48,Female,25.1,115,73,64,94.0,4.6,165.0,3,1,3,1,1,0,0,0,0,Never,None,Moderate,Home,1,Medicaid,Elective,0
P000958,98,Female,19.9,152,91,92,135.0,6.5,265.0,4,2,8,3,3,0,1,1,0,Former,Moderate,Low,Skilled Nursing Facility,1,Medicare,Emergency,0
P000520,88,Male,29.4,123,70,80,65.0,4.8,242.0,3,1,3,0,0,0,0,0,0,Current,None,High,Rehabilitation,0,Medicare,Elective,0
P001742,86,Male,28.0,140,79,90,120.0,5.3,172.0,6,4,5,3,5,0,1,1,1,Current,None,Low,Skilled Nursing Facility,1,Medicaid,Elective,0
P000217,72,Female,37.4,121,81,64,110.0,5.1,278.0,1,2,3,0,1,0,0,1,0,Never,None,Low,Home,0,Medicare,Elective,0
P005014,89,Male,30.6,136,85,82,85.0,4.3,272.0,4,3,6,4,2,0,1,1,0,Current,Moderate,Moderate,Home Health Care,1,Medicare,Emergency,0
P003569,71,Female,30.4,111,82,84,195.0,8.6,217.0,4,0,7,0,1,1,0,0,0,Former,Moderate,Low,Home,1,Medicare,Emergency,0
P004901,33,Female,32.6,102,82,75,96.0,4.8,170.0,5,0,5,2,3,0,0,0,0,Current,Low,Moderate,Skilled Nursing Facility,0,Private,Emergency,0
P004416,51,Male,19.5,154,88,88,98.0,6.5,,7,4,9,2,3,0,1,0,0,Former,Moderate,Moderate,Home,1,Medicare,Urgent,0
P005606,45,Female,38.1,124,77,83,60.0,4.6,194.0,2,0,7,0,0,0,0,0,0,Never,None,Moderate,Home,1,Medicaid,Emergency,0
P004417,83,Female,29.0,143,75,75,148.0,6.8,136.0,6,1,3,1,2,1,1,0,0,Never,None,Low,Rehabilitation,1,Private,Emergency,0
P005890,60,Male,21.9,122,81,77,75.0,5.2,227.0,1,0,4,0,2,0,0,0,0,Former,None,Moderate,Home,1,Private,Urgent,0
P004593,68,Male,22.8,112,60,65,104.0,5.0,234.0,4,4,8,0,2,0,0,0,1,Never,High,Moderate,Home,0,Medicare,Elective,0
P004487,89,Male,24.7,146,88,82,129.0,5.3,173.0,12,2,12,2,4,0,1,1,0,Current,None,Moderate,Home Health Care,0,Medicare,Emergency,1
P002924,54,Female,40.7,109,75,81,143.0,8.3,195.0,6,1,5,1,1,1,0,0,0,Former,Moderate,High,Home,1,Private,Elective,0
P002497,62,Other,40.5,136,82,85,196.0,7.0,182.0,5,1,4,0,2,1,1,0,0,Former,None,High,Home Health Care,1,Medicaid,Emergency,1
P000889,26,Male,32.4,116,71,84,92.0,5.3,,6,0,4,1,1,0,0,0,0,Never,Low,Low,Home Health Care,1,Uninsured,Emergency,0
P004516,78,Male,24.0,144,89,91,,7.1,151.0,4,2,5,0,3,1,1,0,1,Never,None,High,Home,1,Private,Urgent,1
P004071,61,Female,24.8,106,66,69,125.0,4.6,168.0,2,1,2,0,0,0,0,0,0,Never,Low,Moderate,Skilled Nursing Facility,1,Medicaid,Urgent,0
P003607,39,Female,27.1,119,65,96,135.0,5.1,122.0,0,2,6,2,1,0,0,0,0,Former,None,Low,Home,1,Medicare,Emergency,0
P005814,77,Female,41.0,125,71,92,203.0,8.8,243.0,4,4,7,2,3,1,1,0,0,,Low,Low,Skilled Nursing Facility,0,Medicare,Urgent,1
P001316,92,Female,26.8,142,87,104,189.0,8.3,214.0,4,2,4,0,3,1,0,0,1,Never,,Moderate,Home Health Care,1,Medicare,Emergency,0
P002810,43,Male,,96,57,84,105.0,5.1,173.0,1,1,3,0,0,0,0,0,0,Former,Moderate,Moderate,Home,0,Private,Elective,0
P002163,84,Female,24.8,111,84,80,81.0,5.2,237.0,3,0,5,1,1,0,0,1,0,,None,High,Skilled Nursing Facility,1,Medicare,Urgent,0
P005490,53,Female,35.4,111,61,95,83.0,4.8,253.0,2,1,6,0,1,0,0,0,0,Never,Moderate,Moderate,Home,0,Medicaid,Urgent,0
P000134,61,Female,27.8,101,73,84,116.0,5.2,247.0,5,0,5,1,3,0,0,1,0,Never,Low,Low,Home,1,Private,Urgent,0
P002976,69,Female,23.4,138,87,75,118.0,5.1,207.0,3,1,8,1,1,0,0,0,0,Never,None,High,Home,1,Medicaid,Emergency,0
P003029,51,Male,29.2,128,73,95,89.0,4.3,124.0,6,1,9,3,2,0,1,1,0,Former,Low,Low,Home,1,Uninsured,Emergency,1
P004655,66,Female,25.6,98,63,62,79.0,5.0,149.0,3,0,3,1,1,0,0,1,0,Never,None,Moderate,Home,1,Medicare,Elective,0
P002324,64,Female,33.0,108,80,81,121.0,5.4,,5,1,8,0,1,0,1,0,0,Current,None,High,Home,1,Medicaid,Emergency,1
P000942,77,Female,24.0,148,88,96,86.0,5.4,215.0,6,3,8,1,3,0,1,1,0,Never,Low,High,Skilled Nursing Facility,1,Private,Emergency,1
P005377,64,Male,34.4,162,97,73,,5.5,170.0,2,0,11,2,2,0,1,0,0,Never,None,High,Home,0,Medicaid,Emergency,1
P002305,70,Female,26.6,144,81,64,109.0,5.8,,2,0,5,0,1,0,0,0,1,Current,Low,Moderate,Home Health Care,1,Medicare,Elective,0
P000219,62,Male,24.9,154,90,103,104.0,5.1,238.0,8,2,7,4,5,0,1,1,0,,Low,High,Home,0,Private,Emergency,1
P001176,40,Male,27.1,116,76,90,78.0,5.2,200.0,6,0,4,1,1,0,0,0,0,Never,None,High,Home,1,Medicaid,Urgent,0
P003655,73,Male,23.9,124,77,85,121.0,5.3,240.0,1,0,5,1,1,0,1,0,0,Never,Low,Low,Rehabilitation,1,Medicaid,Emergency,0
P001792,64,Male,23.1,126,74,78,81.0,5.7,185.0,8,1,5,0,2,0,1,0,0,Never,High,Moderate,Home,0,Private,Urgent,0
P002209,73,Male,30.2,95,63,101,191.0,7.5,210.0,6,2,8,2,2,1,0,1,0,Never,High,Moderate,Home,1,Medicare,Emergency,1
P003322,59,Male,16.1,122,83,88,150.0,6.5,199.0,5,3,3,1,1,1,0,0,0,Former,Moderate,Low,Home,0,Private,Urgent,0
P005530,63,Male,25.8,131,86,62,113.0,5.9,195.0,3,0,4,1,2,0,0,0,0,Current,None,High,Home,0,Medicaid,Emergency,0
P005685,49,Male,25.3,105,67,89,104.0,4.7,194.0,1,0,4,2,1,0,0,0,0,Current,Low,Low,Home Health Care,0,Medicaid,Urgent,0
P004978,72,Female,19.7,130,71,65,83.0,4.4,143.0,4,3,2,2,1,0,0,0,0,Current,Moderate,Low,Home,1,Medicare,Urgent,0
P004974,23,Male,,91,66,78,96.0,4.7,137.0,2,0,4,1,2,0,0,0,0,Never,None,Low,Home,0,Private,Urgent,0
P005387,45,Male,27.1,103,60,75,103.0,5.4,217.0,2,1,3,0,0,0,0,0,0,Current,Low,High,Home,1,Medicare,Urgent,0
P001466,65,Female,26.7,99,68,88,112.0,5.6,242.0,0,0,7,1,0,0,0,0,0,Never,Moderate,Low,Rehabilitation,1,Medicare,Emergency,0
P000859,35,Female,,100,61,82,108.0,5.2,232.0,2,0,3,1,0,0,0,0,0,Never,High,High,Home Health Care,1,Private,Urgent,0
P001132,60,Male,31.9,102,79,109,92.0,5.0,149.0,5,1,4,2,2,0,0,0,0,Former,None,Low,Home,0,Private,Elective,1
P001755,80,Male,25.7,146,82,97,88.0,5.2,186.0,4,1,5,1,3,0,1,1,0,Never,Low,Moderate,Rehabilitation,0,Medicare,Elective,1
P001428,78,Male,17.0,115,73,66,80.0,5.7,170.0,2,3,2,2,2,0,0,0,0,Current,None,Low,Home Health Care,0,Medicare,Urgent,0
P002862,73,Male,27.1,117,77,88,118.0,5.6,234.0,5,3,3,1,1,0,0,1,0,Current,None,Low,Home,1,Medicare,Emergency,0
P002173,60,Female,18.8,118,76,68,78.0,4.8,201.0,2,0,3,0,1,0,1,0,0,Never,None,Low,Home,0,Private,Elective,0
P002415,81,Female,30.0,123,67,83,105.0,5.3,205.0,8,3,5,1,3,0,1,0,0,,None,Low,Skilled Nursing Facility,1,Medicare,Emergency,0
P001444,86,Female,32.7,126,76,71,,7.7,248.0,7,1,9,0,5,1,1,1,1,Current,Low,Low,Other,1,Medicaid,Urgent,1
P001560,62,Male,35.3,144,91,74,114.0,5.9,199.0,1,1,2,0,1,0,1,0,0,Former,Low,Low,Home,1,Private,Emergency,0
P001690,77,Female,33.5,134,87,62,171.0,,193.0,4,1,58,1,3,1,0,0,1,Former,None,Low,Home,0,Medicare,Urgent,0
P002076,45,Male,36.5,98,54,84,162.0,6.3,166.0,5,1,3,2,1,1,0,0,0,Never,Moderate,Low,Home,0,Private,Emergency,0
P002599,35,Female,29.9,107,74,82,60.0,4.4,210.0,2,0,6,0,1,0,0,0,0,Never,Moderate,Low,Home,1,Private,Emergency,0
P000474,67,Male,29.9,139,83,66,144.0,8.3,174.0,4,5,15,2,4,1,0,1,0,Former,Moderate,Low,Home Health Care,0,Medicare,Emergency,1
P003217,44,Male,,124,89,81,101.0,5.8,223.0,3,0,4,0,2,0,0,0,0,Never,Low,Low,Home,1,Private,Elective,0
P002027,72,Female,33.6,114,60,81,85.0,4.0,208.0,3,0,2,1,1,0,0,1,0,,None,Moderate,Home Health Care,1,Private,Urgent,0
P001594,53,Male,25.5,142,82,75,73.0,5.3,203.0,5,2,5,2,1,0,1,0,0,Never,Low,Low,Home,0,Medicaid,Emergency,1
P001980,71,Female,17.0,130,77,87,76.0,5.3,,0,0,6,0,1,0,0,0,0,Former,Low,Low,Home,0,Medicare,Emergency,0
P000596,58,Female,28.3,108,83,78,101.0,5.8,189.0,3,0,4,0,1,0,0,0,0,Never,Moderate,High,Home,1,Private,Emergency,0
P001650,54,Female,25.7,145,77,77,104.0,5.4,262.0,0,2,4,1,0,0,0,0,0,Never,None,Moderate,Home,0,Private,Urgent,0
P004831,44,Male,31.4,130,80,73,126.0,5.2,157.0,0,0,9,0,0,0,0,0,0,Former,Low,Low,Home,1,Medicare,Emergency,0
P002899,51,Female,20.4,112,73,82,89.0,5.1,244.0,0,1,3,2,0,0,0,0,0,Never,High,High,Rehabilitation,1,Private,Urgent,0
P005852,80,Male,34.7,138,73,79,96.0,5.1,222.0,5,0,4,1,2,0,1,1,0,Never,None,Moderate,Home Health Care,1,Medicare,Emergency,0
P001724,93,Female,25.3,157,84,89,73.0,5.2,184.0,5,1,3,0,2,0,1,1,0,Never,Low,Low,Home Health Care,0,Medicaid,Elective,0
P005467,76,Female,26.1,179,97,79,92.0,5.5,242.0,1,1,5,1,1,0,1,0,0,Current,None,Moderate,Home,1,Private,Elective,0
P000476,59,Female,26.3,121,75,93,82.0,4.2,,1,0,4,0,0,0,0,0,0,Former,None,Low,Home,1,Medicaid,Urgent,0
P002793,52,Male,27.8,113,76,85,,4.7,201.0,2,1,4,0,1,0,0,0,0,Never,None,Moderate,Home,0,Private,Emergency,0
P004209,81,Female,34.8,155,90,71,82.0,5.5,252.0,4,1,7,1,2,0,1,0,0,Current,Low,Moderate,Home,0,Medicare,Emergency,0
P002938,85,Male,30.8,142,83,92,160.0,7.1,210.0,3,1,9,0,3,1,0,1,1,Former,Moderate,Low,Home,0,Medicare,Emergency,1
P003279,53,Male,28.6,121,69,59,86.0,5.0,238.0,4,0,4,1,1,0,0,0,0,Never,Moderate,Low,Other,1,Private,Emergency,1
P004761,67,Male,31.3,118,68,75,181.0,8.1,213.0,3,2,4,0,2,1,0,0,0,Never,Low,Low,Home,0,Medicaid,Emergency,1
P000819,68,Male,26.4,136,108,96,103.0,5.4,198.0,2,0,4,1,2,0,0,0,0,Former,Moderate,High,Home,1,Medicare,Urgent,0
P002762,40,Male,,117,57,55,66.0,4.0,193.0,5,3,5,1,2,0,0,1,0,Never,Moderate,Moderate,Home Health Care,0,Medicare,Elective,1
P005455,53,Male,24.5,124,88,77,126.0,5.8,238.0,1,0,5,1,1,0,0,0,0,Never,Moderate,High,Home,1,Private,Elective,0
P003306,72,Female,32.2,140,89,63,79.0,4.7,226.0,4,3,7,5,3,0,1,0,1,Current,Moderate,Moderate,Home,1,Medicare,Emergency,1
P000607,75,Male,32.2,135,86,68,98.0,6.1,210.0,6,2,2,2,3,0,1,1,0,Current,High,Moderate,Home,0,Medicare,Elective,0
P002447,58,Male,28.6,126,64,77,100.0,5.6,136.0,1,0,3,1,0,0,0,0,0,Never,Low,High,Home,1,Medicaid,Urgent,0
P003824,61,Male,27.2,126,99,77,,7.3,156.0,1,1,6,1,2,1,0,0,0,Never,Moderate,Moderate,Home,0,Medicaid,Elective,0
P002328,86,Male,26.7,161,87,69,92.0,4.4,195.0,9,1,8,1,3,0,1,1,0,Never,Low,Low,Home,1,Uninsured,Emergency,0
P005115,89,Male,28.3,147,90,78,216.0,7.6,228.0,8,4,7,1,4,1,1,1,0,Never,Low,Moderate,Home Health Care,1,Medicare,Emergency,1
P001118,59,Female,29.6,116,80,83,78.0,4.6,261.0,5,0,50,1,3,0,1,0,0,Never,None,Moderate,Home,0,Private,Elective,0
P005886,87,Male,26.7,117,75,69,239.0,8.8,212.0,4,1,7,1,2,1,0,1,0,,Moderate,Moderate,Rehabilitation,0,Medicare,Emergency,0
P004612,94,Female,33.3,163,100,77,167.0,7.5,221.0,15,4,4,4,5,1,1,1,1,Current,None,Low,Skilled Nursing Facility,1,Medicare,Elective,1
P004354,42,Female,23.4,135,83,69,92.0,5.2,199.0,4,1,4,1,2,0,1,0,0,Current,None,Moderate,Home,1,Medicare,Elective,0
P002946,67,Female,29.5,173,84,69,71.0,6.0,209.0,7,0,4,1,3,0,1,0,1,Never,Low,Low,Home,1,Medicare,Urgent,0
P003099,94,Male,28.1,119,79,90,115.0,5.3,223.0,2,0,3,1,2,0,0,1,0,Never,None,Low,Home,0,Medicare,Urgent,0
P003491,46,Male,25.5,110,75,62,119.0,5.2,123.0,2,1,6,0,1,0,0,0,0,,Moderate,Low,Home,1,Uninsured,Emergency,0
P004840,70,Female,26.2,138,72,83,119.0,6.0,208.0,3,1,7,1,1,0,1,0,0,Former,Moderate,Low,Home Health Care,1,Medicare,Elective,0
P000041,75,Female,30.3,130,70,64,74.0,4.5,166.0,2,1,4,2,1,0,0,0,0,Never,None,Moderate,Home Health Care,0,Medicare,Urgent,0
P002684,54,Male,32.9,116,55,61,146.0,7.4,179.0,8,1,8,2,2,1,1,0,0,Never,Low,Low,Home,1,Uninsured,Emergency,0
P003100,73,Male,38.0,126,79,67,179.0,7.2,194.0,2,0,6,2,1,1,0,0,0,Former,None,Low,Home,1,Medicaid,Emergency,0
P004927,82,Male,27.9,120,88,81,128.0,5.1,159.0,5,1,12,2,2,0,0,1,0,Never,None,Moderate,Home,0,Medicare,Emergency,1
P004740,63,Female,27.3,155,100,52,92.0,5.9,256.0,6,0,6,1,3,0,1,0,0,Former,High,High,Home,0,Private,Emergency,1
P003135,56,Female,21.8,124,79,75,108.0,5.4,162.0,4,2,7,2,1,0,0,0,0,Current,High,Moderate,Home,1,Private,Urgent,0
P005502,31,Female,30.1,129,83,61,,6.1,162.0,0,0,1,1,0,0,0,0,0,Never,Moderate,Moderate,Home,0,Medicaid,Elective,0
P004046,62,Female,34.5,116,71,74,85.0,4.9,151.0,7,2,3,0,3,0,0,1,0,Current,High,Low,Rehabilitation,1,Uninsured,Urgent,0
P005434,79,Female,30.0,157,79,93,475.0,5.6,168.0,3,1,4,1,1,0,0,0,0,Never,None,Moderate,Home Health Care,1,Medicare,Urgent,0
P005561,88,Male,25.8,114,77,83,100.0,6.0,258.0,1,1,4,1,0,0,0,0,0,Never,Low,Moderate,Home,1,Medicare,Elective,0
P003550,73,Female,24.0,127,83,74,116.0,5.4,116.0,3,1,6,1,1,0,1,0,0,Former,Low,Moderate,Home,1,Private,Emergency,0
P003446,59,Female,27.9,131,90,91,211.0,7.8,226.0,4,0,2,1,1,1,0,0,0,Never,None,High,Home,0,Private,Urgent,0
P001515,39,Female,34.4,139,91,76,138.0,4.1,223.0,2,0,5,0,1,0,1,0,0,Former,Low,Low,Home,1,Uninsured,Emergency,0
P005544,46,Female,34.5,142,94,85,189.0,8.2,175.0,5,0,7,2,3,1,0,0,0,Never,Moderate,Moderate,Home,1,Private,Elective,0
P005361,56,Male,17.6,107,68,79,144.0,5.2,201.0,5,0,6,0,1,0,0,0,0,Never,Low,Low,Home,0,Private,Urgent,0
P004786,41,Male,30.6,89,65,85,98.0,5.1,267.0,3,0,1,0,0,0,0,0,0,Never,Low,Moderate,Skilled Nursing Facility,1,Medicaid,Elective,0
P002133,58,Female,31.3,133,81,77,79.0,5.5,,12,0,5,1,5,0,0,0,0,Never,Low,Moderate,Home,0,Uninsured,Urgent,0
P005009,52,Female,33.3,110,81,58,160.0,7.2,215.0,5,3,8,1,3,1,0,0,0,Current,Moderate,Moderate,Home,0,Medicaid,Urgent,1
P001045,53,Female,32.5,107,67,82,127.0,4.8,,1,0,11,0,1,0,0,0,0,Never,None,Moderate,Home,1,Private,Emergency,0
P003350,50,Male,25.1,134,95,52,122.0,,303.0,1,0,5,1,3,0,1,0,0,Never,Moderate,Low,Home,1,Private,Urgent,0
P001097,88,Male,32.3,169,87,80,231.0,,215.0,5,0,4,2,2,1,1,0,0,Former,Low,Low,Home Health Care,1,Medicare,Urgent,0
P000511,41,Male,25.0,94,56,79,76.0,4.8,250.0,2,1,3,1,1,0,0,0,0,Former,Low,Moderate,Home Health Care,1,Private,Elective,0
P005872,100,Other,30.4,126,88,82,106.0,4.4,263.0,5,2,5,2,1,0,0,1,0,Never,Low,Moderate,Skilled Nursing Facility,1,Medicare,Urgent,0
P004006,59,Male,25.9,167,95,67,135.0,6.2,135.0,4,2,6,3,4,0,1,0,0,Former,Moderate,Low,Home,1,Medicaid,Emergency,0
P001230,72,Female,34.3,118,72,86,145.0,8.1,193.0,7,2,3,0,3,1,0,0,1,Never,Low,Moderate,Home,1,Medicare,Urgent,0
P005867,60,Male,31.9,129,74,86,127.0,5.4,260.0,7,1,9,2,2,0,1,0,1,Never,None,Moderate,Home,1,Private,Emergency,0
P002896,46,Male,,113,69,76,118.0,5.0,293.0,5,1,6,0,1,0,0,0,0,Never,Low,High,Home,0,Private,Urgent,0
P002707,70,Male,33.4,134,77,87,166.0,7.6,154.0,4,2,5,2,2,1,1,0,0,Never,Low,Low,Home Health Care,1,Medicare,Emergency,0
P003598,55,Female,25.1,94,78,80,145.0,5.4,151.0,3,0,5,0,0,0,0,0,0,Never,Low,Low,Home,0,Uninsured,Urgent,0
P003744,73,Male,25.5,123,72,76,96.0,,261.0,5,1,5,0,1,0,0,1,0,Former,Low,High,Home,1,Medicare,Emergency,0
P000400,53,Male,28.6,124,79,82,193.0,7.6,172.0,3,1,2,0,1,1,0,0,0,Current,None,Low,Home,0,Private,Elective,0
P002144,70,Male,24.9,129,78,68,79.0,5.1,137.0,1,0,5,0,1,0,1,0,0,Never,Low,High,Other,0,Medicare,Elective,0
P000078,66,Female,32.6,134,85,66,102.0,5.3,215.0,16,5,10,2,5,0,1,0,0,Never,None,High,Home,0,Medicare,Urgent,1
P004667,84,Female,26.9,135,88,91,63.0,4.6,211.0,8,0,4,0,3,0,1,0,1,Never,Moderate,Moderate,Skilled Nursing Facility,1,Medicare,Urgent,0
P003333,36,Female,28.6,124,72,77,110.0,4.3,190.0,2,1,3,0,1,0,0,0,0,Current,None,Low,Home,1,Medicare,Urgent,0
P004088,38,Male,28.0,112,74,68,61.0,5.3,251.0,7,1,4,1,3,0,0,0,0,Never,Low,High,Skilled Nursing Facility,1,Private,Emergency,0
P002652,36,Male,24.5,143,80,88,109.0,4.6,151.0,5,1,2,1,2,0,0,0,0,Former,Moderate,Low,Other,1,Private,Urgent,0
P003060,59,Male,30.5,109,68,72,82.0,5.3,203.0,0,0,7,0,0,0,0,0,0,Current,None,Low,Rehabilitation,1,Private,Urgent,0
P005082,54,Male,24.6,101,63,85,92.0,5.0,213.0,0,0,6,0,1,0,0,0,1,Never,Low,Moderate,Home,1,Medicaid,Emergency,0
P001784,49,Male,27.5,122,76,74,105.0,5.4,236.0,2,0,7,1,0,0,0,0,0,Current,,Moderate,Home,0,Private,Emergency,0
P002181,96,Male,24.1,138,87,75,113.0,4.9,154.0,7,1,5,2,4,0,1,0,1,Former,High,Moderate,Skilled Nursing Facility,1,Uninsured,Urgent,1
P002673,57,Female,,140,88,70,183.0,7.5,179.0,7,4,5,3,2,1,0,0,0,Never,None,Moderate,Home,0,Private,Emergency,1
P002884,81,Male,41.0,125,79,90,85.0,4.8,244.0,5,0,4,0,3,0,1,1,0,Current,Low,Low,Home Health Care,1,Medicare,Elective,0
P004277,75,Male,32.6,134,73,55,110.0,5.7,152.0,5,3,6,0,1,0,1,0,0,Never,None,Moderate,Rehabilitation,1,Medicare,Emergency,0
P000652,61,Female,27.4,126,68,78,92.0,5.9,201.0,2,0,4,2,0,0,0,0,0,Current,None,High,Home,0,Private,Emergency,0
P005123,59,Female,29.6,152,88,62,116.0,5.7,114.0,5,1,6,2,1,0,1,0,0,Never,Low,Moderate,Other,1,Uninsured,Urgent,1
P003983,59,Female,21.4,118,78,91,118.0,4.9,192.0,5,0,7,2,1,0,0,1,0,Never,Low,Moderate,Home,1,Private,Emergency,0
P005301,53,Male,15.0,122,80,67,,5.5,,3,1,4,1,2,0,1,0,1,Former,Moderate,Low,Home Health Care,0,Medicaid,Elective,0
P001095,54,Female,27.5,145,86,75,90.0,5.4,,5,0,5,2,2,0,1,0,0,Former,Low,Low,Home,1,Private,Elective,0
P005137,70,Female,24.3,157,86,71,134.0,5.5,236.0,0,0,7,0,1,0,1,0,0,Never,Low,Moderate,Home Health Care,1,Medicare,Emergency,0
P000457,80,Male,35.1,98,85,98,103.0,5.8,230.0,1,0,2,1,0,0,0,0,0,Former,Low,Low,Home Health Care,0,Medicare,Urgent,1
P002096,76,Male,25.9,114,73,45,96.0,5.4,144.0,1,0,10,0,2,0,0,0,0,Never,None,Low,Home,1,Medicare,Emergency,0
P000690,58,Male,31.4,133,71,84,180.0,7.8,238.0,4,0,6,0,2,1,1,0,0,Former,High,Moderate,Home Health Care,1,Private,Emergency,0
P005748,41,Female,33.7,139,86,77,102.0,5.2,156.0,5,3,4,1,3,0,1,0,0,Never,Low,Low,Skilled Nursing Facility,1,Private,Urgent,1
P002936,23,Male,24.6,91,69,79,83.0,4.8,190.0,4,0,8,0,1,0,0,0,0,Never,Low,High,Home,1,Uninsured,Emergency,0
P004809,55,Female,26.5,131,78,78,,5.3,126.0,2,1,3,0,1,0,1,0,0,Never,Moderate,Moderate,Home,1,Private,Urgent,0
P004495,69,Male,30.4,132,77,81,85.0,4.8,205.0,2,2,5,4,2,0,1,1,0,Former,Low,High,Home,1,Medicare,Elective,0
P004996,80,Male,36.2,118,80,92,207.0,7.4,463.0,6,3,6,2,4,1,1,0,0,Never,Low,Moderate,Home,0,Private,Elective,1
P000551,70,Male,28.2,162,91,78,168.0,7.2,218.0,7,2,12,2,4,1,1,0,0,Former,Low,Low,Home,0,Medicare,Emergency,0
P001550,70,Male,18.3,114,79,68,139.0,6.2,247.0,2,0,3,0,1,0,0,0,0,Former,Low,Moderate,Home,1,Medicaid,Elective,0
P005649,40,Male,34.9,107,82,79,111.0,5.2,177.0,2,0,2,0,1,0,0,0,0,,Moderate,Low,Home,1,Medicare,Elective,0
P001159,27,Male,31.6,108,76,75,179.0,7.7,223.0,7,1,5,2,3,1,0,0,0,Never,Moderate,Moderate,Home,1,Private,Urgent,0
P002537,51,Female,29.5,137,100,70,144.0,5.4,212.0,1,3,2,0,0,0,0,0,0,Never,Low,Moderate,Rehabilitation,0,Private,Emergency,0
P004624,77,Female,27.9,142,86,103,159.0,5.8,204.0,7,1,7,3,3,0,1,1,1,Never,None,Low,Home,1,Medicare,Emergency,0
P001927,55,Female,23.0,133,84,74,108.0,5.5,,4,0,3,0,1,0,1,0,0,Never,High,Moderate,Other,0,Private,Elective,0
P005555,61,Female,18.0,125,77,71,116.0,6.4,176.0,3,1,7,0,1,0,0,0,0,Never,Moderate,Moderate,Home Health Care,0,Uninsured,Emergency,0
P004559,76,Female,24.0,152,85,100,158.0,7.4,161.0,4,2,7,3,3,1,1,1,0,Former,None,Moderate,Skilled Nursing Facility,0,Medicare,Emergency,1
P001347,69,Other,23.8,125,81,80,131.0,6.0,182.0,5,1,5,0,1,0,0,0,0,Never,Moderate,Low,Home Health Care,1,Medicaid,Emergency,0
P000179,62,Male,31.6,131,69,75,112.0,,201.0,2,1,1,1,2,0,0,0,0,Never,None,Low,Rehabilitation,0,Medicare,Urgent,0
P001899,57,Male,32.2,165,97,82,130.0,5.3,153.0,4,2,7,1,3,0,1,1,0,Never,None,Moderate,Home Health Care,0,Private,Urgent,1
P000271,53,Male,25.7,130,77,89,130.0,5.7,190.0,3,1,5,3,1,0,0,0,0,Current,Moderate,Low,Home,1,Private,Emergency,0
P000248,92,Male,35.5,150,82,67,177.0,7.8,161.0,2,3,6,1,4,1,1,1,1,Former,None,Moderate,Home,1,Medicare,Urgent,0
P001769,50,Female,34.8,116,85,53,113.0,4.8,,2,2,4,1,2,0,1,0,0,Current,Low,Moderate,Skilled Nursing Facility,1,Medicaid,Elective,0
P003039,51,Other,22.2,94,63,74,66.0,5.0,174.0,3,0,7,0,1,0,0,0,0,Never,Moderate,Low,Home,1,Private,Emergency,0
P001571,64,Male,33.4,106,63,105,107.0,6.3,174.0,2,0,3,0,0,0,0,0,0,Former,Low,Low,Rehabilitation,1,Medicaid,Elective,0
P000617,75,Female,,165,92,76,105.0,5.3,186.0,1,2,2,1,0,0,0,0,0,Never,None,High,Home,0,Medicaid,Elective,0
P004477,68,Male,24.4,122,72,88,63.0,4.5,191.0,3,1,5,1,2,0,1,0,0,Former,Low,Moderate,Home Health Care,0,Medicare,Emergency,0
P002220,42,Female,31.4,110,60,86,60.0,4.9,276.0,3,0,4,0,1,0,0,0,0,Never,Moderate,Low,Other,1,Medicare,Emergency,0
P005067,32,Female,31.6,96,63,102,173.0,7.1,178.0,3,2,8,2,2,1,0,0,0,Never,Low,Moderate,Home,1,Private,Elective,0
P004810,63,Female,25.0,108,70,93,,6.8,228.0,2,1,7,0,3,1,0,1,0,Former,Moderate,High,Other,0,Medicaid,Emergency,1
P002595,40,Female,22.7,141,78,106,60.0,4.0,197.0,1,1,2,0,0,0,0,0,0,Former,None,Moderate,Home,0,Private,Urgent,0
P000840,59,Male,28.0,130,71,68,88.0,4.4,239.0,3,1,5,2,1,0,1,0,0,Current,Moderate,Low,Home,0,Uninsured,Urgent,0
P000212,44,Male,32.8,129,68,86,184.0,7.8,204.0,7,0,6,0,2,1,0,1,0,Former,Moderate,High,Home,0,Private,Urgent,1
P004528,67,Male,32.3,149,90,89,152.0,7.9,131.0,6,2,9,4,6,1,1,1,0,Never,None,Low,Rehabilitation,1,Medicaid,Elective,1
P005428,65,Male,15.0,135,67,54,123.0,5.7,210.0,1,0,11,0,0,0,0,0,0,Former,None,Moderate,Home,1,Medicare,Emergency,0
P003354,52,Female,27.2,133,86,68,133.0,7.3,136.0,11,3,6,2,5,1,0,0,0,Never,Moderate,Moderate,Other,1,Private,Emergency,1
P000381,66,Other,23.8,136,81,73,103.0,4.9,201.0,1,0,4,1,1,0,1,0,0,Current,None,Low,Home,1,Medicare,Emergency,0
P004012,68,Female,27.3,103,68,93,176.0,8.3,256.0,3,0,6,1,1,1,0,0,0,Never,None,Low,Home Health Care,0,Medicare,Elective,1
P004878,73,Female,,135,84,74,117.0,5.4,179.0,1,0,7,0,0,0,0,0,0,Current,None,Moderate,Home,0,Medicare,Emergency,0
P005758,61,Male,27.5,160,87,64,,5.8,288.0,2,0,6,0,1,0,1,0,0,Never,Moderate,Moderate,Home,1,Private,Urgent,0
P003832,96,Female,,169,95,76,60.0,4.8,229.0,6,4,6,1,2,0,1,1,0,Former,None,Low,Home,1,Medicaid,Emergency,1
P003437,54,Male,34.9,121,68,79,97.0,4.4,220.0,7,1,5,2,4,0,0,0,1,Former,Low,Low,Home,1,Medicare,Urgent,0
P002968,54,Female,34.5,148,79,92,124.0,6.0,219.0,7,1,7,2,2,0,1,0,0,Former,Moderate,Low,Home Health Care,1,Uninsured,Emergency,0
P001144,56,Female,32.2,122,79,72,60.0,4.4,252.0,4,1,3,1,4,0,1,1,0,Never,Low,Moderate,Rehabilitation,0,Medicaid,Urgent,0
P004348,30,Female,26.4,87,47,95,93.0,5.0,225.0,4,2,59,1,2,0,0,0,0,Never,High,Moderate,Home Health Care,0,Private,Urgent,0
P005000,51,Male,17.4,94,72,69,117.0,6.1,197.0,4,1,2,0,2,0,0,0,0,Never,None,Low,Home,1,Medicaid,Elective,0
P000543,68,Female,28.0,134,90,81,162.0,7.3,224.0,5,2,3,2,2,1,1,0,0,Never,None,Low,Home,1,Medicaid,Emergency,0
P001609,61,Female,26.1,125,79,73,156.0,,209.0,0,1,4,0,0,0,0,0,0,Never,Low,High,Home,1,Medicaid,Urgent,0
P003602,100,Female,17.9,133,87,82,124.0,6.4,205.0,2,2,4,1,2,0,0,0,1,Never,Moderate,Low,Home,1,Private,Urgent,0
P005284,78,Male,27.5,153,93,68,70.0,5.1,293.0,1,2,3,1,2,0,1,0,0,Former,Low,Moderate,Home,0,Medicare,Elective,0
P003978,60,Male,21.8,135,84,93,226.0,8.1,155.0,7,1,6,1,4,1,1,1,0,Current,None,Low,Home,0,Private,Emergency,0
P002366,86,Male,34.5,160,82,68,203.0,6.3,190.0,5,0,5,0,2,0,1,0,0,Former,None,Low,Home,0,Medicare,Elective,0
P005889,77,Male,35.0,123,75,74,155.0,7.9,165.0,4,1,4,1,3,1,0,1,0,Never,None,Moderate,Home Health Care,1,Medicare,Elective,0
P003045,67,Female,20.9,145,82,88,83.0,4.8,219.0,3,2,9,2,4,0,1,1,0,Never,None,Low,Home,1,Medicare,Elective,1
P004341,33,Female,35.5,125,83,79,106.0,6.3,205.0,1,1,3,0,0,0,0,0,0,Former,Low,Moderate,Other,1,Private,Emergency,0
P004629,54,Female,29.3,171,100,101,,4.0,209.0,2,1,2,0,0,0,0,0,0,Former,None,High,Rehabilitation,0,Medicaid,Urgent,0
P000570,67,Female,33.2,149,81,94,174.0,7.8,192.0,5,0,4,0,3,1,0,1,1,Former,Low,Low,Home,1,Private,Emergency,0
P000733,72,Male,16.7,129,74,80,103.0,5.1,193.0,7,4,5,2,4,0,0,1,0,Never,Moderate,Low,Home Health Care,1,Medicare,Elective,0
P000778,70,Male,27.1,154,91,83,93.0,4.9,117.0,6,2,7,2,3,0,0,0,0,Former,None,Low,Home,1,Medicare,Emergency,0
P003712,74,Female,26.3,131,87,81,126.0,5.3,220.0,7,2,2,1,2,0,0,0,0,Never,None,Moderate,Home,1,Medicare,Elective,0
P005772,73,Female,40.6,160,96,88,81.0,4.5,215.0,9,3,10,1,4,0,1,1,0,Never,High,High,Skilled Nursing Facility,1,Uninsured,Urgent,1
P002587,65,Female,27.8,141,60,85,138.0,4.5,217.0,10,2,4,0,6,0,1,1,0,Current,Moderate,High,Rehabilitation,1,Private,Elective,0
P000118,64,Male,,143,88,59,195.0,8.5,220.0,3,0,5,1,2,1,0,0,0,Never,,Low,Home,1,Medicaid,Elective,1
P003418,78,Male,24.9,121,76,84,138.0,,247.0,5,2,7,2,4,0,1,1,0,Never,None,Low,Skilled Nursing Facility,0,Medicare,Emergency,1
P005484,85,Male,23.8,131,74,72,183.0,8.1,177.0,3,1,2,0,2,1,0,0,0,Never,None,High,Skilled Nursing Facility,0,Medicare,Elective,0
P003777,50,Female,28.6,116,73,75,90.0,5.3,226.0,2,0,4,1,0,0,0,0,0,Never,Moderate,Moderate,Home,1,Private,Urgent,0
P003881,57,Male,30.7,118,84,86,138.0,5.9,171.0,2,0,7,0,0,0,0,0,0,Never,Moderate,Low,Home,1,Medicaid,Emergency,0
P001005,64,Female,30.7,139,74,76,115.0,5.2,262.0,3,0,3,0,0,0,0,0,0,Never,Low,High,Home,0,Private,Elective,0
P003815,81,Male,33.5,157,94,91,210.0,8.2,227.0,6,2,7,2,4,1,1,1,0,Never,Low,Moderate,Home,0,Private,Urgent,1
P003300,66,Female,35.8,141,74,108,91.0,6.5,207.0,1,3,8,2,2,0,1,0,0,Never,Low,High,Home,1,Medicare,Emergency,0
P000673,53,Male,30.9,142,69,59,132.0,6.6,209.0,6,1,3,0,3,1,1,0,0,Former,Moderate,Low,Home,0,Medicare,Urgent,0
P001796,59,Male,27.7,142,96,65,66.0,5.2,169.0,6,0,9,1,3,0,1,0,0,Never,Moderate,Low,Home Health Care,1,Private,Emergency,1
P001427,76,Female,33.1,170,82,92,144.0,7.9,225.0,5,1,5,2,4,1,1,1,1,Never,Moderate,Low,Other,1,Medicare,Urgent,0
P003534,69,Male,27.6,137,79,80,182.0,7.1,237.0,7,4,6,0,3,1,1,0,0,Never,Low,High,Home,1,Medicaid,Emergency,0
P003970,48,Male,21.3,144,94,87,81.0,4.4,209.0,4,1,7,0,2,0,1,0,0,Never,Low,Moderate,Home,1,Medicaid,Emergency,0
P004770,88,Female,21.5,171,73,84,104.0,5.0,182.0,6,1,6,2,6,0,1,1,1,Former,Moderate,High,Rehabilitation,0,Medicare,Elective,0
P004249,55,Female,30.2,132,76,84,79.0,4.7,217.0,3,0,7,0,2,0,1,0,0,Former,Low,Low,Home,1,Medicaid,Urgent,0
P003553,80,Male,31.5,150,76,65,106.0,5.8,232.0,7,2,9,0,2,0,0,0,0,Former,Moderate,Moderate,Home Health Care,0,Medicare,Urgent,0
P004893,47,Male,22.5,123,81,78,69.0,4.7,203.0,4,1,7,5,4,0,1,0,0,Never,Low,Low,Home,0,Medicaid,Emergency,1
P000327,40,Female,21.5,111,81,75,74.0,5.0,216.0,8,3,2,0,2,0,0,0,0,Never,Moderate,Low,Home,1,Private,Emergency,0
P003245,71,Male,33.2,150,72,61,152.0,6.0,269.0,8,4,7,3,4,0,1,1,0,Former,Low,Low,Other,1,Medicare,Elective,1
P004635,69,Female,29.1,133,95,66,74.0,5.3,,1,1,8,0,0,0,0,0,0,Never,Moderate,Moderate,Home,1,Medicare,Emergency,0
P005806,58,Female,24.3,123,81,85,140.0,5.6,,0,1,1,0,0,0,0,0,0,Never,None,Low,Home,1,Private,Urgent,0
P000588,51,Female,23.7,127,79,70,138.0,6.0,231.0,1,1,4,1,1,0,0,0,0,Former,None,Moderate,Home,1,Private,Urgent,0
P003686,68,Female,19.6,130,57,103,81.0,6.0,224.0,2,1,6,0,1,0,0,1,0,Never,Moderate,Moderate,Rehabilitation,1,Medicare,Urgent,0
P000548,49,Female,35.0,129,82,64,112.0,6.3,110.0,1,0,7,1,1,0,1,0,0,Never,Low,High,Home Health Care,1,Private,Elective,0
P004713,81,Female,32.5,120,59,89,60.0,4.3,,3,4,5,2,2,0,1,0,0,Never,Low,Moderate,Rehabilitation,1,Medicare,Urgent,0
P004488,48,Other,22.1,113,62,71,197.0,8.4,196.0,3,0,2,0,2,1,0,0,0,Former,None,Low,Home,1,Private,Emergency,0
P000634,35,Male,26.0,100,74,74,133.0,5.5,188.0,2,0,1,0,0,0,0,0,0,Never,None,Low,Home,1,Private,Urgent,0
P005347,46,Male,30.4,109,71,76,126.0,5.7,190.0,2,0,3,0,1,0,0,0,0,Never,None,Low,Home,0,Medicaid,Emergency,0
P000703,49,Male,26.9,116,83,79,,5.7,185.0,2,0,6,0,1,0,0,0,0,Never,None,Low,Other,1,Medicaid,Urgent,0
P004774,74,Female,27.0,144,60,73,126.0,6.9,257.0,11,2,5,0,3,1,1,1,0,Never,Moderate,Moderate,Home,1,Private,Emergency,0
P001615,54,Female,24.3,107,61,80,129.0,6.5,177.0,3,2,4,1,2,0,0,0,0,Never,None,Moderate,Home,1,Private,Emergency,0
P003850,52,Male,38.6,125,73,78,86.0,4.7,210.0,5,1,8,1,3,0,0,0,1,Never,None,High,Home Health Care,1,Private,Emergency,0
P000441,61,Male,37.3,150,95,80,168.0,7.5,163.0,7,1,3,0,2,1,1,0,0,Former,None,High,Home,1,Medicaid,Urgent,0
P004305,64,Male,31.7,139,80,66,122.0,5.2,160.0,5,0,6,0,0,0,0,0,0,Former,None,Low,Home,0,Uninsured,Emergency,0
P000902,66,Male,25.6,137,69,96,163.0,6.1,241.0,2,1,7,1,1,0,0,0,0,Former,Low,Low,Home Health Care,0,Medicare,Emergency,1
P000187,67,Female,29.3,143,78,63,138.0,5.0,162.0,8,1,7,4,3,0,1,0,0,Never,None,Low,Home,1,Medicare,Urgent,0
P000329,46,Female,30.8,107,58,65,73.0,5.3,158.0,2,1,1,0,1,0,0,1,0,Current,Moderate,Moderate,Home,1,Medicaid,Emergency,1
P002935,53,Male,28.9,135,78,70,123.0,5.9,160.0,4,0,4,3,2,0,1,0,0,Current,None,Moderate,Home,1,Uninsured,Elective,1
P001491,55,Male,19.1,123,75,45,127.0,5.7,146.0,1,1,2,1,1,0,0,0,0,Never,Moderate,High,Rehabilitation,1,Medicaid,Elective,0
P000854,64,Female,23.6,123,70,58,96.0,5.4,229.0,2,0,4,1,1,0,0,0,0,Former,,Low,Home,0,Uninsured,Emergency,0
P000232,55,Male,30.6,117,80,76,80.0,4.8,212.0,4,1,2,0,1,0,0,0,0,Former,None,Moderate,Skilled Nursing Facility,1,Private,Urgent,0
P003600,85,Female,35.7,156,73,91,154.0,6.8,203.0,5,2,2,0,2,1,1,0,0,Former,None,Moderate,Home,1,Medicare,Emergency,0
P004531,78,Female,26.7,144,94,65,136.0,5.5,184.0,2,0,1,1,0,0,0,0,0,Current,Low,Moderate,Home Health Care,1,Medicare,Urgent,0
P001669,68,Male,33.8,144,89,100,175.0,7.9,176.0,10,1,7,2,3,1,1,1,0,Former,Moderate,Low,Home,1,Medicare,Urgent,0
P004188,58,Female,27.0,131,92,79,,5.5,201.0,2,1,1,0,1,0,0,0,0,Current,Low,High,Home Health Care,1,Private,Elective,0
P004657,51,Male,35.5,99,54,69,173.0,7.5,234.0,4,1,5,1,2,1,0,0,1,Never,High,Low,Home,1,Private,Urgent,0
P000604,55,Male,24.8,138,73,65,66.0,5.0,189.0,3,0,8,0,1,0,0,0,0,Never,Moderate,High,Rehabilitation,1,Private,Emergency,0
P004830,36,Female,24.7,87,76,64,129.0,5.6,204.0,3,1,5,0,0,0,0,0,0,Current,Moderate,Low,Home,1,Private,Emergency,0
P003194,46,Female,34.2,108,65,109,160.0,7.6,136.0,6,0,2,1,3,1,0,0,0,Never,High,Low,Home,1,Private,Elective,0
P003238,75,Female,31.5,153,88,87,75.0,5.4,186.0,6,1,6,1,4,0,1,1,0,Former,Low,High,Home,1,Medicare,Elective,1
P002219,54,Male,23.1,140,80,61,140.0,4.7,190.0,3,1,6,2,1,0,0,0,0,Former,Low,Moderate,Home,1,Private,Emergency,0
P001204,62,Male,38.8,148,91,78,92.0,4.5,185.0,7,1,4,0,2,0,1,0,0,Former,None,Moderate,Home,1,Medicaid,Emergency,0
P000874,65,Male,39.2,125,61,90,196.0,7.9,241.0,4,1,5,1,1,1,0,0,0,Never,,Moderate,Home,1,Medicare,Emergency,0
P001417,97,Male,32.8,144,89,87,103.0,5.4,162.0,8,0,6,1,3,0,1,1,0,Never,Low,Moderate,Home Health Care,1,Medicare,Emergency,0
P002117,65,Male,18.8,132,86,95,102.0,4.2,241.0,5,1,5,0,1,0,0,0,0,Former,Moderate,High,Home Health Care,0,Medicare,Emergency,0
P004013,74,Female,25.1,134,77,64,86.0,5.5,165.0,1,0,3,0,2,0,1,0,0,Never,None,Low,Home,1,Uninsured,Emergency,0
P000768,56,Female,31.8,93,76,94,130.0,6.0,164.0,1,0,1,1,0,0,0,0,0,Never,None,Low,Home,1,Private,Emergency,0
P000862,42,Female,28.9,128,84,73,204.0,7.7,166.0,2,0,7,0,1,1,0,0,0,Never,Moderate,High,Home,1,Private,Emergency,0
P001925,63,Other,30.0,144,82,74,66.0,4.8,222.0,5,2,7,1,3,0,0,0,1,Never,None,Low,Home,1,Private,Urgent,0
P000386,52,Male,25.1,144,92,97,173.0,6.9,172.0,8,2,6,0,4,1,0,0,0,Current,Moderate,Low,Home,1,Private,Elective,1
P001523,60,Male,31.5,147,93,77,99.0,5.8,207.0,7,0,8,2,3,0,1,0,0,Never,None,Low,Home,1,Private,Emergency,0
P005585,56,Male,34.1,127,74,89,148.0,5.1,215.0,7,0,6,0,2,0,1,0,0,Former,Low,Moderate,Home Health Care,1,Private,Elective,0
P005630,93,Male,22.4,132,83,83,120.0,4.6,198.0,3,1,5,0,1,0,0,1,0,Current,None,High,Home,1,Medicare,Urgent,0
P005542,70,Male,,136,89,82,170.0,7.7,237.0,4,6,3,2,3,1,0,1,1,Current,High,Low,Home,1,Medicaid,Elective,1
P000258,58,Male,30.7,114,73,69,147.0,8.0,185.0,3,1,7,0,2,1,0,0,0,Never,None,Low,Home,1,Medicaid,Urgent,0
P004746,68,Male,33.6,135,80,68,113.0,5.2,189.0,0,1,8,2,2,0,1,0,0,Never,None,High,Home,1,Medicare,Emergency,0
P001214,53,Male,22.7,123,75,91,139.0,5.2,,6,1,7,2,3,0,1,0,0,Never,Low,Low,Home,1,Private,Urgent,0
P005477,51,Male,31.8,106,72,66,149.0,5.4,210.0,4,1,11,1,1,0,0,0,0,Former,None,Moderate,Rehabilitation,1,Medicaid,Emergency,0
P001273,58,Female,26.4,127,73,73,69.0,,149.0,4,2,6,1,3,0,0,0,0,Current,High,Moderate,Home,0,Medicaid,Elective,0
P004251,60,Male,32.7,108,63,91,90.0,4.7,218.0,5,1,4,1,2,0,0,0,0,Never,Low,Low,Home,1,Private,Emergency,0
P005697,68,Female,17.1,100,77,88,81.0,4.3,169.0,4,3,7,1,1,0,0,0,0,Former,None,High,Home,1,Medicare,Emergency,0
P001773,45,Male,39.1,166,93,77,199.0,8.2,264.0,3,2,7,0,3,1,1,0,0,Former,Moderate,Moderate,Home,1,Medicaid,Emergency,1
P005822,44,Female,28.0,128,71,59,127.0,4.4,244.0,4,1,3,3,1,0,0,0,0,Former,None,Low,Home,1,Private,Emergency,0
P004771,67,Female,25.7,126,68,78,70.0,4.7,230.0,1,1,3,1,0,0,0,0,0,Never,Low,Low,Home Health Care,1,Medicare,Elective,0
P002786,65,Female,32.7,110,69,72,124.0,5.7,163.0,2,0,4,1,1,0,0,0,0,Never,None,Moderate,Home,1,Medicare,Emergency,0
P005261,72,Male,27.6,153,93,74,90.0,5.6,271.0,7,3,5,0,3,0,1,1,0,Never,Moderate,Moderate,Other,1,Private,Emergency,1
P003920,70,Female,34.1,147,76,79,147.0,7.3,181.0,7,1,4,2,5,1,1,0,1,Former,Low,Moderate,Home,1,Medicare,Emergency,0
P003246,69,Female,32.4,140,87,72,111.0,5.1,262.0,7,0,6,0,3,0,1,1,0,Former,,High,Home,1,Private,Urgent,0
P004045,50,Male,27.8,95,69,78,130.0,6.0,170.0,2,0,3,0,1,0,0,0,0,Current,Moderate,Moderate,Home,1,Private,Urgent,0
P005730,44,Female,28.7,113,72,87,91.0,,173.0,2,1,9,0,1,0,0,0,0,Never,Low,Moderate,Home,1,Private,Urgent,0
P005548,79,Male,27.5,135,81,81,127.0,5.3,195.0,3,2,3,1,2,0,0,1,0,Never,None,Low,Home,1,Medicare,Emergency,0
P005011,76,Male,30.1,159,81,89,112.0,4.7,186.0,8,1,11,1,3,0,1,1,0,Former,Low,Low,Home Health Care,1,Medicaid,Emergency,0
P003081,57,Female,,115,63,77,126.0,4.7,174.0,0,1,2,0,0,0,0,0,0,Never,Moderate,High,Home,1,Medicaid,Emergency,0
P002536,80,Male,23.2,121,78,76,179.0,7.2,228.0,3,1,5,0,2,1,0,0,0,Never,,Low,Skilled Nursing Facility,1,Medicare,Elective,0
P003269,59,Female,34.4,107,98,64,166.0,7.6,178.0,1,0,6,1,2,1,0,0,0,Current,,High,Home,1,Private,Emergency,0
P000781,63,Male,27.3,110,84,58,102.0,5.6,230.0,1,0,7,0,0,0,0,0,0,Former,None,Low,Home,1,Private,Emergency,0
P005047,78,Male,32.3,168,93,78,172.0,7.2,169.0,7,1,3,1,3,1,1,0,1,Current,Moderate,High,Home,1,Medicare,Elective,0
P004788,64,Female,30.0,98,56,91,79.0,4.8,166.0,5,2,5,2,3,0,0,0,0,Current,Moderate,Low,Home,0,Medicare,Urgent,0
P004546,64,Female,23.5,130,82,47,87.0,4.7,239.0,1,1,4,0,1,0,1,0,0,Never,Low,Moderate,Home Health Care,1,Private,Urgent,0
P002803,77,Female,28.8,149,98,66,207.0,8.2,225.0,10,1,5,0,2,1,1,0,0,,Low,Low,Home,1,Medicare,Urgent,0
P001458,65,Female,26.8,116,70,56,105.0,4.4,180.0,4,0,7,2,2,0,0,0,0,Current,None,Low,Home,1,Medicare,Emergency,0
P000303,77,Male,25.1,117,78,64,140.0,6.1,253.0,5,1,4,3,3,1,0,0,1,Current,Moderate,Low,Rehabilitation,0,Medicare,Emergency,0
P001921,48,Male,,108,63,82,72.0,4.1,148.0,3,0,4,0,0,0,0,0,0,Former,None,Low,Home,1,Uninsured,Emergency,0
P001085,66,Other,30.3,124,67,72,94.0,5.2,225.0,0,1,4,1,0,0,0,0,0,Never,Low,Moderate,Home,0,Medicare,Urgent,0
P005122,43,Female,24.2,114,73,90,125.0,5.5,234.0,0,0,8,0,0,0,0,0,0,Never,None,Moderate,Home,1,Private,Emergency,0
P002974,55,Female,26.2,131,90,82,106.0,4.7,187.0,1,0,4,1,0,0,0,0,0,Never,None,High,Home,0,Uninsured,Emergency,0
P001376,69,Male,37.1,162,99,67,188.0,8.2,229.0,3,2,7,0,3,1,1,1,0,Never,High,Low,Home,1,Medicare,Emergency,0
P002590,73,Female,29.2,135,87,96,82.0,5.1,,7,1,4,0,2,0,1,1,0,Former,None,High,Home,1,Medicare,Emergency,0
P003035,80,Male,22.7,138,81,92,155.0,7.5,187.0,3,1,4,4,1,1,0,0,0,Current,Low,Moderate,Home Health Care,1,Private,Emergency,1
P003179,73,Female,21.0,121,70,93,92.0,5.3,211.0,2,1,4,4,1,0,0,0,0,Never,None,Moderate,Home,1,Private,Elective,0
P002894,54,Male,26.1,129,83,88,,5.8,134.0,1,0,4,1,0,0,0,0,0,Current,Low,Low,Home Health Care,1,Private,Emergency,0
P003308,75,Female,19.6,144,70,89,94.0,5.3,242.0,3,0,6,1,1,0,0,0,0,Never,None,Low,Home,0,Uninsured,Urgent,0
P002113,78,Male,,139,94,75,110.0,5.4,175.0,8,2,9,0,3,0,1,0,0,Never,Low,Low,Skilled Nursing Facility,1,Medicare,Emergency,0
P002089,55,Female,39.6,128,71,58,165.0,7.4,205.0,2,3,6,3,2,1,0,0,0,Never,Low,Moderate,Home,1,Private,Elective,0
P005282,70,Female,26.2,130,67,82,167.0,8.8,139.0,2,2,5,0,1,1,0,0,0,Never,Low,Low,Home,1,Medicare,Elective,0
P005320,68,Female,24.0,149,86,72,137.0,6.1,193.0,6,1,7,1,2,0,1,1,0,Current,None,High,Home,1,Medicare,Emergency,0
P005336,48,Female,27.1,115,86,52,,5.6,233.0,8,0,4,1,2,0,1,0,0,Never,None,Low,Home,1,Private,Emergency,0
P004059,73,Female,20.9,138,81,75,104.0,4.9,204.0,3,0,3,2,1,0,0,0,0,Never,Low,Moderate,Home Health Care,1,Medicare,Elective,0
P002177,71,Female,24.7,153,89,92,,4.7,228.0,6,3,6,3,3,0,1,0,1,Former,None,Moderate,Home,0,Medicare,Emergency,1
P003106,65,Male,26.0,127,74,74,154.0,5.4,133.0,7,1,7,1,2,0,1,0,0,Never,Moderate,Moderate,Home,1,Medicare,Emergency,0
P002841,61,Female,28.4,147,102,81,,5.9,197.0,6,1,3,3,2,0,1,0,0,Former,None,Moderate,Home,1,Private,Elective,0
P004621,47,Male,28.9,97,61,84,99.0,5.5,160.0,0,0,5,1,0,0,0,0,0,Former,None,Low,Home,0,Private,Elective,0
P003723,78,Female,25.4,127,84,62,83.0,5.2,186.0,3,2,4,1,2,0,1,0,0,Never,Moderate,Low,Skilled Nursing Facility,1,Medicare,Emergency,1
P003107,75,Male,26.3,131,64,81,91.0,4.9,205.0,5,3,2,1,3,0,1,0,0,Current,Moderate,Moderate,Home,0,Medicaid,Emergency,1
P000009,64,Male,26.4,107,66,78,103.0,5.1,221.0,1,1,6,2,1,0,1,0,0,Never,Moderate,Moderate,Skilled Nursing Facility,1,Private,Elective,0
P005792,64,Female,26.2,115,75,96,161.0,8.0,173.0,2,2,6,1,1,1,0,0,0,Current,High,Low,Home,0,Medicaid,Urgent,0
P005324,51,Female,25.4,120,83,79,80.0,5.5,206.0,3,0,5,1,1,0,1,0,0,Never,,High,Home,0,Uninsured,Emergency,0
P001754,56,Female,21.3,109,70,84,86.0,4.3,209.0,2,0,4,0,0,0,0,0,0,Never,Low,High,Home,1,Medicaid,Emergency,0
P004425,49,Female,29.8,97,70,108,74.0,5.4,166.0,0,0,2,0,1,0,0,0,0,Never,High,High,Home,0,Private,Elective,0
P001916,18,Female,24.7,106,56,93,153.0,5.9,131.0,1,0,3,1,0,0,0,0,0,Former,High,High,Skilled Nursing Facility,0,Private,Urgent,0
P002910,72,Female,25.4,127,76,80,101.0,6.0,148.0,4,0,7,1,3,0,0,1,1,Former,Low,Low,Home Health Care,1,Medicaid,Emergency,0
P005518,85,Male,21.0,148,78,75,208.0,8.0,200.0,4,2,6,2,3,1,1,0,1,Never,Low,Moderate,Skilled Nursing Facility,1,Medicaid,Emergency,1
P004204,96,Male,31.3,138,72,69,135.0,5.0,176.0,4,1,7,1,2,0,1,1,0,Current,High,Moderate,Home,0,Private,Emergency,1
P000156,91,Male,28.2,137,89,82,163.0,6.9,,9,5,9,1,3,1,1,0,1,Former,Low,Moderate,Skilled Nursing Facility,0,Medicare,Emergency,0
P002565,81,Male,24.4,117,73,90,196.0,7.5,226.0,7,2,5,4,4,1,0,1,1,Former,High,Moderate,Home,1,Medicare,Emergency,0
P004552,54,Male,28.5,148,91,70,175.0,7.4,142.0,1,0,7,0,1,1,0,0,0,Never,None,High,Rehabilitation,1,Private,Emergency,0
P001050,71,Female,32.3,110,73,87,126.0,5.4,217.0,7,1,4,0,2,0,0,0,1,Never,None,Moderate,Rehabilitation,1,Medicare,Emergency,0
P002837,72,Female,32.8,109,68,80,139.0,7.0,110.0,1,3,3,2,1,1,0,0,0,Never,Moderate,Moderate,Home,1,Medicaid,Emergency,0
P001922,79,Male,26.8,121,59,83,185.0,7.4,224.0,6,1,7,1,3,1,0,0,1,Never,High,Moderate,Home,0,Medicare,Urgent,0
P000270,64,Female,29.6,136,75,74,89.0,5.2,150.0,4,2,3,1,1,0,1,0,0,Former,None,Moderate,Home Health Care,0,Medicaid,Emergency,0
P003915,30,Female,27.5,112,83,93,167.0,7.6,207.0,2,1,3,2,1,1,0,0,0,Never,Low,Low,Home,0,Uninsured,Emergency,1
P001981,67,Male,21.3,131,79,58,88.0,5.5,192.0,2,1,6,1,0,0,0,0,0,,Low,High,Home,1,Private,Emergency,0
P001165,49,Male,34.8,141,101,80,87.0,5.3,266.0,8,2,6,0,3,0,1,0,1,Current,High,Moderate,Skilled Nursing Facility,1,Uninsured,Emergency,1
P005988,57,Male,36.9,152,71,88,100.0,4.9,136.0,4,1,3,0,3,0,1,0,0,Current,,Moderate,Home,0,Uninsured,Elective,0
P003026,64,Male,23.3,126,77,67,62.0,5.3,235.0,6,3,3,1,2,0,0,1,0,Former,Moderate,Moderate,Home Health Care,0,Uninsured,Emergency,1
P005537,51,Male,23.1,103,64,70,128.0,5.4,137.0,2,0,5,0,0,0,0,0,0,Former,Moderate,Low,Home,1,Private,Emergency,0
P001054,100,Female,26.4,138,77,80,153.0,7.4,207.0,2,2,5,0,2,1,0,0,1,Never,Moderate,High,Home,1,Medicare,Emergency,0
P005563,71,Male,31.7,127,65,90,212.0,7.0,152.0,8,1,2,3,2,1,1,0,0,Never,Moderate,Low,Home,1,Medicare,Elective,0
P005716,60,Female,26.3,126,77,82,60.0,,171.0,1,0,6,0,0,0,0,0,0,Current,Low,High,Home,1,Private,Emergency,0
P004685,54,Male,23.6,98,58,94,140.0,6.2,171.0,1,1,6,1,0,0,0,0,0,Never,Moderate,High,Rehabilitation,0,Private,Emergency,1
P001940,52,Male,31.3,125,80,66,81.0,4.3,185.0,5,2,3,0,1,0,1,0,0,Current,High,High,Home,0,Private,Urgent,0
P005197,65,Male,41.6,133,70,95,93.0,5.0,253.0,6,2,6,1,3,0,1,1,0,Never,None,Low,Home,1,Private,Urgent,1
P001383,59,Female,34.8,120,74,87,125.0,5.7,,5,3,3,0,2,0,1,1,0,Former,None,Moderate,Home,1,Private,Urgent,1
P004833,48,Male,40.7,115,78,81,174.0,7.9,188.0,6,0,8,0,2,1,1,0,0,Current,Low,Moderate,Home,1,Medicare,Elective,0
P001279,69,Female,38.3,114,68,92,194.0,6.9,172.0,2,0,5,0,3,1,1,1,0,Former,Moderate,Moderate,Home,1,Medicare,Urgent,0
P001468,44,Female,28.9,120,66,61,189.0,7.6,169.0,1,0,2,1,2,1,0,0,0,Never,High,Low,Home,1,Private,Elective,0
P005269,75,Female,28.6,154,92,63,110.0,4.9,227.0,6,3,7,1,2,0,1,0,0,Former,Moderate,High,Skilled Nursing Facility,0,Medicare,Urgent,1
P003443,65,Female,30.6,132,73,75,166.0,7.2,237.0,8,2,2,1,4,1,1,1,0,Former,None,Low,Home Health Care,1,Medicare,Elective,0
P000609,39,Female,35.2,130,81,79,76.0,4.8,198.0,4,1,4,1,1,0,1,0,0,Never,Low,High,Home,0,Private,Emergency,0
P002405,51,Female,20.5,116,69,58,91.0,5.8,232.0,4,1,4,0,1,0,0,0,0,Never,None,Moderate,Other,1,Private,Elective,0
P000887,83,Male,18.5,135,81,58,132.0,5.6,231.0,7,1,7,0,3,0,0,0,1,Former,None,Moderate,Home,0,Medicare,Urgent,0
P003191,43,Female,29.6,141,72,87,93.0,4.7,196.0,2,2,3,1,1,0,0,0,0,Former,None,Low,Home Health Care,0,Uninsured,Urgent,0
P002386,55,Female,29.9,123,71,80,99.0,5.6,193.0,0,1,4,0,0,0,0,0,0,Never,Low,High,Home,0,Medicaid,Elective,0
P004553,54,Female,32.3,98,77,67,203.0,7.5,159.0,4,1,7,0,3,1,0,0,1,Never,None,Moderate,Home Health Care,1,Medicaid,Urgent,0
P003782,36,Female,28.0,124,82,80,91.0,5.1,220.0,3,0,4,0,0,0,0,0,0,Never,Low,High,Home,1,Uninsured,Elective,0
P001766,62,Other,28.4,139,68,74,132.0,5.4,212.0,5,0,9,0,2,0,1,0,0,Never,Low,Moderate,Home,1,Private,Emergency,0
P002318,70,Female,22.3,129,91,83,197.0,7.6,183.0,3,1,9,4,3,1,1,1,0,Current,Low,Low,Home Health Care,0,Medicare,Emergency,1
P001539,50,Female,19.4,116,65,98,124.0,5.2,207.0,3,0,2,0,1,0,0,0,0,Current,None,Moderate,Home,0,Private,Emergency,1
P004776,75,Female,20.5,168,94,101,97.0,5.3,222.0,2,2,8,0,3,0,1,1,1,Never,None,Low,Home,1,Private,Emergency,1
P005657,35,Male,25.7,98,61,103,88.0,5.0,465.0,2,0,9,1,1,0,0,0,0,Never,Low,Moderate,Home,0,Private,Emergency,0
P000086,71,Female,24.9,145,81,69,96.0,5.9,125.0,2,0,3,0,1,0,0,0,0,,Moderate,High,Home,1,Medicaid,Elective,0
P000802,48,Female,26.9,121,62,88,86.0,5.4,,0,0,6,2,1,0,0,0,0,Never,Moderate,Moderate,Home,1,Medicaid,Urgent,0
P001730,65,Female,,127,70,78,105.0,5.3,183.0,0,2,3,1,1,0,0,0,0,Former,Moderate,High,Home,0,Private,Urgent,0
P003116,75,Other,30.4,123,94,73,158.0,,178.0,1,2,5,0,2,0,0,1,0,Former,None,Low,Skilled Nursing Facility,1,Medicare,Elective,0
P005762,72,Female,30.8,133,91,102,92.0,4.9,159.0,4,2,5,2,2,0,0,1,0,Former,Low,High,Home,1,Uninsured,Emergency,1
P002325,28,Male,25.1,104,66,77,96.0,5.1,232.0,1,0,7,0,0,0,0,0,0,Former,Low,Low,Home,1,Private,Emergency,0
P004905,96,Male,32.0,137,87,69,138.0,4.6,218.0,2,4,5,2,3,0,1,0,1,Former,Low,Low,Home Health Care,1,Medicare,Elective,1
P005523,52,Female,23.9,140,81,105,103.0,5.2,236.0,4,1,5,2,2,0,0,1,0,Current,None,Moderate,Home,1,Private,Elective,0
P004575,80,Female,26.3,155,87,73,66.0,5.4,143.0,4,1,4,0,3,0,1,0,1,Never,None,Low,Home,1,Medicaid,Urgent,0
P004755,91,Male,,144,83,65,79.0,4.7,161.0,6,2,7,1,2,0,1,0,0,Never,None,Low,Rehabilitation,1,Private,Emergency,0
P000316,60,Male,35.8,114,56,63,89.0,4.9,167.0,1,0,2,1,0,0,0,0,0,Former,,Moderate,Home,1,Medicaid,Urgent,0
P000497,37,Female,26.6,93,69,90,71.0,,136.0,1,0,4,1,1,0,0,1,0,Former,Moderate,High,Rehabilitation,1,Private,Emergency,0
P005322,41,Male,20.1,124,81,88,86.0,5.1,,3,1,5,0,0,0,0,0,0,Current,None,Low,Rehabilitation,1,Medicare,Elective,0
P004683,55,Female,32.0,129,94,76,119.0,5.0,233.0,2,1,2,0,2,0,1,0,0,Never,Moderate,High,Home,1,Private,Urgent,0
P002471,57,Female,31.8,153,76,84,115.0,4.9,179.0,2,2,6,4,2,0,1,0,1,Never,Low,Low,Home,1,Medicaid,Elective,0
P005027,62,Female,20.8,106,86,77,117.0,5.1,224.0,1,0,6,1,1,0,1,0,0,Former,Moderate,Low,Home,0,Private,Urgent,0
P001721,80,Male,29.8,128,71,100,145.0,6.8,111.0,6,2,9,2,2,1,0,0,0,Former,Low,Moderate,Home,1,Medicare,Emergency,0
P001380,86,Male,24.5,127,66,68,87.0,5.3,168.0,4,1,4,0,1,0,0,1,0,Former,None,Low,Home,1,Private,Emergency,0
P001419,79,Male,20.6,136,80,73,134.0,6.2,236.0,4,1,6,1,4,0,1,1,1,Never,Low,Moderate,Skilled Nursing Facility,1,Medicare,Urgent,0
P000526,57,Male,38.4,136,87,98,193.0,6.9,188.0,0,2,2,0,2,1,0,0,0,Never,Moderate,Moderate,Rehabilitation,1,Private,Urgent,0
P000987,43,Female,34.9,116,58,81,104.0,5.5,123.0,2,0,5,0,0,0,0,0,0,Never,Moderate,High,Home,1,Private,Elective,0
P003515,69,Male,24.9,131,73,100,90.0,5.6,134.0,3,0,3,0,0,0,0,0,0,Never,None,Low,Home,1,Medicare,Urgent,0
P002143,100,Female,29.9,125,91,54,174.0,7.9,160.0,9,0,3,1,2,1,1,0,0,Former,Moderate,Low,Home,0,Medicare,Urgent,0
P005253,90,Female,21.3,130,83,58,134.0,5.7,167.0,0,2,6,1,0,0,0,0,0,Former,None,Moderate,Home,1,Medicare,Emergency,0
P000308,84,Female,33.4,123,83,63,72.0,4.4,236.0,0,1,6,3,1,0,0,0,1,Never,Low,Moderate,Home,0,Medicare,Emergency,0
P005222,34,Male,26.5,107,66,90,109.0,4.4,410.0,0,1,6,1,0,0,0,0,0,Current,Low,Low,Home,1,Medicaid,Emergency,0
P003804,69,Female,31.6,141,82,82,104.0,4.3,225.0,9,1,7,3,5,0,1,0,1,Never,Moderate,Low,Home,1,Medicare,Urgent,1
P001290,76,Male,24.5,122,65,78,112.0,4.6,219.0,4,0,4,2,1,0,0,0,0,Former,None,Low,Home,1,Medicare,Urgent,0
P005940,73,Female,33.0,133,91,81,98.0,4.4,446.0,2,0,1,1,2,0,0,0,0,Never,None,Low,Home,1,Medicare,Emergency,1
P001116,65,Female,23.5,100,59,71,152.0,5.5,147.0,8,2,6,4,4,0,0,0,1,Current,None,Moderate,Home Health Care,1,Medicare,Emergency,1
P005133,64,Male,27.9,92,64,68,117.0,6.1,153.0,1,1,4,0,1,0,0,0,1,,Low,Moderate,Home,0,Private,Emergency,0
P003922,59,Male,22.9,141,78,76,90.0,5.8,213.0,3,1,4,2,2,0,0,0,0,Never,None,Low,Home Health Care,0,Medicaid,Urgent,0
P002153,51,Male,33.8,89,63,79,121.0,5.4,119.0,2,0,4,0,0,0,0,0,0,Former,Low,Low,Home,1,Private,Emergency,0
P005305,87,Female,31.8,162,99,95,99.0,4.5,229.0,0,1,8,0,1,0,1,0,0,Never,None,Moderate,Home Health Care,1,Medicare,Emergency,0
P001145,64,Male,29.2,127,88,77,118.0,6.9,266.0,3,1,7,0,3,1,0,1,1,Current,,Moderate,Home,0,Private,Urgent,0
P002814,56,Male,30.6,129,76,85,144.0,5.6,133.0,4,0,2,0,3,0,1,0,0,Former,Moderate,Low,Home Health Care,1,Private,Elective,0
P003694,44,Female,31.6,106,86,78,190.0,8.1,149.0,6,2,8,1,3,1,0,0,0,Former,Low,High,Home,0,Private,Emergency,0
P005180,54,Male,26.5,126,75,82,75.0,4.7,138.0,3,0,6,0,1,0,0,0,0,Current,None,Low,Home Health Care,0,Private,Urgent,0
P004821,57,Male,31.0,137,91,68,108.0,4.6,159.0,2,1,5,1,1,0,1,0,0,Former,None,Moderate,Home,1,Private,Emergency,0
P000214,57,Female,36.2,125,73,74,74.0,4.7,246.0,2,0,3,2,1,0,0,0,0,Never,Moderate,Moderate,Skilled Nursing Facility,1,Medicaid,Urgent,0
P004368,61,Male,43.6,115,82,92,140.0,6.9,268.0,5,2,6,0,2,1,0,0,0,Former,Moderate,High,Home,0,Private,Emergency,0
P003956,34,Female,28.5,87,76,97,91.0,5.0,191.0,6,1,5,1,2,0,0,0,0,,Moderate,Low,Other,1,Private,Urgent,0
P003208,69,Male,27.6,129,81,80,171.0,7.8,125.0,6,1,6,0,3,1,1,0,0,Never,Low,Moderate,Skilled Nursing Facility,1,Medicare,Emergency,0
P000300,69,Male,25.3,137,89,82,104.0,5.5,198.0,3,3,7,2,3,0,1,1,0,Current,Moderate,High,Home,1,Medicaid,Emergency,1
P002015,88,Male,29.6,123,66,102,103.0,5.4,233.0,3,2,5,1,3,0,1,1,0,Current,High,Moderate,Skilled Nursing Facility,1,Medicare,Urgent,0
P001635,68,Female,26.4,121,73,88,60.0,5.3,199.0,2,1,3,1,1,0,1,0,0,Former,Low,Low,Skilled Nursing Facility,1,Medicare,Urgent,0
P003187,49,Male,27.8,122,87,81,103.0,4.0,204.0,4,2,3,0,1,0,0,0,0,Former,Moderate,Low,Home,0,Medicare,Elective,1
P000227,100,Male,19.7,156,110,77,,5.1,183.0,6,1,6,0,4,0,1,1,0,Current,Moderate,Moderate,Skilled Nursing Facility,1,Medicare,Emergency,0
P002309,83,Female,31.1,166,109,80,98.0,4.4,129.0,4,2,3,0,1,0,1,0,0,Former,None,High,Skilled Nursing Facility,1,Medicare,Urgent,0
P001309,22,Female,30.1,89,47,64,113.0,5.4,,1,0,6,0,1,0,0,0,0,Former,None,High,Skilled Nursing Facility,1,Private,Emergency,0
P004320,100,Male,27.0,125,89,71,177.0,8.8,151.0,4,4,9,1,3,1,0,1,0,Former,Low,Low,Home,0,Medicare,Emergency,1
P004628,76,Male,39.9,140,66,70,115.0,4.3,204.0,3,1,5,1,1,0,1,0,0,Never,None,Moderate,Skilled Nursing Facility,0,Private,Emergency,0
P003200,58,Female,23.5,136,88,62,108.0,5.4,195.0,0,0,7,0,0,0,0,0,0,Former,Low,Low,Home,0,Medicare,Emergency,1
P005721,66,Female,35.7,124,65,45,192.0,7.0,244.0,0,1,6,1,1,1,0,0,0,Former,None,Low,Home,1,Medicare,Emergency,0
P005860,84,Male,,129,75,86,163.0,8.1,137.0,12,0,10,3,6,1,1,1,0,Former,Low,Low,Rehabilitation,1,Medicare,Emergency,1
P004994,54,Male,27.4,137,87,78,172.0,7.7,171.0,5,0,4,2,2,1,1,0,0,Current,Moderate,Low,Home,1,Private,Elective,0
P002596,52,Male,21.0,153,89,113,99.0,4.6,144.0,6,0,5,0,1,0,1,0,0,Never,None,Low,Home Health Care,0,Private,Emergency,0
P002249,63,Female,31.8,123,83,93,171.0,7.2,221.0,4,1,6,1,5,1,1,0,1,,None,Moderate,Home,1,Private,Emergency,0
P000726,86,Female,32.7,146,79,77,184.0,7.7,216.0,2,3,4,1,2,1,1,0,0,Never,Low,Moderate,Skilled Nursing Facility,1,Medicare,Urgent,0
P000359,51,Female,34.4,136,88,66,173.0,6.9,190.0,11,1,7,4,4,1,1,1,0,Never,None,Moderate,Home,0,Private,Urgent,0
P001292,57,Male,,151,78,64,188.0,7.9,277.0,3,1,7,0,2,1,0,0,0,Current,Moderate,Low,Home,0,Private,Emergency,0
P000355,80,Female,,139,72,66,85.0,5.7,231.0,6,1,7,1,1,0,1,0,0,Former,None,Low,Rehabilitation,0,Uninsured,Emergency,0
P000838,85,Male,34.1,141,84,67,201.0,7.3,110.0,6,1,4,1,2,1,1,0,0,Former,None,Low,Home,0,Private,Emergency,0
P003466,95,Female,21.9,132,70,77,86.0,5.0,198.0,7,2,5,0,2,0,1,0,1,Current,Moderate,High,Home Health Care,1,Medicaid,Urgent,0
P005136,59,Male,27.1,128,71,65,207.0,7.8,183.0,5,3,4,0,2,1,0,0,0,Never,,Moderate,Home,1,Private,Emergency,0
P004099,71,Male,16.5,133,75,83,82.0,,234.0,6,2,7,1,2,0,0,0,0,Former,None,Low,Home,0,Medicare,Emergency,0
P003883,69,Male,35.2,148,73,87,151.0,7.2,192.0,2,3,6,0,2,1,1,0,0,Never,Low,Low,Rehabilitation,1,Medicare,Urgent,0
P004669,92,Female,23.9,129,64,82,83.0,4.9,235.0,3,2,4,0,1,0,0,0,0,Never,Moderate,Moderate,Rehabilitation,1,Medicaid,Emergency,0
P005778,67,Female,,115,75,83,135.0,4.9,203.0,4,0,6,1,1,0,0,0,1,Never,Moderate,Low,Rehabilitation,1,Medicare,Emergency,0
P003664,69,Male,36.6,146,67,91,203.0,,230.0,2,1,4,1,2,1,0,1,0,Former,Moderate,Low,Home,1,Medicare,Emergency,0
P002160,53,Female,30.2,159,61,72,178.0,7.3,277.0,6,2,8,1,3,1,1,0,0,Never,Moderate,Moderate,Home,1,Medicaid,Emergency,1
P002692,49,Female,40.7,150,95,85,90.0,5.5,231.0,3,0,5,0,2,0,1,0,0,Never,None,Low,Home,1,Medicaid,Elective,0
P003103,76,Male,21.3,137,80,73,182.0,7.9,251.0,9,0,5,2,4,1,1,1,1,Current,None,Low,Home,1,Medicare,Emergency,0
P003004,41,Male,33.1,105,71,86,112.0,5.3,186.0,3,1,2,0,2,0,0,0,0,Former,Moderate,Low,Home,0,Private,Urgent,0
P000758,77,Female,31.7,141,86,82,74.0,4.7,140.0,2,2,5,1,1,0,1,0,0,Never,None,Moderate,Skilled Nursing Facility,0,Medicaid,Emergency,0
P002864,100,Female,30.8,112,76,78,180.0,7.2,224.0,7,4,6,3,3,1,0,1,1,Former,Low,High,Rehabilitation,1,Medicare,Elective,1
P005226,70,Male,24.8,106,65,62,69.0,5.8,227.0,3,2,6,0,2,0,0,0,0,Former,Low,Low,Home Health Care,1,Uninsured,Elective,0
P000514,63,Female,33.7,143,76,80,65.0,5.1,164.0,5,1,2,0,2,0,1,0,0,Current,Moderate,High,Home,1,Private,Elective,0
P005429,79,Female,23.9,115,76,75,113.0,5.0,161.0,5,0,4,1,2,0,0,0,0,Never,Low,Moderate,Skilled Nursing Facility,0,Medicare,Elective,0
P000470,50,Other,29.5,146,88,87,94.0,5.3,204.0,5,1,6,0,1,0,1,0,0,Former,,Moderate,Home Health Care,1,Medicare,Emergency,0
P001689,62,Female,40.5,155,112,72,187.0,8.2,235.0,6,3,12,3,4,1,0,0,0,Never,Low,Moderate,Home,0,Private,Elective,1
P002886,69,Male,37.0,145,83,87,147.0,7.9,172.0,3,3,3,0,3,1,0,1,0,Never,High,High,Home,1,Medicare,Urgent,0
P002961,45,Female,36.5,136,89,87,75.0,4.7,203.0,1,0,2,0,1,0,1,0,0,Former,None,Moderate,Home,0,Private,Elective,0
P001674,71,Female,32.7,128,75,83,152.0,,,4,3,5,1,3,1,1,0,0,Former,Low,High,Home,0,Medicare,Emergency,0
P003243,68,Female,19.7,115,70,76,75.0,4.9,183.0,3,1,5,1,2,0,0,1,0,Never,Low,Low,Home,1,Medicaid,Elective,0
P004915,82,Male,35.8,156,87,86,188.0,8.1,222.0,5,3,11,0,2,1,1,0,0,Never,Moderate,Low,Home,0,Medicare,Emergency,0
P004279,58,Male,31.8,121,69,68,87.0,4.9,204.0,2,0,2,0,0,0,0,0,0,Never,Moderate,High,Home,1,Private,Elective,0
P004938,39,Male,33.4,117,84,62,131.0,5.1,291.0,6,1,6,2,5,0,1,0,0,Former,Low,Moderate,Home Health Care,1,Private,Emergency,0
P001476,62,Male,32.0,120,81,81,142.0,5.7,146.0,3,0,7,1,2,0,1,0,0,Former,Low,High,Skilled Nursing Facility,1,Medicaid,Emergency,1
P004468,59,Female,37.6,129,80,55,167.0,7.4,192.0,4,0,4,0,2,1,1,0,0,Former,Low,Moderate,Home,0,Private,Emergency,0
P000527,86,Male,24.6,151,82,77,118.0,6.3,167.0,3,2,4,2,3,0,1,1,1,Never,Low,Low,Home Health Care,0,Medicare,Elective,0
P005010,69,Male,17.6,102,76,99,171.0,7.9,254.0,3,2,6,0,4,1,0,1,0,Never,Moderate,High,Home,1,Medicare,Urgent,0
P005360,62,Female,34.2,110,74,91,160.0,6.6,141.0,2,0,4,1,1,1,0,0,0,Former,None,Low,Home,1,Private,Emergency,0
P001765,48,Male,27.2,117,75,74,99.0,6.0,275.0,2,0,2,1,0,0,0,0,0,Current,None,High,Home,0,Private,Emergency,0
P004126,63,Female,19.3,120,72,105,114.0,,466.0,3,0,7,1,1,0,0,0,1,,Low,High,Home,1,Private,Emergency,0
P005647,41,Female,32.7,105,62,60,116.0,5.6,221.0,4,1,5,3,1,0,0,0,0,Never,Moderate,High,Home,1,Private,Emergency,0
P000461,69,Male,,138,93,80,130.0,5.5,201.0,2,1,11,0,1,0,1,0,0,Never,None,Low,Rehabilitation,0,Medicare,Emergency,0
P003629,82,Female,26.5,152,87,84,188.0,7.9,113.0,6,3,4,1,3,1,1,0,0,Former,Moderate,Low,Home Health Care,1,Private,Urgent,0
P002776,100,Male,32.1,158,77,64,137.0,7.2,156.0,5,0,6,1,4,1,1,0,1,Current,Low,Low,Home,1,Medicare,Emergency,0
P004069,63,Female,28.3,112,67,79,111.0,5.4,267.0,1,2,3,1,1,0,0,0,0,Former,Low,Moderate,Home,1,Medicaid,Urgent,0
P000796,62,Female,23.3,102,66,74,203.0,7.2,196.0,4,1,3,0,1,1,0,0,0,Never,Moderate,High,Home,0,Private,Elective,0
P002411,50,Male,15.6,117,68,89,106.0,4.3,194.0,3,0,6,0,1,0,0,0,0,Never,Low,Low,Home Health Care,0,Medicaid,Emergency,0
P005506,50,Male,31.6,119,83,88,130.0,4.6,220.0,1,0,5,1,1,0,0,1,0,Never,Moderate,Low,Home,0,Private,Emergency,1
P003096,47,Male,28.2,134,80,79,60.0,5.2,198.0,4,1,7,2,1,0,1,0,0,Never,High,Moderate,Home,0,Private,Elective,0
P005213,56,Female,,131,81,81,103.0,4.7,191.0,3,1,6,2,1,0,1,0,0,Current,None,High,Home,0,Private,Emergency,0
P002226,68,Male,35.1,142,89,85,161.0,7.5,148.0,14,2,2,4,5,1,1,1,1,Former,Moderate,Low,Rehabilitation,0,Private,Urgent,1
P003762,75,Female,21.1,161,79,96,123.0,4.8,220.0,5,0,8,1,3,0,1,1,0,Current,None,Low,Rehabilitation,0,Private,Emergency,1
P004040,61,Male,24.6,129,76,80,107.0,,119.0,1,1,6,0,0,0,0,0,0,Never,None,Low,Home,0,Private,Emergency,0
P003011,99,Female,23.1,157,73,97,182.0,7.7,237.0,12,6,7,1,5,1,1,1,0,Former,Low,High,Skilled Nursing Facility,0,Medicaid,Emergency,1
P001563,52,Male,,122,72,79,94.0,5.5,193.0,3,1,2,0,1,0,0,0,1,Never,Low,Low,Home,1,Medicare,Elective,0
P000163,96,Female,33.2,138,88,80,141.0,5.4,164.0,5,2,4,1,3,0,1,0,1,Former,None,High,Home Health Care,0,Medicaid,Urgent,0
P000051,68,Male,26.6,132,81,69,199.0,7.6,163.0,3,1,5,1,2,1,0,0,1,Never,None,Moderate,Skilled Nursing Facility,1,Medicare,Urgent,1
P005512,64,Male,32.8,121,76,105,171.0,7.9,157.0,5,2,4,1,2,1,0,0,1,Former,,Moderate,Home,0,Private,Urgent,0
P005079,77,Female,33.8,134,77,98,,7.6,221.0,7,3,6,2,3,1,1,0,0,Never,None,Moderate,Rehabilitation,1,Private,Emergency,0
P000884,46,Female,27.8,117,82,78,85.0,4.9,209.0,6,4,4,0,2,0,0,0,0,Former,None,High,Home,0,Medicaid,Urgent,0
P004804,79,Male,26.6,99,76,91,261.0,8.9,200.0,1,1,8,1,2,1,0,1,0,Current,None,Low,Home,1,Medicare,Emergency,0
P004697,75,Female,29.1,133,77,69,89.0,5.1,166.0,1,0,4,0,0,0,0,0,0,Current,Moderate,Low,Skilled Nursing Facility,0,Medicare,Emergency,0
P001378,67,Male,26.6,122,82,78,187.0,7.5,170.0,12,2,4,1,4,1,0,0,1,Never,Low,Low,Home,0,Medicare,Emergency,1
P001640,61,Male,29.6,120,71,68,161.0,,190.0,5,1,5,1,3,1,0,0,0,Former,Low,High,Home,0,Private,Emergency,0
P005599,68,Male,30.0,150,87,69,132.0,5.7,,2,0,2,0,1,0,1,0,0,Never,None,High,Home,1,Medicare,Emergency,0
P001102,73,Female,29.7,114,81,76,236.0,7.4,246.0,7,0,7,1,2,1,1,0,0,Never,Low,Low,Home,0,Medicare,Emergency,1
P005811,92,Female,24.3,165,95,84,186.0,8.9,,8,4,4,0,3,1,1,0,1,Never,Low,Low,Home Health Care,0,Private,Emergency,1
P005276,36,Female,40.4,127,89,88,148.0,5.1,137.0,1,0,2,0,0,0,0,0,0,Never,Low,High,Home,1,Private,Elective,0
P001639,64,Male,34.1,158,85,95,98.0,4.9,230.0,1,0,2,0,1,0,1,0,0,Never,Moderate,Low,Home,0,Medicaid,Elective,0
P003334,58,Male,28.9,138,85,69,82.0,5.4,249.0,6,0,4,1,2,0,0,0,1,Former,Moderate,Moderate,Home,0,Private,Urgent,1
P003232,87,Other,29.6,139,74,89,159.0,8.0,232.0,2,2,5,1,3,1,1,0,1,Current,None,High,Home,1,Medicare,Urgent,0
P000821,57,Female,28.7,168,83,104,177.0,5.8,172.0,4,3,5,0,2,0,1,0,0,Never,Moderate,Moderate,Home,0,Private,Urgent,0
P000345,88,Other,,116,69,51,212.0,7.8,,4,4,2,2,4,1,0,1,0,Never,None,High,Home Health Care,1,Medicare,Emergency,1
P000524,61,Male,,155,84,71,154.0,6.9,217.0,7,1,2,1,3,1,1,0,0,Never,None,Low,Home,1,Private,Urgent,0
P003637,60,Female,32.3,139,88,89,155.0,5.6,221.0,4,2,5,1,2,0,0,0,0,Never,Low,Moderate,Rehabilitation,0,Private,Elective,0
P005574,73,Female,27.2,138,93,69,233.0,7.8,175.0,10,0,7,1,3,1,1,0,1,Never,Low,Low,Home,1,Medicare,Elective,1
P005030,36,Female,22.8,128,74,85,122.0,5.0,251.0,2,0,5,0,0,0,0,0,0,Former,Moderate,Moderate,Home Health Care,1,Private,Elective,0
P002539,73,Female,28.2,137,86,86,127.0,5.7,166.0,4,1,5,1,2,0,1,0,0,Former,Low,Low,Home,0,Medicare,Urgent,0
P003485,77,Female,30.0,112,80,63,150.0,7.8,235.0,6,1,6,0,4,1,0,0,1,Former,Low,Low,Home Health Care,0,Medicare,Emergency,0
P005022,80,Male,29.9,136,75,80,172.0,7.4,145.0,14,1,5,2,4,1,1,1,0,Never,High,Low,Skilled Nursing Facility,0,Medicare,Urgent,1
P004147,65,Female,25.3,120,68,62,188.0,8.0,190.0,8,2,7,1,3,1,0,0,1,Never,Moderate,Moderate,Home,0,Medicare,Emergency,1
P005856,60,Female,,156,80,71,109.0,5.5,146.0,2,0,4,1,2,0,1,0,0,Never,,Moderate,Home Health Care,1,Private,Elective,0
P000354,76,Male,26.0,156,71,71,87.0,,185.0,3,1,2,1,2,0,1,1,0,Never,Moderate,High,Home,0,Private,Urgent,0
P004065,67,Male,30.3,114,70,100,91.0,4.6,263.0,0,0,3,0,0,0,0,0,0,Never,Low,Moderate,Home,0,Medicare,Elective,0
P004631,38,Male,19.6,115,63,78,89.0,4.8,179.0,2,0,6,3,0,0,0,0,0,Former,Moderate,Low,Home,0,Medicaid,Emergency,1
P002308,64,Male,36.4,157,97,84,189.0,7.7,133.0,7,3,6,1,3,1,1,0,0,Former,Low,High,Rehabilitation,1,Uninsured,Emergency,1
P000930,65,Female,31.1,159,90,74,117.0,5.2,217.0,3,0,4,4,2,0,1,0,0,Never,None,Moderate,Home,1,Medicaid,Emergency,1
P004626,70,Male,,133,83,88,174.0,,264.0,5,4,8,2,3,1,1,0,0,Never,None,Low,Home Health Care,1,Private,Emergency,0
P005028,61,Female,33.7,126,82,99,97.0,,234.0,6,3,5,4,3,0,1,0,1,Former,None,Moderate,Home,0,Medicare,Elective,0
P005959,42,Female,23.9,128,72,103,110.0,5.0,255.0,2,1,4,0,1,0,1,0,0,Former,Moderate,Moderate,Home,1,Medicaid,Emergency,0
P003154,62,Female,34.1,100,73,72,82.0,,167.0,4,0,4,1,1,0,0,0,1,Former,None,High,Rehabilitation,0,Private,Elective,0
P005567,84,Male,27.4,141,75,64,84.0,5.3,140.0,7,3,4,4,2,0,1,1,0,Never,Low,Moderate,Home,1,Medicaid,Elective,0
P005771,82,Female,29.8,141,82,84,175.0,7.5,144.0,5,3,5,0,4,1,1,0,1,Former,Moderate,Low,Rehabilitation,1,Private,Elective,0
P000383,40,Male,35.3,92,77,74,76.0,5.0,227.0,6,2,6,0,2,0,0,0,0,Never,None,Low,Rehabilitation,1,Private,Urgent,0
P000515,76,Male,32.5,143,84,94,84.0,5.3,160.0,1,0,4,0,1,0,1,0,0,Never,None,Moderate,Skilled Nursing Facility,1,Medicare,Emergency,0
P002401,57,Female,30.0,90,54,74,113.0,6.0,243.0,1,1,6,3,2,0,0,0,0,Former,High,Moderate,Home,0,Uninsured,Elective,0
P004422,75,Male,20.5,121,81,67,121.0,5.6,237.0,5,1,5,0,1,0,0,0,0,Current,Moderate,Low,Home,1,Medicare,Elective,0
P000288,65,Male,25.4,102,62,89,120.0,5.5,264.0,9,1,4,1,2,0,0,1,1,Never,None,Low,Home,0,Medicare,Emergency,1
P005210,44,Male,29.6,128,87,101,132.0,5.5,172.0,7,2,5,2,3,0,0,0,1,Never,None,Moderate,Home Health Care,0,Private,Emergency,1
P004060,63,Female,22.1,136,83,81,84.0,5.3,119.0,5,1,9,1,2,0,0,0,0,Former,Moderate,High,Home,1,Private,Emergency,0
P002456,65,Female,19.8,94,57,82,109.0,4.7,219.0,0,0,2,0,0,0,0,0,0,Former,None,Moderate,Home,1,Medicare,Elective,0
P001223,70,Female,19.5,155,89,92,107.0,5.3,177.0,3,1,9,1,1,0,1,0,0,Former,None,Moderate,Home Health Care,0,Medicare,Emergency,0
P004706,73,Male,29.7,155,72,75,185.0,7.8,218.0,4,1,3,0,2,1,0,1,0,Never,Moderate,Moderate,Home,0,Medicaid,Emergency,1
P001595,70,Male,31.7,122,74,86,98.0,5.8,245.0,2,1,3,1,1,0,0,0,0,Never,None,Moderate,Home,1,Medicare,Urgent,0
P005225,79,Female,35.0,142,91,73,182.0,7.0,221.0,3,1,6,1,4,1,1,1,0,Former,None,Low,Home,1,Medicare,Emergency,0
P004234,85,Female,,144,79,74,190.0,7.9,216.0,10,4,4,2,3,1,0,1,0,Former,High,Low,Home Health Care,0,Medicare,Emergency,1
P005365,68,Male,34.8,96,69,62,109.0,5.9,210.0,3,0,6,1,1,0,0,0,1,Never,None,Low,Home,1,Medicare,Emergency,0
P005700,36,Male,30.9,126,78,73,88.0,5.1,189.0,1,0,4,1,0,0,0,0,0,Current,None,High,Home,1,Private,Urgent,0
P000688,86,Male,24.4,126,72,91,,4.4,192.0,5,1,3,1,2,0,1,1,0,Never,Moderate,Low,Rehabilitation,1,Medicare,Urgent,1
P000487,52,Male,20.9,122,90,89,120.0,5.2,232.0,4,0,7,0,1,0,1,0,0,Never,Moderate,Low,Rehabilitation,1,Private,Emergency,0
P001527,82,Male,23.9,164,104,87,107.0,5.4,197.0,4,2,3,1,2,0,1,0,0,Never,Moderate,Low,Home,1,Medicare,Elective,0
P002995,57,Male,34.0,136,93,77,120.0,5.5,198.0,1,1,3,2,1,0,1,0,0,Never,Low,Low,Home,1,Medicaid,Urgent,0
P005515,58,Other,38.5,126,87,76,79.0,4.8,140.0,10,1,5,0,4,0,1,1,0,Never,None,High,Home Health Care,0,Private,Elective,0
P002124,65,Female,27.2,135,78,108,99.0,5.5,,3,0,7,2,1,0,0,1,0,Never,None,Moderate,Home Health Care,0,Medicare,Emergency,0
P003407,75,Male,26.2,180,94,79,88.0,5.2,206.0,4,3,7,4,2,0,1,1,0,Former,Moderate,Moderate,Home,1,Medicare,Emergency,0
P001239,73,Male,16.8,151,75,78,95.0,5.7,251.0,1,1,4,0,2,0,1,1,0,Former,None,Moderate,Home,0,Private,Elective,0
P002230,68,Female,26.1,124,84,83,247.0,9.2,181.0,5,0,4,1,3,1,0,0,1,Current,High,Moderate,Home,1,Medicare,Elective,1
P002836,62,Female,34.2,127,64,83,135.0,6.1,,1,3,3,1,1,0,0,0,0,Former,None,Low,Home,0,Private,Emergency,0
P003195,62,Male,32.2,108,57,56,164.0,6.8,171.0,3,2,5,1,2,1,0,0,0,Former,None,Low,Home,1,Uninsured,Urgent,0
P001668,64,Female,30.3,111,76,84,150.0,7.2,204.0,4,1,3,0,2,1,0,0,0,Current,,Low,Home,0,Private,Elective,0
P001775,81,Male,,134,85,65,110.0,6.1,150.0,3,2,4,2,1,0,0,0,0,Former,Moderate,Low,Home Health Care,0,Medicare,Urgent,1
P005373,63,Male,24.0,131,81,69,117.0,5.3,218.0,2,0,5,1,2,0,1,0,0,Never,None,Moderate,Home,0,Private,Emergency,0
P003304,79,Male,23.0,127,88,57,93.0,5.0,194.0,4,2,4,3,2,0,1,1,0,Former,None,Low,Skilled Nursing Facility,1,Medicare,Urgent,0
P000772,84,Male,30.6,151,89,69,162.0,7.7,,8,2,3,1,4,1,1,0,0,Former,None,Low,Skilled Nursing Facility,1,Uninsured,Elective,0
P004567,18,Male,34.5,110,64,66,121.0,4.9,201.0,2,1,4,0,1,0,1,0,0,Never,Moderate,Moderate,Home,0,Private,Emergency,0
P003964,57,Female,25.6,133,85,81,93.0,4.8,190.0,5,0,7,3,2,0,1,0,0,Never,None,Low,Home,0,Private,Emergency,0
P001748,69,Male,,125,78,80,196.0,5.8,248.0,2,0,4,0,1,0,1,0,0,Former,None,Moderate,Rehabilitation,1,Private,Urgent,0
P001803,59,Male,30.7,148,85,87,97.0,5.3,217.0,1,1,5,2,1,0,1,0,0,Never,Low,Moderate,Home,1,Uninsured,Elective,0
P004096,38,Male,31.9,99,84,79,176.0,7.3,178.0,4,0,6,2,2,1,0,0,0,Never,Low,Low,Home,1,Private,Urgent,1
P005110,73,Male,39.0,141,77,70,209.0,7.3,153.0,6,2,6,1,4,1,1,0,1,Never,High,Moderate,Rehabilitation,1,Medicaid,Urgent,0
P000739,40,Female,20.6,114,73,85,66.0,5.1,235.0,10,1,4,3,3,0,0,0,0,Former,,Moderate,Rehabilitation,0,Medicare,Urgent,0
P004969,59,Male,34.9,121,79,77,144.0,5.3,198.0,8,0,5,0,2,0,0,0,1,Never,None,Low,Home,0,Medicaid,Emergency,0
P002720,48,Male,30.0,141,77,87,70.0,5.1,110.0,1,0,3,0,2,0,1,0,0,Never,Low,Low,Home,1,Private,Emergency,0
P005703,73,Female,30.0,119,80,96,97.0,5.0,195.0,4,0,4,0,1,0,0,0,1,Former,High,Moderate,Home,0,Medicare,Urgent,1
P004794,63,Male,28.3,109,59,77,90.0,5.9,158.0,2,0,3,0,1,0,0,0,0,Former,Low,Low,Home,1,Medicaid,Emergency,0
P004590,57,Male,18.9,132,84,75,81.0,5.4,168.0,3,3,7,1,1,0,0,0,0,Never,Moderate,Low,Rehabilitation,1,Private,Emergency,0
P003157,100,Male,29.7,110,74,71,201.0,8.2,261.0,5,1,4,1,2,1,0,0,0,Former,Low,Low,Home Health Care,0,Medicare,Emergency,0
P001592,43,Female,20.4,98,67,55,120.0,4.3,176.0,2,1,7,1,1,0,0,0,0,Former,Moderate,Low,Home Health Care,1,Private,Elective,0
P004922,76,Female,32.1,135,86,77,,,165.0,3,0,3,0,1,0,1,0,0,Former,None,Moderate,Skilled Nursing Facility,0,Medicaid,Emergency,0
P001016,49,Female,37.5,100,71,62,87.0,5.6,150.0,4,1,5,3,1,0,0,1,0,,Moderate,Low,Home,0,Private,Urgent,0
P004790,73,Male,38.0,102,72,80,151.0,7.2,188.0,2,0,6,2,2,1,0,0,1,Current,Moderate,Moderate,Home,1,Medicare,Emergency,0
P000335,64,Male,26.1,113,70,63,89.0,5.1,169.0,8,2,2,2,2,0,0,1,0,Former,Moderate,Low,Home Health Care,1,Uninsured,Urgent,0
P004698,63,Male,44.4,123,66,76,189.0,8.1,179.0,7,0,4,2,2,1,0,0,1,Never,Moderate,Low,Skilled Nursing Facility,1,Medicaid,Urgent,0
P002547,59,Male,28.2,121,75,64,178.0,6.6,154.0,3,2,5,2,2,1,0,0,0,Never,Low,Low,Home,0,Medicare,Elective,0
P003163,72,Female,28.1,132,84,93,103.0,4.1,205.0,1,0,4,0,0,0,0,0,0,Current,None,Moderate,Home,0,Medicare,Emergency,0
P001010,70,Female,37.1,138,77,64,161.0,7.8,262.0,8,4,11,0,4,1,1,1,0,Never,Moderate,Low,Home,0,Medicaid,Emergency,1
P001877,75,Male,38.1,125,81,72,173.0,6.7,225.0,5,1,3,0,3,1,0,0,0,Never,None,Moderate,Skilled Nursing Facility,1,Medicare,Emergency,0
P000737,76,Female,44.6,144,62,81,148.0,5.1,261.0,1,1,5,2,2,0,1,1,0,Former,None,Low,Skilled Nursing Facility,1,Medicare,Urgent,0
P005331,70,Male,34.6,125,80,94,137.0,5.4,234.0,4,0,7,1,2,0,0,1,0,Never,Low,Low,Home,1,Medicare,Emergency,0
P002128,56,Female,32.0,137,83,72,112.0,6.1,214.0,2,2,3,1,1,0,0,0,0,Former,Low,Low,Home,1,Private,Elective,1
P005453,90,Male,24.1,131,77,81,80.0,4.0,243.0,6,3,7,3,4,0,1,1,1,Current,Low,Moderate,Skilled Nursing Facility,1,Private,Urgent,0
P000180,68,Female,30.2,132,77,98,136.0,5.5,219.0,5,2,7,1,3,0,1,1,0,Never,Moderate,Low,Home,1,Private,Emergency,0
P005704,64,Male,41.0,125,90,80,77.0,4.8,306.0,1,0,2,0,0,0,0,0,0,Current,Moderate,Moderate,Home,1,Private,Urgent,0
P004149,62,Male,26.1,118,64,66,102.0,4.8,186.0,2,2,5,0,0,0,0,0,0,Current,High,Low,Home,1,Uninsured,Emergency,0
P004757,67,Male,31.0,134,76,54,141.0,7.5,241.0,1,0,5,1,2,1,0,0,1,Never,Low,High,Home,1,Medicare,Urgent,0
P000360,62,Female,29.2,146,91,57,145.0,7.6,174.0,1,1,5,3,2,1,1,0,0,Never,None,High,Home,0,Private,Emergency,0
P002885,64,Male,22.9,135,93,93,76.0,4.9,194.0,3,0,7,0,3,0,0,0,0,Never,None,Moderate,Home,1,Uninsured,Emergency,0
P003794,75,Female,26.9,114,81,96,73.0,5.1,,3,2,1,1,1,0,0,1,0,,Low,Low,Home,1,Medicare,Elective,0
P001364,77,Female,18.4,136,80,71,89.0,5.2,193.0,3,0,5,0,1,0,0,0,0,Never,None,Moderate,Home,1,Medicare,Urgent,0
P002971,79,Female,22.0,132,78,85,108.0,5.2,187.0,1,0,8,0,0,0,0,0,0,Former,None,Moderate,Home,1,Medicare,Emergency,0
P005994,59,Female,26.3,110,73,82,114.0,4.8,188.0,2,1,1,1,0,0,0,0,0,Never,Moderate,Low,Home,1,Private,Elective,0
P001348,53,Female,32.3,105,73,71,196.0,7.8,173.0,9,4,9,5,3,1,0,0,0,Current,None,Low,Home,1,Medicaid,Urgent,0
P005260,68,Female,29.9,140,103,78,118.0,5.2,189.0,3,4,7,0,2,0,1,0,0,Never,None,High,Home,1,Medicare,Emergency,0
P005932,54,Male,17.4,128,68,78,104.0,4.7,192.0,0,0,1,0,0,0,0,0,0,Never,None,Moderate,Home,0,Private,Urgent,0
P001099,79,Female,25.9,100,59,59,,6.1,272.0,0,0,2,1,0,0,0,0,0,Never,Moderate,Moderate,Rehabilitation,0,Medicare,Elective,0
P003961,84,Male,35.5,159,82,92,130.0,7.3,194.0,3,0,3,1,4,1,1,1,0,Former,None,Moderate,Skilled Nursing Facility,1,Medicare,Urgent,0
P003924,74,Male,34.0,126,72,105,101.0,5.9,229.0,9,1,9,0,3,0,1,0,1,Former,Moderate,Low,Home,1,Medicare,Emergency,0
P000492,69,Male,,108,76,105,80.0,4.6,173.0,0,2,4,2,0,0,0,0,0,Former,None,Moderate,Home,1,Medicare,Elective,0
P000681,76,Female,15.0,142,76,51,92.0,5.4,217.0,1,1,2,0,0,0,0,0,0,Never,Low,Low,Home Health Care,1,Medicaid,Urgent,0
P003037,66,Male,28.6,117,81,71,206.0,9.0,248.0,3,0,8,0,1,1,0,0,0,Former,Moderate,Moderate,Home,0,Medicare,Emergency,0
P004287,53,Female,20.6,121,63,77,190.0,6.0,159.0,1,1,5,0,1,0,0,0,0,Never,None,Moderate,Home,0,Private,Urgent,1
P000506,56,Female,22.5,116,90,73,66.0,4.9,234.0,5,1,3,1,2,0,0,0,0,Never,None,Moderate,Home,1,Private,Elective,0
P000344,70,Male,27.2,143,86,80,127.0,5.4,205.0,3,0,6,0,2,0,1,1,0,Never,None,Moderate,Home,0,Medicare,Urgent,0
P000050,65,Male,17.1,94,77,63,60.0,4.6,213.0,3,1,4,0,2,0,0,0,1,Former,High,Low,Home,1,Medicare,Urgent,0
P005236,60,Female,33.4,138,91,82,65.0,4.4,243.0,3,0,10,0,2,0,1,1,0,Never,Low,Moderate,Home,0,Medicare,Emergency,0
P000605,54,Female,21.1,112,81,88,114.0,5.1,207.0,3,1,3,0,1,0,0,0,0,Current,Low,Low,Home,1,Private,Emergency,0
P004008,71,Male,29.2,111,66,76,124.0,5.2,115.0,3,0,4,0,0,0,0,0,0,Current,,Low,Rehabilitation,0,Medicaid,Urgent,0
P002358,69,Male,19.7,121,79,72,103.0,,144.0,5,3,8,3,2,0,0,0,0,Never,None,Low,Home Health Care,1,Uninsured,Elective,1
P001890,72,Male,36.1,158,89,86,163.0,,282.0,7,1,4,0,2,0,1,1,0,Former,None,High,Rehabilitation,1,Medicare,Urgent,0
P005678,70,Female,25.5,154,101,60,160.0,5.1,184.0,2,3,4,4,1,0,1,0,0,,Moderate,Low,Home,0,Private,Elective,0
P004374,91,Female,33.6,112,70,69,192.0,7.8,199.0,5,1,5,2,1,1,0,0,0,Never,High,Low,Home Health Care,1,Medicaid,Emergency,0
P001662,47,Female,26.0,116,68,68,87.0,5.8,214.0,4,0,5,0,0,0,0,0,0,Never,Low,Moderate,Home Health Care,0,Medicaid,Emergency,0
P001693,43,Female,26.1,101,79,68,91.0,5.3,237.0,5,0,5,0,1,0,0,0,0,Current,Moderate,Low,Home,1,Private,Emergency,0
P001829,51,Male,26.0,102,59,58,102.0,4.9,231.0,0,1,4,3,1,0,0,0,0,Former,None,High,Home,1,Private,Elective,1
P003265,57,Female,26.0,97,55,86,97.0,4.6,189.0,0,0,3,0,0,0,0,0,0,Never,Low,High,Home,1,Uninsured,Emergency,0
P003681,55,Male,31.0,158,95,99,138.0,5.7,198.0,7,1,6,0,1,0,1,0,0,Current,None,High,Home,1,Private,Emergency,0
P003399,36,Female,25.4,94,74,81,161.0,6.7,239.0,3,0,5,0,1,1,0,0,0,Former,Moderate,Moderate,Skilled Nursing Facility,0,Private,Elective,0
P002954,26,Female,30.8,95,67,89,61.0,5.3,231.0,2,0,6,0,0,0,0,0,0,Never,Moderate,Moderate,Home,1,Private,Urgent,0
P003967,49,Male,,99,61,80,156.0,8.4,183.0,2,1,5,1,1,1,0,0,0,Former,Moderate,Moderate,Home,0,Medicaid,Elective,0
P005148,53,Male,26.8,111,77,95,134.0,5.4,169.0,6,1,5,1,2,0,1,0,0,Never,None,Low,Home,0,Private,Elective,1
P004642,55,Female,,114,81,84,78.0,5.0,181.0,1,0,6,1,1,0,1,0,0,Never,High,Low,Home,1,Medicaid,Emergency,0
P003390,56,Female,29.0,127,73,73,75.0,5.0,221.0,10,1,3,2,4,0,1,1,0,Current,High,Low,Home Health Care,1,Private,Urgent,0
P005378,59,Female,29.7,114,57,88,166.0,7.0,160.0,4,0,7,0,3,1,0,1,0,Current,Moderate,Low,Other,0,Private,Emergency,0
P003406,45,Female,36.3,128,59,87,186.0,,186.0,9,1,4,1,4,1,0,0,0,Current,Moderate,Low,Home Health Care,1,Private,Emergency,1
P005323,54,Male,32.4,116,73,78,101.0,5.2,236.0,6,0,5,0,2,0,0,1,0,Current,Low,High,Home Health Care,1,Private,Urgent,0
P002940,53,Male,32.9,128,70,67,,7.8,226.0,4,2,10,2,4,1,0,0,0,Never,None,High,Home,1,Private,Emergency,0
P001209,98,Female,30.1,127,77,84,187.0,8.3,,2,0,6,0,3,1,1,1,0,Never,Low,Moderate,Home,0,Medicare,Emergency,1
P005956,66,Male,24.8,108,75,84,159.0,7.8,166.0,4,2,4,0,2,1,0,0,0,Never,High,High,Rehabilitation,1,Medicare,Elective,0
P001953,37,Female,23.4,124,73,72,128.0,6.2,202.0,0,2,7,1,1,0,0,0,0,Former,Low,Moderate,Home,1,Medicare,Emergency,0
P002952,75,Male,32.3,153,90,77,133.0,5.9,147.0,8,0,14,1,2,0,1,0,0,Never,None,Moderate,Home Health Care,0,Medicare,Emergency,0
P003811,68,Male,35.5,113,71,63,154.0,6.4,183.0,0,0,9,1,0,0,0,0,0,Former,None,Moderate,Home,1,Medicare,Emergency,0
P004186,70,Male,33.1,133,77,82,195.0,8.1,218.0,2,2,2,0,1,1,0,0,0,Former,Low,High,Home,1,Medicare,Urgent,0
P000454,95,Male,28.3,153,91,93,121.0,5.8,186.0,4,1,4,2,2,0,1,1,0,Current,None,Moderate,Home,0,Medicare,Elective,1
P002210,57,Female,25.3,119,86,79,85.0,4.5,195.0,3,0,7,0,2,0,0,0,1,Current,Moderate,Moderate,Home,1,Medicaid,Emergency,0
P002213,83,Male,26.7,151,68,71,158.0,5.2,162.0,6,1,2,1,3,0,1,0,1,,Moderate,Low,Skilled Nursing Facility,1,Private,Urgent,1
P000066,76,Male,26.2,149,93,92,112.0,6.0,154.0,8,1,6,0,5,0,1,1,1,Current,Low,Low,Skilled Nursing Facility,1,Medicare,Urgent,0
P004900,57,Female,38.6,156,88,95,158.0,7.7,284.0,8,0,6,2,3,1,1,0,0,Current,Low,Low,Home,1,Medicaid,Urgent,0
P005278,57,Female,32.2,116,76,82,82.0,5.2,267.0,3,2,9,2,2,0,0,0,0,Current,Low,High,Home Health Care,1,Uninsured,Emergency,1
P003392,38,Female,28.7,126,83,79,125.0,6.4,212.0,3,0,3,2,2,0,0,0,0,Former,Low,Moderate,Home,0,Private,Urgent,0
P004848,73,Female,30.0,149,79,79,179.0,8.1,212.0,5,1,16,1,5,1,1,1,0,Former,None,Low,Rehabilitation,0,Medicare,Emergency,1
P000482,85,Female,17.9,139,80,78,97.0,4.8,159.0,1,2,3,0,0,0,0,0,0,Never,High,Low,Home Health Care,0,Medicaid,Emergency,0
P000377,61,Male,31.4,113,86,63,195.0,8.3,170.0,6,0,3,0,2,1,0,0,1,Never,Low,Low,Home,1,Private,Urgent,0
P005611,78,Female,28.7,143,90,79,100.0,,190.0,4,1,4,0,1,0,1,0,0,Never,Moderate,Moderate,Skilled Nursing Facility,1,Uninsured,Urgent,0
P000901,70,Female,28.5,126,89,86,106.0,5.3,175.0,2,2,6,1,3,0,1,1,0,Former,Low,Moderate,Rehabilitation,1,Medicare,Elective,0
P000481,67,Female,20.7,118,80,98,144.0,7.4,224.0,4,3,4,1,3,1,0,0,1,Current,None,Moderate,Home,1,Private,Elective,1
P004954,37,Male,27.0,109,83,103,95.0,,,3,0,6,1,0,0,0,0,0,Never,Low,Low,Home,1,Medicaid,Emergency,0
P000238,62,Female,28.4,128,69,54,188.0,7.2,,4,1,5,2,3,1,1,0,0,Current,Moderate,High,Home,1,Private,Urgent,0
P000205,33,Female,25.4,87,69,87,169.0,7.6,164.0,3,0,7,0,1,1,0,0,0,Former,,Moderate,Rehabilitation,1,Private,Elective,0
P000799,79,Female,29.4,163,99,93,161.0,7.8,163.0,6,1,8,1,4,1,1,1,1,Never,,Low,Skilled Nursing Facility,0,Medicare,Urgent,1
P000107,50,Male,29.4,168,89,70,126.0,5.7,236.0,2,0,3,0,1,0,1,0,0,Never,Low,Moderate,Rehabilitation,1,Private,Urgent,0
P003297,71,Female,30.4,136,83,67,125.0,6.2,194.0,3,0,2,0,3,0,1,1,0,Former,Moderate,Low,Home,0,Medicare,Emergency,0
P000275,88,Female,,142,80,90,73.0,5.1,158.0,8,0,7,1,2,0,1,0,0,Never,Low,Low,Home,0,Medicare,Emergency,0
P005151,88,Female,32.8,145,65,95,125.0,5.3,210.0,7,1,47,2,3,0,1,1,0,Former,None,Moderate,Home Health Care,0,Medicare,Elective,1
P005093,44,Female,23.6,117,86,73,148.0,8.2,228.0,8,1,5,0,3,1,0,0,1,Former,Moderate,Low,Home,1,Medicare,Emergency,0
P002661,49,Female,29.0,116,73,86,,7.8,160.0,4,1,4,2,2,1,0,0,0,Former,None,Moderate,Home,1,Uninsured,Elective,0
P003859,58,Male,31.4,139,88,111,144.0,5.4,237.0,1,0,12,2,1,0,1,0,0,Former,Moderate,Moderate,Home,0,Uninsured,Emergency,1
P002084,66,Female,26.7,135,70,101,106.0,4.4,208.0,5,0,4,1,3,0,1,0,0,Never,None,Low,Home Health Care,1,Medicare,Emergency,0
P000231,42,Male,25.9,144,74,88,106.0,5.0,145.0,1,0,4,0,1,0,0,0,1,Never,Low,High,Home Health Care,1,Private,Elective,0
P004352,47,Male,37.2,119,73,65,66.0,4.5,213.0,5,1,4,0,1,0,0,0,0,Current,Low,Moderate,Other,1,Private,Emergency,0
P002563,84,Male,16.8,113,79,74,85.0,5.2,255.0,1,1,5,1,0,0,0,0,0,Former,Moderate,Moderate,Home,0,Medicare,Elective,1
P003651,85,Female,35.1,134,80,82,168.0,6.6,201.0,4,0,2,1,2,1,1,0,0,Former,High,High,Skilled Nursing Facility,0,Medicaid,Urgent,0
P004718,59,Male,24.3,132,87,60,97.0,4.8,137.0,7,2,6,0,2,0,0,0,0,Never,Low,Moderate,Home,0,Uninsured,Emergency,0
P001583,72,Male,33.5,108,75,53,148.0,7.2,226.0,3,0,4,2,2,1,0,0,0,Never,Low,High,Home,1,Medicare,Elective,0
P002902,43,Male,30.4,154,87,90,85.0,4.4,234.0,2,0,6,1,1,0,0,0,1,Never,Moderate,Moderate,Skilled Nursing Facility,1,Uninsured,Urgent,0
P000538,81,Female,35.3,142,87,78,156.0,7.6,213.0,6,0,4,0,3,1,1,1,0,Never,Low,High,Skilled Nursing Facility,1,Medicare,Urgent,0
P003123,74,Female,25.1,127,78,78,120.0,5.5,257.0,1,0,69,1,0,0,0,0,0,Never,None,High,Home,1,Private,Emergency,0
P002490,64,Male,33.0,146,82,102,143.0,5.0,110.0,3,1,5,2,1,0,1,0,0,Former,Low,Moderate,Other,0,Private,Emergency,1
P004620,73,Female,23.5,162,102,117,153.0,7.9,198.0,9,1,6,2,4,1,1,1,1,,Low,Low,Home,1,Medicare,Emergency,0
P002608,61,Female,31.6,118,57,106,157.0,6.9,236.0,6,2,6,0,3,1,0,0,0,,None,Moderate,Home Health Care,1,Private,Emergency,0
P002528,58,Other,26.6,112,79,94,102.0,4.8,120.0,3,0,5,1,1,0,1,0,0,Former,,Moderate,Home,1,Private,Emergency,0
P003733,100,Female,34.3,113,69,71,147.0,,155.0,3,0,5,0,1,1,0,0,0,Never,Low,Low,Home Health Care,1,Medicare,Elective,0
P003736,57,Male,,120,75,82,108.0,5.6,201.0,8,3,3,2,3,0,0,0,0,Never,Low,High,Rehabilitation,1,Private,Elective,0
P005437,55,Female,15.0,112,62,92,195.0,7.3,155.0,4,2,6,1,1,1,0,0,0,Former,None,Moderate,Rehabilitation,1,Private,Emergency,0
P000750,51,Male,24.1,166,101,59,182.0,7.9,209.0,3,1,7,6,3,1,1,0,1,Current,High,High,Home Health Care,1,Medicaid,Emergency,0
P000170,63,Female,,111,73,72,114.0,6.0,171.0,0,1,6,0,0,0,0,0,0,Never,High,Moderate,Home,1,Private,Elective,0
P000503,53,Male,31.6,126,87,99,254.0,8.8,166.0,7,0,8,0,3,1,0,1,0,Never,Moderate,High,Home,1,Private,Emergency,0
P001575,42,Male,29.7,155,97,69,127.0,5.2,110.0,1,1,2,0,1,0,0,0,0,Never,Low,Low,Home,1,Uninsured,Urgent,0
P001456,62,Other,21.4,117,75,72,,4.4,238.0,2,1,6,0,2,0,0,0,0,Never,None,Low,Home,1,Medicare,Emergency,0
P004253,71,Male,30.7,126,74,55,120.0,4.8,217.0,1,0,2,0,0,0,0,0,0,Never,Moderate,High,Home,0,Medicare,Emergency,1
P003861,46,Male,26.7,136,83,97,85.0,,197.0,7,2,4,1,3,0,1,0,0,Former,Low,Moderate,Home,1,Medicaid,Elective,0
P004758,77,Male,27.1,111,77,69,76.0,5.0,252.0,3,1,3,2,1,0,0,0,0,Former,None,High,Home Health Care,1,Medicare,Emergency,0
P000787,65,Female,29.2,116,81,62,117.0,5.2,204.0,3,0,4,0,0,0,0,0,0,Former,Moderate,Moderate,Home,1,Medicare,Emergency,0
P002450,76,Male,30.4,115,64,50,190.0,7.6,266.0,1,2,3,3,1,1,0,0,0,Never,High,Moderate,Skilled Nursing Facility,0,Medicare,Urgent,1
P005306,91,Female,31.8,121,68,64,160.0,7.8,155.0,3,0,2,0,1,1,0,0,0,Current,Moderate,Low,Skilled Nursing Facility,0,Medicare,Urgent,0
P001621,73,Male,22.7,110,69,101,70.0,4.7,211.0,1,1,2,0,1,0,0,0,0,Never,None,Moderate,Rehabilitation,1,Medicare,Urgent,0
P000417,80,Male,38.7,161,87,87,213.0,8.0,249.0,8,0,3,1,2,1,1,0,0,Never,Low,Moderate,Home,1,Medicare,Emergency,0
P000220,54,Female,26.2,152,94,87,86.0,5.3,194.0,6,0,4,0,3,0,1,1,0,Current,Moderate,Moderate,Home,1,Private,Emergency,0
P005999,67,Male,29.8,114,73,75,73.0,5.7,192.0,2,0,7,2,1,0,1,0,0,Never,None,Moderate,Home Health Care,1,Medicare,Emergency,0
P004966,66,Male,15.4,135,81,65,103.0,5.0,167.0,2,1,11,0,2,0,1,0,1,Never,Moderate,Low,Home,0,Medicare,Emergency,0
P004569,74,Male,40.5,172,89,95,392.0,7.1,207.0,6,2,8,0,5,1,1,1,1,Never,Low,High,Home,1,Medicare,Emergency,0
P002791,86,Female,24.3,135,82,86,139.0,7.1,267.0,4,2,6,3,4,1,1,0,0,Never,Low,High,Skilled Nursing Facility,1,Private,Emergency,0
P002633,63,Female,33.8,136,83,87,187.0,6.9,174.0,4,1,8,1,2,1,1,0,0,Former,None,High,Skilled Nursing Facility,0,Medicaid,Urgent,1
P003361,63,Female,20.7,126,89,87,84.0,5.4,195.0,3,0,5,0,1,0,0,0,0,Current,Low,Low,Home,0,Medicaid,Emergency,0
P002900,76,Male,26.1,120,80,100,100.0,5.0,141.0,4,1,7,1,2,0,1,0,0,Current,Low,Low,Home Health Care,1,Medicare,Emergency,0
P005595,71,Female,26.6,127,81,66,200.0,8.8,208.0,9,1,7,3,5,1,1,0,1,Former,Low,Moderate,Home,1,Uninsured,Emergency,1
P000338,69,Female,28.5,104,55,66,174.0,8.5,138.0,5,1,5,0,2,1,0,0,0,Never,None,Moderate,Home Health Care,1,Medicare,Urgent,0
P002112,71,Female,30.7,126,75,92,182.0,,225.0,2,1,10,4,4,0,1,0,1,Never,Moderate,Moderate,Home,0,Medicare,Emergency,0
P000886,68,Male,26.6,110,85,77,153.0,7.3,236.0,5,2,6,2,4,1,1,0,1,Never,None,Low,Home,1,Medicare,Emergency,0
P005430,98,Female,38.5,152,96,67,190.0,7.9,248.0,6,0,12,1,5,1,1,1,1,Never,Low,Low,Skilled Nursing Facility,1,Medicare,Emergency,1
P003831,49,Male,39.5,118,79,115,151.0,7.6,175.0,3,2,7,1,3,1,1,0,0,Current,Low,Moderate,Home,1,Private,Emergency,0
P001086,58,Male,20.3,114,72,64,94.0,4.8,130.0,2,0,3,1,0,0,0,0,0,Former,None,Low,Home,1,Uninsured,Elective,1
P000254,49,Female,19.1,93,62,71,104.0,5.5,244.0,7,2,4,3,3,0,0,0,0,Former,Low,High,Home,1,Private,Emergency,0
P003108,66,Female,27.3,135,91,53,84.0,5.2,174.0,1,3,5,0,1,0,1,0,0,Former,None,High,Home,0,Private,Elective,0
P005733,85,Male,34.0,153,72,113,197.0,8.5,204.0,6,3,5,2,3,1,0,1,1,Never,None,Low,Skilled Nursing Facility,0,Private,Emergency,0
P001227,75,Female,,121,71,85,99.0,5.1,186.0,3,1,4,0,2,0,1,0,0,Never,,Moderate,Skilled Nursing Facility,1,Medicaid,Emergency,0
P003756,57,Male,35.9,127,82,90,190.0,8.3,,1,0,4,0,2,1,1,0,0,Never,Low,Low,Home,1,Medicare,Emergency,0
P002155,67,Male,27.9,149,104,83,206.0,7.5,119.0,9,0,4,2,2,1,1,0,0,Current,None,Moderate,Home Health Care,1,Medicare,Urgent,0
P001457,98,Other,26.7,112,71,83,177.0,7.5,475.0,7,3,10,1,2,1,0,1,0,Never,Low,Moderate,Skilled Nursing Facility,0,Medicaid,Emergency,1
P000081,71,Male,28.0,113,69,86,113.0,4.5,208.0,1,1,4,2,1,0,0,0,0,Former,None,Low,Home,0,Uninsured,Elective,0
P002099,37,Male,31.3,109,67,76,91.0,4.5,282.0,3,0,9,3,2,0,0,1,0,Former,Moderate,Moderate,Home,0,Private,Urgent,0
P004187,70,Female,22.7,142,82,84,123.0,5.6,196.0,6,3,6,1,3,0,1,0,0,Never,Moderate,Low,Home Health Care,1,Medicaid,Emergency,1
P003192,52,Male,26.1,110,68,69,84.0,5.0,236.0,4,0,9,0,1,0,1,0,0,Never,Low,Low,Home,0,Private,Urgent,0
P001303,73,Male,24.2,133,65,90,182.0,8.0,139.0,2,1,3,0,2,1,0,0,0,Former,None,Low,Home,1,Medicare,Elective,0
P005101,51,Male,25.0,99,71,83,89.0,5.7,215.0,3,0,4,1,1,0,0,0,0,Former,Moderate,Low,Home Health Care,0,Private,Urgent,0
P005252,85,Female,27.2,178,107,74,75.0,5.6,210.0,2,4,8,1,2,0,1,0,0,Current,None,Moderate,Skilled Nursing Facility,0,Medicaid,Emergency,1
P001797,59,Male,21.6,146,74,62,110.0,5.2,237.0,0,0,7,1,0,0,0,0,0,Former,None,Moderate,Home,0,Medicaid,Emergency,0
P000342,69,Male,27.0,129,87,95,102.0,5.1,151.0,4,1,5,1,1,0,0,0,0,Former,None,Moderate,Home,1,Medicare,Emergency,1
P005352,68,Male,29.3,111,58,78,121.0,5.0,149.0,4,2,4,0,3,0,0,0,0,Current,Moderate,Moderate,Home,1,Medicare,Elective,0
P002682,61,Female,31.1,133,76,96,212.0,7.7,215.0,8,1,11,1,6,1,1,1,0,Current,High,Moderate,Home,1,Medicaid,Urgent,1
P004937,68,Female,29.3,130,89,76,216.0,7.2,149.0,5,2,7,2,4,1,0,0,1,Never,None,Moderate,Home,0,Private,Emergency,1
P001641,42,Female,29.4,131,73,92,81.0,5.0,200.0,0,0,4,0,0,0,0,0,0,Former,None,Low,Home,1,Private,Elective,0
P005145,39,Male,30.1,126,81,60,93.0,5.0,228.0,3,0,5,1,1,0,0,0,0,Never,Low,Moderate,Home,1,Private,Emergency,0
P002341,86,Female,24.6,148,94,86,140.0,7.3,129.0,3,2,7,1,2,1,0,0,0,Current,Low,Moderate,Home,1,Medicare,Emergency,0
P000028,69,Male,26.6,131,76,64,66.0,4.0,174.0,6,0,2,1,1,0,0,0,0,Never,Moderate,Moderate,Home,1,Medicare,Elective,0
P002732,44,Female,29.7,120,77,94,60.0,4.7,154.0,1,0,3,0,0,0,0,0,0,Never,Low,Low,Home Health Care,1,Private,Urgent,0
P001197,46,Male,30.5,119,78,89,70.0,6.0,240.0,0,1,2,1,0,0,0,0,0,,None,High,Home,0,Private,Urgent,0
P003055,57,Female,30.1,124,65,70,208.0,8.0,,5,1,6,3,2,1,0,0,0,Never,Low,Moderate,Home,1,Private,Emergency,0
P003164,74,Male,25.2,115,66,85,,,212.0,2,0,2,0,0,0,0,0,0,Never,Moderate,High,Home,1,Medicare,Emergency,0
P005090,94,Female,31.1,116,65,76,213.0,8.7,257.0,8,0,6,1,3,1,0,0,0,Never,Low,High,Home,0,Medicare,Elective,0
P001872,56,Female,28.9,111,61,82,136.0,5.3,110.0,1,3,6,1,3,0,1,0,0,,Moderate,Moderate,Home,1,Private,Emergency,0
P005664,68,Male,23.8,94,59,82,140.0,5.0,133.0,2,0,5,0,2,0,0,0,0,Former,High,Low,Home Health Care,0,Uninsured,Emergency,0
P003903,41,Male,28.9,140,68,103,114.0,6.2,247.0,3,0,1,1,0,0,0,0,0,Former,None,Moderate,Home,0,Medicaid,Elective,1
P001379,68,Male,21.2,140,64,92,119.0,5.6,186.0,1,1,4,0,1,0,1,0,0,Never,None,Moderate,Home,1,Medicare,Urgent,0
P002073,34,Female,37.0,115,68,90,152.0,,,7,1,8,0,1,0,0,1,0,Never,Moderate,Low,Home,0,Private,Emergency,0
P002418,55,Female,38.1,136,71,89,138.0,5.5,152.0,10,2,7,0,3,0,0,1,0,Never,Moderate,Moderate,Home,1,Private,Emergency,0
P001096,82,Female,27.7,119,83,83,149.0,7.3,235.0,6,3,4,1,3,1,1,0,1,Never,Low,High,Skilled Nursing Facility,1,Medicare,Elective,0
P004194,49,Male,17.1,113,68,79,126.0,6.2,145.0,1,0,2,0,0,0,0,0,0,Former,Low,Low,Home,0,Medicare,Urgent,0
P002208,71,Female,39.9,139,68,85,183.0,7.2,314.0,6,3,4,1,3,1,0,1,0,Never,Low,Moderate,Skilled Nursing Facility,0,Private,Emergency,1
P001842,64,Female,25.8,130,83,62,128.0,5.4,155.0,0,3,3,1,2,0,1,0,0,,None,Moderate,Home,0,Medicare,Urgent,0
P004526,46,Male,15.6,122,81,91,102.0,5.1,274.0,1,1,10,0,0,0,0,0,0,Former,High,Moderate,Home,1,Private,Emergency,0
P005118,61,Female,39.6,157,99,71,132.0,5.9,215.0,1,0,5,0,2,0,1,1,0,Current,Low,Low,Home,1,Private,Elective,0
P002422,60,Female,25.7,138,78,70,120.0,6.1,165.0,4,1,7,2,3,0,1,0,0,Current,None,Low,Home,1,Medicaid,Emergency,0
P000063,66,Male,41.8,144,77,89,76.0,5.0,189.0,4,3,8,1,1,0,1,0,0,Never,Low,Low,Home,1,Medicare,Elective,0
P004107,28,Other,30.3,102,72,82,82.0,4.0,146.0,1,0,7,1,2,0,0,0,0,Former,High,High,Home,1,Medicaid,Urgent,0
P005607,61,Male,28.7,145,81,80,126.0,5.7,190.0,4,0,4,1,1,0,0,0,1,Former,High,Low,Home,1,Private,Elective,0
P000366,86,Female,23.4,144,91,97,88.0,6.2,164.0,6,3,7,2,3,0,1,1,0,Never,Moderate,Moderate,Home Health Care,1,Medicare,Urgent,0
P004485,65,Female,31.7,132,86,83,122.0,5.6,110.0,5,1,7,2,3,0,1,0,0,Current,Moderate,Moderate,Skilled Nursing Facility,0,Private,Elective,1
P001848,47,Male,21.2,138,97,67,60.0,4.6,136.0,5,0,5,1,3,0,1,0,0,Never,Low,Low,Home,0,Medicaid,Elective,0
P002913,64,Other,34.6,123,85,92,86.0,5.5,248.0,5,1,7,0,1,0,1,0,0,Current,Moderate,Low,Home Health Care,1,Medicaid,Emergency,0
P003248,44,Female,15.0,106,64,75,79.0,5.6,288.0,3,1,3,0,1,0,0,0,0,Never,Low,Low,Home,0,Private,Emergency,0
P002408,59,Female,34.3,110,80,82,185.0,7.8,181.0,4,1,8,2,3,1,0,1,1,Never,Low,High,Rehabilitation,1,Private,Emergency,1
P000903,62,Male,30.3,122,78,57,118.0,5.7,220.0,2,0,5,0,0,0,0,0,0,Current,None,High,Home,0,Medicare,Emergency,0
P005898,89,Female,32.1,136,101,67,151.0,7.2,223.0,7,3,10,3,4,1,1,0,1,Former,None,Moderate,Home,1,Private,Urgent,0
P003341,59,Male,37.5,119,80,74,165.0,8.0,190.0,1,0,4,2,1,1,0,0,0,Former,,High,Home Health Care,1,Medicaid,Urgent,0
P002667,58,Other,31.7,120,77,83,113.0,,200.0,0,1,5,0,0,0,0,0,0,Never,Moderate,Moderate,Home,1,Private,Emergency,0
P003634,62,Female,29.7,132,81,80,159.0,7.4,225.0,9,3,8,5,4,1,1,1,0,Former,Low,Low,Home,1,Medicaid,Elective,1
P000907,61,Male,18.0,109,57,62,,5.8,207.0,4,1,4,0,2,0,1,1,0,,Low,Moderate,Home,0,Private,Emergency,0
P000842,65,Female,23.9,145,78,81,123.0,6.1,201.0,2,1,3,0,1,0,1,0,0,Former,Moderate,Moderate,Home,1,Medicare,Urgent,0
P004184,99,Male,26.4,134,79,99,123.0,4.5,276.0,5,2,6,1,2,0,1,1,0,Current,,Low,Skilled Nursing Facility,0,Private,Emergency,1
P001761,46,Male,33.5,125,80,91,70.0,5.5,151.0,4,1,5,1,1,0,0,1,0,Never,None,Low,Home,1,Private,Emergency,0
P003003,93,Male,32.7,122,75,119,111.0,5.1,213.0,4,0,8,1,1,0,0,1,0,Never,Low,Low,Skilled Nursing Facility,1,Medicare,Emergency,0
P002104,76,Male,22.8,139,70,80,176.0,7.9,257.0,3,3,3,4,2,1,1,0,0,Former,None,Low,Home Health Care,1,Private,Urgent,0
P005641,58,Male,31.3,138,73,83,111.0,5.1,216.0,5,1,2,0,2,0,0,1,0,Never,Moderate,Moderate,Skilled Nursing Facility,1,Uninsured,Elective,0
P001960,55,Female,25.0,143,96,67,,,204.0,2,0,7,0,1,0,0,0,0,Never,High,Low,Home,1,Private,Emergency,0
P001602,81,Female,28.3,144,86,77,109.0,5.0,201.0,2,0,6,1,1,0,0,1,0,Never,High,Low,Home Health Care,0,Medicare,Emergency,0
P000763,75,Female,29.0,130,84,77,83.0,4.5,219.0,10,0,10,2,4,0,1,0,0,Never,Low,Moderate,Rehabilitation,1,Medicare,Emergency,0
P005188,64,Male,25.9,151,77,79,116.0,5.0,218.0,5,1,7,0,2,0,1,0,0,Former,Low,High,Home,1,Private,Elective,0
P005355,64,Male,30.2,158,103,60,218.0,7.8,235.0,1,2,3,1,2,1,1,0,0,Former,Moderate,Low,Skilled Nursing Facility,0,Uninsured,Urgent,1
P004202,34,Female,24.7,125,79,79,88.0,5.4,142.0,7,4,4,2,2,0,0,0,0,Current,None,Low,Home,0,Private,Urgent,1
P003459,61,Male,31.6,149,88,73,93.0,4.9,183.0,6,2,7,2,2,0,1,0,0,Never,Low,Low,Home,1,Medicare,Elective,1
P005161,63,Female,33.8,143,81,72,74.0,4.7,110.0,6,0,10,0,1,0,1,0,0,Former,Low,Low,Home,0,Private,Emergency,0
P001521,45,Male,24.5,105,67,80,94.0,5.3,177.0,4,0,4,0,1,0,0,0,0,Never,None,Moderate,Home,1,Uninsured,Emergency,0
P004380,44,Female,34.6,125,78,88,107.0,5.0,253.0,5,5,4,1,2,0,0,0,1,Current,None,Low,Home,0,Private,Emergency,1
P003478,61,Female,42.6,114,73,60,216.0,7.9,172.0,8,1,7,0,3,1,0,0,0,Never,Low,High,Skilled Nursing Facility,1,Private,Emergency,1
P004405,63,Female,35.1,133,68,82,80.0,4.5,232.0,3,3,9,2,3,0,1,1,0,Never,Moderate,Moderate,Home,1,Medicare,Emergency,0
P002722,83,Male,30.5,132,84,75,167.0,8.0,147.0,5,1,6,0,2,1,0,1,0,Never,None,Moderate,Rehabilitation,0,Medicare,Emergency,1
P000480,100,Male,32.9,143,73,64,109.0,5.5,127.0,2,3,9,0,1,0,0,1,0,Never,Moderate,Low,Skilled Nursing Facility,0,Medicare,Urgent,1
P004252,57,Male,16.5,140,87,87,86.0,4.4,140.0,1,2,5,2,1,0,0,0,0,Former,Moderate,Moderate,Home,1,Private,Emergency,0
P000044,67,Female,26.6,124,67,80,87.0,5.5,110.0,1,0,9,0,1,0,0,0,0,Former,Moderate,Moderate,Home,1,Medicare,Emergency,0
P003496,63,Female,16.8,117,75,61,85.0,4.9,152.0,2,2,2,0,0,0,0,0,0,Never,Moderate,High,Home,1,Medicaid,Emergency,0
P004523,62,Male,19.7,136,84,58,107.0,5.4,244.0,5,0,5,2,2,0,1,1,0,Former,Low,Moderate,Rehabilitation,1,Private,Elective,0
P001994,78,Female,31.2,153,91,59,95.0,4.8,207.0,8,1,5,0,3,0,1,1,0,Current,None,High,Skilled Nursing Facility,0,Private,Elective,0
P002258,68,Female,21.2,132,82,90,70.0,,172.0,4,4,5,2,2,0,1,0,0,Former,Low,Low,Home,1,Medicare,Urgent,0
P001301,65,Female,29.6,117,78,72,179.0,8.2,218.0,3,1,5,0,1,1,0,0,0,Never,None,Moderate,Rehabilitation,0,Medicaid,Urgent,0
P005767,57,Female,24.7,129,75,55,129.0,6.1,177.0,3,1,4,0,1,0,0,0,0,Never,,Moderate,Home,0,Medicare,Elective,0
P001936,88,Male,45.6,147,86,84,162.0,7.9,229.0,6,2,5,1,4,1,1,1,1,Former,Low,Low,Home,1,Medicare,Urgent,0
P004807,94,Female,30.6,152,91,89,235.0,8.1,168.0,8,1,3,0,3,1,1,0,0,Never,None,High,Home,0,Medicare,Elective,0
P002887,72,Female,18.6,135,69,81,178.0,8.1,195.0,2,4,5,5,2,1,0,0,1,Current,Low,Low,Home,0,Medicare,Emergency,1
P005765,59,Female,18.0,120,52,77,100.0,5.2,274.0,5,1,5,4,2,0,0,1,0,Never,Low,High,Rehabilitation,0,Private,Emergency,0
P002396,47,Male,37.4,121,55,83,115.0,5.1,153.0,3,1,5,0,0,0,0,0,0,Former,Low,Low,Home,1,Private,Urgent,0
P005905,90,Female,28.8,151,83,80,112.0,5.9,226.0,2,1,3,2,1,0,1,0,0,Never,None,Moderate,Home,1,Medicaid,Emergency,0
P005439,69,Male,34.7,115,69,83,181.0,8.7,142.0,4,2,5,2,3,1,0,0,0,Never,None,Moderate,Home,0,Medicare,Elective,1
P004943,60,Female,34.9,111,88,66,60.0,5.1,190.0,5,0,60,1,1,0,0,0,1,Never,Low,Moderate,Rehabilitation,1,Medicaid,Elective,0
P005676,56,Female,28.9,115,70,84,60.0,4.0,166.0,3,2,3,2,1,0,0,0,0,Current,Low,Moderate,Home,0,Uninsured,Emergency,0
P001469,43,Male,34.4,131,84,79,184.0,8.2,165.0,4,0,6,2,2,1,1,0,0,Never,High,Moderate,Home,1,Medicaid,Elective,0
P001234,65,Male,26.0,125,74,93,110.0,5.9,196.0,4,3,2,2,2,0,1,0,0,Former,None,Low,Home,1,Medicaid,Urgent,0
P003521,53,Female,28.2,128,75,66,133.0,7.3,110.0,3,3,6,0,2,1,0,0,0,Former,High,Low,Home,0,Private,Emergency,0
P002888,66,Male,29.6,131,76,71,85.0,4.9,143.0,2,0,4,0,1,0,1,0,0,Current,None,Moderate,Home,1,Medicare,Emergency,0
P003882,85,Female,37.0,157,99,90,154.0,7.7,195.0,3,2,8,4,5,1,1,1,0,Never,None,Low,Skilled Nursing Facility,1,Medicare,Emergency,1
P003562,66,Female,25.3,158,96,65,123.0,5.6,235.0,1,2,6,1,1,0,1,0,0,Former,Low,Low,Home,0,Medicare,Elective,0
P005694,86,Female,22.9,170,95,72,146.0,5.2,,5,1,4,0,3,0,1,1,0,Never,High,Moderate,Home,1,Medicare,Elective,0
P002289,79,Female,15.0,147,80,84,89.0,5.0,203.0,5,1,7,2,2,0,1,0,0,Never,None,High,Skilled Nursing Facility,1,Medicare,Emergency,1
P002369,51,Female,23.9,96,68,74,157.0,7.9,142.0,1,0,8,1,1,1,0,0,0,Current,Low,High,Skilled Nursing Facility,1,Private,Emergency,0
P002586,79,Male,36.3,129,85,67,,8.0,192.0,9,3,5,1,6,1,1,0,1,Current,Moderate,Moderate,Home Health Care,1,Medicare,Elective,0
P001813,68,Male,,125,77,75,,7.0,174.0,3,0,3,0,2,1,0,1,0,Never,Moderate,Low,Skilled Nursing Facility,1,Private,Elective,0
P005882,59,Female,40.5,150,95,78,281.0,8.3,203.0,2,3,6,2,2,1,1,0,0,Never,Moderate,Moderate,Home Health Care,1,Private,Emergency,0
P004800,58,Female,21.6,139,79,91,90.0,5.0,186.0,3,1,4,1,0,0,0,0,0,Former,Moderate,Low,Home Health Care,0,Private,Elective,0
P002758,69,Female,25.1,160,104,81,88.0,5.4,191.0,5,0,10,1,2,0,1,0,0,Former,Low,Moderate,Home,0,Medicare,Elective,0
P004836,53,Male,16.8,128,83,77,108.0,5.9,186.0,9,0,5,0,2,0,0,0,0,Never,,Low,Home Health Care,0,Medicaid,Elective,0
P000177,88,Male,29.9,153,88,45,213.0,8.1,269.0,4,0,6,1,4,1,1,1,1,Never,None,Moderate,Home Health Care,1,Private,Urgent,1
P001035,56,Male,26.3,144,82,78,73.0,5.4,194.0,3,0,4,1,2,0,1,0,0,Former,None,High,Home,1,Private,Urgent,0
P001226,72,Male,19.6,142,76,51,79.0,,114.0,3,0,5,0,1,0,0,0,0,Former,None,Low,Home,1,Uninsured,Elective,0
P000052,73,Female,29.8,123,77,73,,5.0,229.0,2,0,6,1,0,0,0,0,0,Former,None,Moderate,Home,0,Medicaid,Emergency,0
P000160,46,Female,32.6,145,63,45,,7.0,216.0,3,1,11,4,4,1,1,1,0,Current,Low,Low,Home,1,Private,Emergency,0
P004041,65,Male,32.0,123,81,78,107.0,5.1,,1,1,5,1,0,0,0,0,0,Never,Moderate,Moderate,Home,1,Medicare,Emergency,0
P004658,65,Female,40.4,141,87,77,178.0,8.3,212.0,8,2,6,0,4,1,1,0,0,Never,Moderate,Low,Home Health Care,1,Medicaid,Emergency,1
P004808,55,Male,22.0,136,70,68,156.0,7.4,178.0,3,1,3,1,1,1,0,0,0,Never,None,Low,Home,0,Private,Emergency,1
P005873,67,Female,28.1,98,69,86,102.0,,188.0,2,1,6,0,0,0,0,0,0,Never,Low,Low,Other,1,Medicare,Emergency,0
P001465,79,Female,24.9,144,78,82,204.0,6.9,200.0,5,2,3,2,3,1,1,0,0,Current,Low,Moderate,Home Health Care,0,Medicare,Elective,0
P000836,51,Female,18.1,152,71,71,117.0,5.2,235.0,5,1,4,1,1,0,1,0,0,Never,Low,Moderate,Home,1,Medicaid,Urgent,0
P000376,99,Female,29.0,127,73,96,90.0,5.7,205.0,6,1,5,1,3,0,1,0,0,Former,Low,Moderate,Rehabilitation,1,Medicare,Emergency,0
P000436,55,Female,28.8,131,71,80,90.0,5.4,186.0,6,1,10,1,3,0,0,1,0,,Low,Low,Home,0,Private,Elective,1
P004951,81,Female,31.1,146,97,75,158.0,7.5,207.0,4,2,7,1,2,1,1,0,0,Never,None,High,Skilled Nursing Facility,1,Medicare,Urgent,0
P000080,59,Female,38.9,105,83,94,129.0,5.0,274.0,3,0,2,0,0,0,0,0,0,Never,Low,High,Home,0,Private,Urgent,0
P004304,55,Male,21.9,120,73,97,81.0,5.0,231.0,5,0,4,0,2,0,0,1,0,Never,Low,Low,Home,1,Uninsured,Urgent,0
P004325,50,Male,26.6,119,80,67,150.0,7.7,203.0,6,1,4,0,2,1,0,0,0,Current,Moderate,Moderate,Rehabilitation,1,Private,Urgent,0
P004721,23,Male,34.0,119,64,85,78.0,5.0,201.0,1,3,8,1,1,0,0,0,0,Former,None,Moderate,Home Health Care,1,Medicaid,Urgent,0
P002821,41,Male,31.1,93,64,88,97.0,,213.0,3,2,5,0,1,0,0,0,0,Current,None,Low,Skilled Nursing Facility,1,Private,Elective,0
P004817,92,Male,30.2,149,95,69,184.0,7.6,,2,1,5,1,3,1,1,1,0,Never,Low,High,Home Health Care,1,Medicare,Emergency,0
P005672,70,Female,36.3,112,80,69,171.0,8.3,196.0,7,0,7,0,2,1,0,0,0,Former,None,Low,Home,1,Medicare,Emergency,0
P001478,42,Male,25.8,110,74,81,82.0,5.1,309.0,1,1,6,0,0,0,0,0,0,Never,Low,High,Home,1,Private,Emergency,0
P004747,75,Male,30.3,138,74,71,97.0,5.8,110.0,3,1,4,1,2,0,1,0,0,Never,Low,High,Home,1,Medicare,Emergency,0
P000092,63,Male,31.6,116,72,88,195.0,7.2,215.0,5,0,9,0,2,1,0,0,0,Never,None,Moderate,Home,1,Private,Emergency,0
P005258,45,Male,25.3,132,81,112,86.0,5.0,186.0,2,0,2,0,1,0,0,0,0,Former,None,High,Home,0,Medicaid,Urgent,0
P001397,73,Male,31.4,143,92,75,60.0,5.3,,3,0,7,0,2,0,1,0,1,Never,Low,Moderate,Home,0,Medicare,Urgent,0
P000348,73,Female,18.5,102,66,55,96.0,5.5,209.0,5,0,6,0,1,0,0,0,0,Never,Low,Low,Home Health Care,1,Uninsured,Urgent,0
P001655,60,Male,16.9,102,66,77,121.0,4.7,181.0,2,1,8,2,1,0,0,0,0,Never,None,Moderate,Home,1,Medicaid,Emergency,1
P005458,83,Male,27.7,146,83,47,101.0,5.2,,4,0,6,0,1,0,0,0,0,Former,None,Moderate,Home,0,Medicare,Elective,0
P001121,71,Male,27.5,152,76,78,60.0,5.1,218.0,4,0,11,0,3,0,1,1,0,Current,Low,Low,Home,1,Medicare,Elective,0
P002724,67,Male,25.7,138,78,85,98.0,5.8,232.0,1,1,2,1,0,0,0,0,0,Former,None,Low,Home,0,Uninsured,Urgent,1
P001551,40,Female,24.3,122,86,72,77.0,5.1,180.0,1,1,6,0,2,0,1,0,0,Never,Low,Low,Home,1,Medicaid,Urgent,0
P004015,67,Female,32.0,134,77,79,214.0,7.3,182.0,6,4,9,6,3,1,1,1,0,Never,Moderate,Moderate,Home,0,Medicare,Emergency,1
P003797,39,Male,27.3,112,78,77,76.0,5.0,233.0,4,0,6,1,1,0,0,0,0,Former,None,Low,Home,1,Uninsured,Emergency,0
P004589,38,Other,27.6,113,69,82,179.0,7.7,253.0,6,7,5,1,4,1,0,0,0,Never,None,High,Home,0,Medicaid,Emergency,1
P001984,60,Female,32.9,121,83,75,151.0,6.7,,2,0,4,1,2,1,0,0,1,Never,None,Moderate,Home,1,Private,Urgent,0
P003098,54,Male,21.8,120,80,76,167.0,7.8,215.0,7,4,7,0,3,1,0,1,0,Never,Low,Low,Rehabilitation,0,Uninsured,Urgent,1
P004297,60,Male,30.8,118,72,54,100.0,5.2,132.0,0,1,4,2,1,0,0,0,0,Former,Moderate,High,Home,1,Private,Elective,0
P001318,70,Male,24.2,143,74,87,107.0,6.2,,6,3,4,1,3,0,1,1,0,Current,None,High,Other,1,Medicare,Elective,1
P005665,79,Female,23.5,120,64,79,83.0,4.9,162.0,0,1,4,2,2,0,0,1,0,Former,High,Low,Home,0,Medicare,Emergency,1
P005982,86,Male,36.0,139,65,101,,8.0,134.0,1,1,4,2,3,1,1,0,0,Former,Moderate,Low,Home,0,Medicare,Emergency,1
P002514,76,Female,31.9,166,95,73,83.0,,110.0,11,2,4,4,4,0,1,1,0,Never,Moderate,Moderate,Home,1,Medicare,Urgent,0
P004818,62,Female,30.3,142,87,79,126.0,5.6,142.0,2,0,10,0,1,0,0,0,0,Current,Low,Low,Home,0,Private,Emergency,0
P001293,58,Male,32.1,109,72,69,110.0,,170.0,3,0,5,1,1,0,0,0,0,Former,Moderate,Low,Home,1,Private,Emergency,0
P005529,61,Female,21.3,136,79,60,107.0,5.4,153.0,5,1,8,0,3,0,1,0,1,Current,Low,Low,Home,1,Medicaid,Emergency,1
P003788,65,Female,23.7,110,57,71,138.0,7.5,127.0,3,0,3,1,2,1,0,0,1,Never,Low,Low,Rehabilitation,1,Private,Urgent,0
P000714,64,Male,37.2,163,91,89,118.0,6.3,245.0,8,2,10,0,3,0,1,1,0,Former,Moderate,High,Home,1,Medicaid,Emergency,0
P000233,69,Female,36.1,136,79,82,189.0,7.1,157.0,2,1,4,0,3,1,0,0,0,Never,None,High,Home,1,Medicare,Elective,0
P004462,63,Male,31.2,126,75,89,120.0,,213.0,3,0,5,1,0,0,0,0,0,Never,Low,High,Home Health Care,1,Private,Elective,0
P002799,73,Female,27.8,119,76,56,168.0,7.0,215.0,7,3,8,4,4,1,1,1,0,Former,Low,Moderate,Home Health Care,1,Medicare,Emergency,1
P003957,53,Female,18.5,118,82,73,122.0,4.6,247.0,4,1,6,0,1,0,0,0,0,Current,Low,High,Home,1,Private,Elective,0
P004007,59,Female,34.5,143,80,104,96.0,5.9,208.0,6,1,2,2,3,0,0,0,0,Former,Moderate,Moderate,Home Health Care,0,Uninsured,Elective,0
P001100,83,Male,30.2,140,82,94,186.0,8.2,153.0,2,4,7,2,3,1,1,0,0,Never,None,High,Skilled Nursing Facility,0,Medicare,Emergency,1
P000110,38,Female,30.8,114,68,67,190.0,8.4,201.0,4,1,4,1,1,1,0,0,0,Never,Low,Low,Home,0,Uninsured,Elective,0
P000535,41,Male,26.1,115,66,77,112.0,6.2,228.0,6,2,4,1,4,0,1,0,0,Never,Moderate,Low,Home,1,Private,Emergency,0
P005265,49,Male,31.8,110,71,73,170.0,7.2,197.0,3,0,3,1,2,1,0,0,0,Former,High,Moderate,Home,0,Private,Emergency,0
P003806,25,Male,56.7,118,74,76,73.0,5.6,237.0,7,4,7,3,4,0,1,0,0,Former,Moderate,Moderate,Home,1,Medicaid,Emergency,1
P005824,61,Female,33.6,108,65,78,121.0,5.2,207.0,1,0,3,1,1,0,0,0,0,Former,Moderate,Low,Home,0,Private,Urgent,0
P004539,47,Female,20.2,141,72,45,102.0,5.2,192.0,1,1,4,1,1,0,0,0,0,,None,Moderate,Home,0,Private,Emergency,0
P004415,62,Female,26.5,96,70,65,90.0,5.1,260.0,3,0,4,0,1,0,0,0,0,Never,High,Low,Home,1,Medicaid,Urgent,0
P003197,44,Male,29.0,120,81,62,109.0,,209.0,2,1,3,1,0,0,0,0,0,Never,None,Moderate,Home Health Care,0,Medicare,Urgent,0
P001087,43,Male,31.1,105,60,55,94.0,4.9,258.0,5,0,4,0,3,0,1,0,0,Never,None,Moderate,Home,0,Private,Emergency,0
P001036,64,Male,27.5,146,79,93,169.0,6.7,196.0,9,0,6,1,3,1,0,0,0,Former,High,Moderate,Rehabilitation,0,Private,Emergency,0
P000445,59,Female,29.5,116,77,90,190.0,7.3,198.0,4,2,4,0,1,1,0,0,0,Current,Moderate,Low,Home,0,Private,Urgent,0
P005189,66,Male,24.2,127,85,67,117.0,4.9,137.0,1,1,8,0,2,0,0,0,0,Current,Low,High,Home,1,Medicare,Emergency,0
P004171,80,Female,39.6,138,79,93,163.0,7.3,270.0,12,4,10,3,6,1,1,1,0,Never,High,Moderate,Home Health Care,0,Medicare,Urgent,1
P003810,70,Female,21.9,145,78,96,97.0,5.2,184.0,4,0,5,0,1,0,1,0,0,Current,Low,Moderate,Home,1,Medicare,Urgent,0
P005357,35,Female,26.8,110,74,67,149.0,5.8,248.0,5,0,5,0,2,0,0,0,1,Never,None,Moderate,Home,1,Private,Emergency,0
P000619,55,Female,22.5,160,89,69,182.0,7.6,187.0,3,1,8,1,3,1,1,0,1,Former,None,Moderate,Home,0,Medicaid,Urgent,0
P002194,65,Male,37.5,108,70,58,130.0,6.3,244.0,2,2,3,1,1,1,0,0,0,Current,None,Low,Home,1,Medicare,Urgent,0
P004101,72,Female,29.0,112,78,83,79.0,5.0,214.0,4,3,5,0,4,0,0,1,0,Never,Moderate,High,Home,1,Medicaid,Urgent,0
P000284,71,Male,28.2,117,55,77,90.0,5.3,175.0,0,0,3,0,0,0,0,0,0,Former,Low,Moderate,Rehabilitation,1,Medicare,Urgent,0
P002137,68,Female,29.0,145,95,72,105.0,,218.0,8,3,6,0,4,0,1,0,0,Never,Low,Moderate,Home,1,Medicare,Elective,0
P005546,89,Male,30.9,152,76,72,120.0,5.5,247.0,8,1,2,1,1,0,1,0,0,Former,None,Moderate,Home Health Care,1,Medicare,Emergency,0
P002960,93,Female,26.8,113,66,93,158.0,5.8,148.0,1,2,2,0,2,0,0,1,0,Former,Moderate,Low,Skilled Nursing Facility,0,Medicare,Urgent,0
P004268,69,Male,27.7,154,86,89,79.0,4.7,253.0,3,0,4,0,1,0,1,0,0,Current,Low,High,Home,1,Medicare,Emergency,0
P002059,55,Female,36.1,132,76,78,119.0,5.7,,4,3,8,0,4,0,1,0,0,Former,Moderate,Low,Home,1,Private,Emergency,0
P003760,37,Female,32.1,87,61,51,88.0,6.7,164.0,1,1,3,0,0,0,0,0,0,Former,None,Moderate,Home,0,Private,Elective,0
P000500,42,Female,15.1,121,74,78,172.0,6.4,182.0,5,0,6,0,0,0,0,0,0,Former,Low,Low,Home,1,Medicaid,Emergency,0
P005810,49,Female,20.9,114,76,93,83.0,5.8,140.0,5,0,8,0,1,0,0,0,0,Former,High,Moderate,Home,1,Uninsured,Emergency,0
P004594,60,Female,25.4,124,81,84,101.0,5.7,175.0,5,0,5,1,1,0,0,0,0,Never,,High,Home,1,Private,Emergency,0
P004420,84,Female,26.6,133,86,86,,5.6,172.0,3,0,4,0,2,0,0,0,0,Never,Low,Moderate,Skilled Nursing Facility,1,Medicare,Elective,0
P004066,70,Male,26.2,142,83,59,69.0,6.0,226.0,5,1,5,0,1,0,1,0,0,Never,Low,Moderate,Home,1,Medicare,Urgent,0
P002871,36,Female,37.6,121,61,71,114.0,4.7,237.0,1,0,3,0,0,0,0,0,0,Current,High,Low,Home,1,Medicaid,Emergency,0
P004004,98,Male,19.5,154,77,77,86.0,4.7,175.0,4,3,5,1,2,0,1,1,0,Never,None,Low,Home,1,Private,Emergency,0
P004221,88,Male,,115,73,87,98.0,5.6,166.0,4,1,2,0,1,0,0,0,1,Former,Moderate,Moderate,Home,1,Medicare,Emergency,0
P002576,70,Female,29.2,130,69,77,183.0,7.2,247.0,2,1,8,0,1,1,0,0,0,Never,High,Low,Home,1,Medicare,Emergency,0
P005149,64,Female,31.4,134,75,92,170.0,6.6,241.0,10,1,3,2,3,1,0,0,1,Current,Low,Low,Home,0,Private,Elective,0
P000385,40,Male,33.7,106,60,64,160.0,7.3,135.0,6,0,8,0,3,1,0,1,0,Current,None,Moderate,Home Health Care,1,Uninsured,Emergency,0
P001113,47,Female,35.0,113,65,105,118.0,5.9,195.0,3,0,3,0,0,0,0,0,0,Current,None,Moderate,Home,1,Medicaid,Emergency,0
P004492,50,Female,24.9,161,93,62,197.0,8.7,239.0,7,2,6,0,4,1,1,1,0,Never,Moderate,Low,Home,1,Private,Urgent,0
P002279,56,Female,30.6,125,79,79,65.0,4.4,116.0,2,2,7,0,3,0,0,0,1,Never,Moderate,Low,Home Health Care,1,Medicare,Emergency,1
P003079,45,Female,22.8,113,63,61,113.0,5.2,255.0,3,0,5,2,1,0,0,0,0,Never,None,Low,Home,0,Medicaid,Emergency,0
P000321,76,Female,26.9,129,72,84,93.0,5.9,256.0,2,1,4,0,2,0,0,0,1,Former,Low,Moderate,Other,1,Private,Emergency,0
P001323,64,Male,25.6,132,84,70,148.0,5.0,110.0,3,2,6,1,2,0,1,0,0,Current,Moderate,Moderate,Home,1,Uninsured,Emergency,0
P002631,65,Male,17.1,122,87,78,,4.9,155.0,4,0,4,2,2,0,1,0,0,Never,High,Moderate,Home,0,Medicare,Elective,0
P000711,64,Male,21.9,128,76,77,60.0,4.2,197.0,3,2,6,0,1,0,0,0,0,Former,Low,Moderate,Home,1,Medicaid,Urgent,0
P000223,67,Male,27.2,130,65,63,127.0,5.5,284.0,2,1,4,0,2,0,0,1,0,Former,None,Moderate,Home,1,Private,Emergency,0
P004979,81,Male,33.9,121,88,68,106.0,5.5,252.0,4,2,5,1,3,0,1,1,0,Former,Moderate,Moderate,Home,1,Medicare,Emergency,0
P003268,63,Male,32.1,121,91,79,201.0,7.5,164.0,3,0,7,0,3,1,0,0,0,Never,Low,High,Home,1,Uninsured,Emergency,0
P003168,55,Male,17.7,150,86,77,91.0,4.0,186.0,5,0,3,0,0,0,0,0,0,Current,Low,High,Home,0,Uninsured,Elective,0
P004825,75,Male,40.0,134,93,83,510.0,,146.0,8,0,7,0,3,1,0,0,0,Former,Moderate,Moderate,Other,1,Medicare,Emergency,1
P003724,78,Male,23.3,148,78,101,73.0,5.1,178.0,7,1,5,0,3,0,1,1,0,Never,None,Moderate,Rehabilitation,1,Medicare,Emergency,0
P001930,75,Other,31.4,148,88,67,196.0,7.7,220.0,2,2,6,2,2,1,1,0,0,Never,Moderate,Moderate,Home,1,Private,Elective,0
P002908,64,Female,,109,77,62,94.0,5.7,,3,1,5,0,2,0,0,0,0,Never,None,Moderate,Home Health Care,1,Private,Urgent,0
P001677,79,Female,,164,76,88,155.0,,142.0,6,2,8,1,3,0,1,1,0,Never,Low,Moderate,Home,0,Medicare,Elective,1
P004811,65,Female,15.0,140,87,87,110.0,5.2,199.0,5,2,6,0,2,0,0,0,0,Never,None,High,Home,0,Medicare,Urgent,0
P005888,94,Female,24.3,140,77,70,82.0,4.8,179.0,7,3,7,0,2,0,1,0,1,,None,Low,Home,1,Private,Emergency,0
P001968,63,Female,24.0,150,93,64,133.0,6.0,123.0,4,2,5,2,2,0,1,1,0,Current,Low,Moderate,Home,0,Private,Elective,1
P001898,71,Female,29.9,119,86,77,167.0,7.8,202.0,5,1,6,0,2,1,0,0,1,Former,None,Moderate,Home,1,Medicare,Urgent,0
P003711,71,Male,26.1,141,71,76,93.0,4.9,159.0,7,4,3,3,3,0,1,0,0,Former,None,Moderate,Home,1,Medicare,Urgent,1
P004082,77,Female,27.0,127,59,83,117.0,5.9,197.0,7,0,5,1,2,0,1,0,0,Never,None,Moderate,Skilled Nursing Facility,1,Medicare,Urgent,0
P004949,64,Male,15.6,139,86,92,98.0,5.0,,5,2,2,1,2,0,1,0,0,Never,None,High,Home,0,Private,Emergency,0
P000531,59,Male,27.0,133,74,90,101.0,5.7,165.0,3,1,6,0,1,0,0,0,0,Current,None,Low,Home,1,Medicaid,Urgent,0
P002761,54,Male,32.4,127,72,85,111.0,4.8,175.0,2,2,9,1,4,0,1,0,0,Former,None,High,Home,1,Private,Emergency,0
P003340,40,Female,19.5,98,68,90,70.0,4.6,190.0,4,2,8,1,2,0,0,1,0,Current,Low,Low,Home Health Care,1,Private,Emergency,1
P002686,66,Male,29.3,129,86,79,161.0,7.0,168.0,3,2,3,2,4,1,1,0,0,Never,None,Low,Home,0,Medicare,Urgent,0
P002637,59,Male,41.8,168,86,79,,8.2,205.0,5,1,7,2,3,1,1,1,0,Never,High,High,Home Health Care,1,Private,Elective,0
P000495,59,Male,30.6,152,82,83,,,171.0,1,0,6,0,1,0,1,0,0,Former,Low,Moderate,Home,1,Medicaid,Emergency,0
P002102,38,Male,30.8,126,82,81,184.0,7.3,177.0,2,2,5,1,2,1,1,0,0,Former,Low,Moderate,Rehabilitation,1,Medicaid,Emergency,0
P002274,78,Male,23.4,160,80,72,182.0,7.7,181.0,5,1,6,1,3,1,1,0,0,Former,None,High,Home,1,Medicare,Emergency,0
P003417,66,Male,27.0,119,66,105,173.0,8.7,150.0,10,3,13,3,5,1,1,1,1,Former,None,High,Home,0,Medicare,Emergency,1
P004281,85,Female,,152,89,62,146.0,7.9,233.0,4,3,5,3,4,1,1,1,1,Current,Low,Low,Skilled Nursing Facility,1,Medicare,Emergency,1
P001153,68,Male,26.1,111,73,85,87.0,5.1,224.0,2,1,3,1,0,0,0,0,0,Current,None,Low,Home,1,Medicare,Emergency,0
P004087,52,Female,33.4,132,88,80,87.0,5.0,184.0,3,0,4,0,1,0,0,0,1,,Low,High,Home,1,Private,Emergency,0
P004733,98,Female,28.4,152,84,83,,5.1,241.0,1,4,5,1,2,0,1,1,0,Never,Moderate,High,Home Health Care,1,Medicare,Elective,0
P004598,69,Male,37.0,135,71,74,106.0,4.8,192.0,3,0,10,1,2,0,1,0,0,Former,Moderate,High,Home Health Care,1,Medicare,Emergency,0
P004258,81,Female,,124,76,86,157.0,7.6,186.0,4,0,4,0,1,1,0,0,0,Former,None,Moderate,Skilled Nursing Facility,0,Medicare,Elective,0
P001839,86,Female,20.9,127,77,94,133.0,5.2,187.0,4,1,5,2,2,0,1,1,0,Never,Moderate,Moderate,Rehabilitation,0,Medicare,Urgent,0
P004556,88,Female,24.8,136,79,71,116.0,5.0,120.0,3,0,5,0,2,0,1,0,1,,High,Low,Home,1,Medicare,Elective,0
P005438,63,Male,45.9,111,58,61,105.0,5.4,201.0,1,1,2,1,1,0,0,0,1,Former,None,High,Home,1,Private,Urgent,0
P001525,58,Female,36.8,110,72,75,60.0,4.6,212.0,5,0,5,1,2,0,1,0,0,Former,,Moderate,Home,1,Private,Emergency,0
P001629,70,Female,28.4,141,79,77,95.0,4.2,216.0,8,3,3,2,4,0,1,0,0,Former,None,Low,Home,0,Medicare,Emergency,1
P001080,86,Female,28.0,171,90,96,167.0,8.3,186.0,9,3,8,0,4,1,1,1,0,Current,None,Moderate,Home,1,Medicare,Emergency,0
P005909,75,Male,23.0,124,65,60,107.0,5.1,212.0,1,0,2,0,0,0,0,0,0,Current,Moderate,Moderate,Skilled Nursing Facility,1,Medicare,Urgent,0
P002737,50,Female,23.7,111,81,93,161.0,6.6,162.0,10,2,7,2,3,1,0,0,1,Never,Moderate,Moderate,Home,0,Private,Emergency,0
P003424,49,Male,35.0,113,79,75,210.0,7.8,151.0,7,0,8,2,2,1,0,0,0,Current,Moderate,Low,Home,1,Private,Emergency,0
P002280,34,Male,15.0,122,55,57,93.0,5.4,159.0,6,0,5,0,1,0,0,0,0,Current,None,Moderate,Home,1,Private,Emergency,0
P001891,79,Female,35.4,137,82,73,149.0,4.8,223.0,0,1,4,1,1,0,0,0,0,Former,None,Moderate,Home,0,Medicare,Urgent,0
P004124,69,Female,22.6,108,92,77,78.0,4.7,192.0,4,3,8,1,3,0,0,0,1,Never,None,Moderate,Home,0,Medicare,Urgent,1
P005952,74,Male,22.7,127,70,90,88.0,5.1,180.0,4,0,4,1,0,0,0,0,0,Never,Low,High,Home,1,Medicaid,Emergency,0
P002750,75,Male,22.5,130,69,69,100.0,,200.0,3,0,4,0,2,0,0,1,0,Former,High,High,Home Health Care,0,Medicare,Elective,0
P005713,70,Female,,100,57,95,90.0,6.3,155.0,3,0,3,0,0,0,0,0,0,Never,Moderate,Low,Home Health Care,1,Medicare,Emergency,0
P001188,69,Male,19.4,166,91,86,87.0,5.8,229.0,9,0,8,2,4,0,1,1,0,Former,Low,Moderate,Home,1,Medicare,Emergency,0
P004959,73,Female,69.3,128,81,83,149.0,7.4,181.0,2,2,3,1,2,1,1,0,0,Never,Low,Low,Home,1,Medicare,Elective,0
P003843,68,Female,,151,87,67,73.0,4.3,231.0,2,3,5,0,3,0,1,1,0,Never,None,Low,Home,0,Medicare,Urgent,0
P002367,81,Female,26.1,133,80,71,107.0,5.9,231.0,4,2,4,3,1,0,0,0,0,Former,Low,Moderate,Home,0,Medicare,Elective,0
P001584,53,Female,29.6,133,84,63,213.0,7.0,134.0,5,3,5,2,3,1,1,0,0,Never,Moderate,Low,Home,0,Uninsured,Elective,0
P004011,69,Male,34.1,126,82,92,108.0,4.3,242.0,6,2,4,0,2,0,0,0,0,Former,Moderate,Low,Rehabilitation,1,Private,Elective,0
P005202,57,Female,22.4,120,72,80,92.0,4.7,215.0,3,2,6,1,1,0,0,1,0,Current,None,Moderate,Home,1,Medicare,Emergency,0
P002729,92,Female,33.1,139,89,89,100.0,5.3,246.0,4,4,5,0,4,0,1,1,0,Never,Moderate,Low,Home Health Care,1,Medicare,Elective,0
P001299,47,Male,31.6,118,76,89,126.0,5.4,239.0,2,0,6,0,1,0,0,0,0,Never,Moderate,Low,Rehabilitation,1,Private,Elective,0
P005931,72,Other,19.5,133,75,94,92.0,5.1,156.0,1,0,7,0,1,0,0,0,0,Former,Moderate,Low,Home,1,Medicare,Emergency,0
P004592,87,Male,26.4,146,74,47,139.0,6.3,225.0,3,2,2,3,2,0,0,0,0,Current,None,Low,Skilled Nursing Facility,1,Medicaid,Emergency,0
P003939,65,Female,18.3,115,88,73,96.0,6.0,214.0,5,0,5,0,1,0,0,0,0,Never,Moderate,High,Home,0,Medicare,Elective,0
P000070,61,Male,25.4,125,62,101,73.0,5.1,214.0,1,0,8,1,1,0,0,1,0,Never,High,High,Home,0,Private,Emergency,0
P005072,63,Female,30.4,130,76,95,60.0,4.2,219.0,4,2,5,2,2,0,0,1,0,Current,Low,High,Home,1,Uninsured,Emergency,1
P001017,65,Male,29.6,123,83,72,101.0,4.8,321.0,2,1,3,1,1,0,0,0,0,Never,Low,High,Home,1,Medicare,Emergency,0
P001879,85,Male,32.2,160,81,97,88.0,4.2,172.0,5,1,6,1,3,0,1,1,0,Former,Moderate,Moderate,Other,1,Medicare,Urgent,0
P002677,87,Male,23.2,138,77,78,203.0,7.5,185.0,2,1,4,0,2,1,1,0,0,Former,Low,Low,Skilled Nursing Facility,1,Medicare,Elective,0
P005949,80,Male,31.4,114,72,89,84.0,6.0,147.0,4,0,6,2,1,0,0,1,0,Former,Low,Low,Home,0,Medicaid,Emergency,0
P003114,76,Male,30.1,127,82,81,88.0,4.5,173.0,3,2,6,2,4,0,0,1,0,,None,Low,Skilled Nursing Facility,1,Medicare,Urgent,0
P001053,66,Female,15.5,130,79,51,99.0,4.9,208.0,4,0,6,0,1,0,0,1,0,Current,Moderate,Low,Home,1,Medicare,Emergency,0
P002933,82,Female,25.0,125,70,65,466.0,4.5,130.0,9,2,5,2,2,0,1,1,0,Current,None,Moderate,Home,0,Private,Urgent,1
P000251,58,Female,25.8,122,77,87,93.0,5.6,228.0,2,1,4,0,1,0,0,0,0,Never,None,High,Home,0,Private,Emergency,0
P002988,88,Male,28.4,134,98,77,141.0,6.9,177.0,10,3,9,1,4,1,1,1,0,Never,None,Low,Skilled Nursing Facility,1,Private,Urgent,1
P002241,82,Male,29.8,132,77,92,151.0,8.2,253.0,4,2,3,3,3,1,1,0,0,Former,Low,Moderate,Skilled Nursing Facility,0,Medicare,Urgent,0
P005007,39,Male,33.8,106,66,101,185.0,7.1,154.0,10,1,5,0,4,1,0,1,0,Never,Low,High,Home,0,Private,Elective,0
P002316,69,Female,33.7,123,74,71,81.0,5.5,203.0,4,0,4,3,1,0,0,0,1,Current,Low,Low,Home,1,Medicare,Urgent,0
P001475,61,Female,18.6,125,71,71,185.0,7.0,164.0,3,0,4,0,1,1,0,0,0,Never,Moderate,Moderate,Home,0,Private,Emergency,0
P003120,45,Male,28.8,135,81,91,98.0,5.3,155.0,6,1,3,1,2,0,1,0,0,Former,None,Moderate,Home,0,Medicaid,Urgent,0
P003204,81,Female,34.3,132,59,88,97.0,4.7,245.0,3,2,4,0,1,0,1,0,0,Current,Moderate,Moderate,Skilled Nursing Facility,1,Medicare,Emergency,0
P000375,72,Male,29.3,122,79,82,162.0,6.8,464.0,7,2,11,2,4,1,1,0,0,Current,Moderate,Low,Home,1,Medicaid,Emergency,0
P001749,57,Male,15.0,138,74,90,98.0,5.8,193.0,4,0,3,1,2,0,1,0,0,Former,None,Moderate,Home Health Care,1,Medicaid,Elective,0
P000752,60,Female,33.4,116,67,82,103.0,5.9,226.0,1,0,4,0,2,0,1,0,0,Former,None,Moderate,Home,0,Medicaid,Urgent,0
P005343,66,Female,37.8,134,79,92,147.0,7.2,202.0,4,3,5,1,3,1,0,0,1,Never,None,High,Home,1,Private,Elective,0
P004481,67,Female,34.4,118,69,79,71.0,4.1,165.0,4,1,5,0,3,0,1,1,1,Never,Low,Low,Home,1,Medicare,Elective,0
P005744,74,Female,26.4,129,86,70,83.0,,188.0,1,1,4,2,1,0,1,0,0,Never,Low,High,Home Health Care,1,Medicare,Emergency,0
P003763,69,Female,29.8,128,79,93,90.0,4.7,254.0,11,3,10,0,3,0,1,1,0,Former,Low,High,Home,0,Medicare,Elective,0
P003393,52,Male,29.7,114,93,79,146.0,5.8,158.0,4,1,2,0,0,0,0,0,0,Never,None,Low,Home,1,Private,Elective,0
P003082,47,Other,22.6,110,74,55,156.0,8.3,210.0,6,1,9,0,4,1,0,0,0,Current,Low,Low,Home,1,Medicaid,Emergency,0
P001697,57,Male,27.2,137,78,83,110.0,4.7,116.0,6,2,6,1,2,0,1,0,0,Never,Moderate,Low,Home,1,Uninsured,Emergency,0
P005763,55,Female,19.8,134,78,72,106.0,5.9,151.0,5,0,3,2,2,0,0,0,0,Never,None,High,Home Health Care,1,Private,Elective,0
P001093,76,Female,22.5,155,89,60,89.0,4.6,219.0,4,3,3,1,2,0,1,1,0,Former,Moderate,Moderate,Skilled Nursing Facility,1,Medicare,Elective,0
P000679,70,Male,33.3,125,77,78,132.0,7.2,189.0,3,0,6,1,2,1,0,0,0,Never,Moderate,Moderate,Home,1,Medicare,Elective,0
P005042,52,Female,20.8,107,87,111,85.0,5.0,147.0,3,0,5,0,1,0,0,1,0,Never,Low,High,Home Health Care,1,Private,Emergency,0
P004725,68,Female,25.5,129,72,101,168.0,7.6,248.0,0,1,9,0,2,1,1,0,0,,None,Low,Home,0,Medicare,Emergency,1
P002489,85,Female,28.1,146,81,56,181.0,7.1,223.0,5,2,8,5,4,1,1,1,1,Former,None,Moderate,Skilled Nursing Facility,1,Medicare,Urgent,0
P001170,59,Male,32.1,130,78,57,94.0,4.7,198.0,2,0,4,2,1,0,0,0,0,Current,Low,Low,Rehabilitation,1,Medicaid,Elective,0
P002020,71,Male,26.8,123,72,94,187.0,7.3,180.0,7,1,14,1,3,1,0,0,0,Former,Moderate,High,Home,0,Medicare,Emergency,1
P004586,71,Female,32.9,104,77,56,88.0,4.0,168.0,2,1,6,1,1,0,1,0,0,Never,Low,Moderate,Home Health Care,0,Medicare,Urgent,0
P000507,100,Other,32.6,162,88,77,192.0,7.6,175.0,7,1,6,1,4,1,1,1,1,Never,Low,High,Home Health Care,0,Medicare,Emergency,1
P005244,76,Male,28.0,114,62,66,105.0,,191.0,2,1,7,0,2,0,0,0,1,Never,High,Low,Skilled Nursing Facility,1,Medicare,Urgent,1
P002055,69,Male,37.1,130,66,68,101.0,5.4,179.0,9,4,8,6,4,0,1,1,0,Never,High,Low,Home,1,Private,Emergency,1
P000131,58,Female,26.2,123,81,69,137.0,6.8,222.0,5,0,5,1,2,0,0,0,0,,None,High,Rehabilitation,0,Private,Emergency,0
P000048,67,Male,19.7,130,79,85,86.0,,264.0,1,0,4,0,0,0,0,0,0,Former,None,Low,Home,1,Medicare,Emergency,0
P002531,81,Female,55.7,128,80,84,163.0,8.1,197.0,8,0,4,0,3,1,1,1,0,Former,,Moderate,Skilled Nursing Facility,0,Medicare,Urgent,0
P003276,47,Male,24.4,134,81,78,67.0,5.6,241.0,4,0,3,0,0,0,0,0,0,Former,None,Low,Home,1,Medicaid,Urgent,0
P002523,61,Female,28.0,98,70,71,86.0,5.7,,1,0,3,0,0,0,0,0,0,Current,None,Low,Home,1,Medicare,Elective,0
P005724,100,Male,34.5,139,89,73,68.0,5.7,399.0,3,0,6,1,2,0,1,1,0,Never,Moderate,Low,Home,1,Private,Urgent,0
P003465,71,Male,34.3,122,68,75,173.0,7.7,221.0,8,0,5,2,4,1,1,0,1,Never,Moderate,Low,Home,0,Medicare,Urgent,0
P001433,51,Male,27.6,139,91,82,107.0,5.6,208.0,0,0,2,1,0,0,0,0,0,Never,Low,Low,Home,0,Private,Urgent,0
P004465,79,Female,34.2,140,68,48,159.0,6.3,184.0,0,1,2,1,0,0,0,0,0,Never,None,Low,Home,0,Medicare,Elective,0
P002345,76,Female,21.1,144,75,87,145.0,7.5,197.0,9,1,6,0,4,1,1,1,1,Current,Low,Moderate,Rehabilitation,1,Medicare,Emergency,0
P005006,40,Male,25.5,117,85,94,131.0,5.7,228.0,1,0,4,1,1,0,0,0,0,Former,Low,Moderate,Home,0,Private,Urgent,0
P000937,47,Female,45.1,142,63,62,166.0,7.1,215.0,4,2,3,0,2,1,1,0,0,Never,Moderate,Moderate,Home,1,Private,Elective,0
P001307,49,Male,37.2,115,64,65,121.0,7.0,158.0,2,3,4,1,1,1,0,0,0,Current,None,Moderate,Home,1,Private,Emergency,0
P000676,69,Female,31.3,164,109,58,150.0,7.8,155.0,5,3,7,1,3,1,1,0,1,Former,Low,Low,Home,1,Medicare,Emergency,0
P000521,49,Female,25.6,126,75,72,127.0,5.7,185.0,2,0,7,0,1,0,1,0,0,Current,High,Low,Home Health Care,1,Private,Emergency,1
P004634,46,Female,29.4,129,76,69,123.0,6.1,214.0,0,1,4,0,0,0,0,0,0,Former,None,Moderate,Home,0,Private,Urgent,0
P000885,48,Female,29.1,94,54,92,94.0,5.0,239.0,5,1,3,0,1,0,0,0,0,Former,Moderate,Low,Rehabilitation,1,Private,Emergency,0
P005086,84,Male,27.2,167,107,80,209.0,8.1,180.0,3,0,3,0,2,1,1,0,0,Never,None,High,Home,1,Medicare,Urgent,1
P005908,51,Male,38.2,151,77,85,109.0,5.0,234.0,3,2,5,1,3,0,1,0,1,,Low,Low,Home,1,Private,Emergency,0
P004617,22,Female,29.0,103,61,71,84.0,5.7,145.0,4,0,3,1,1,0,0,0,0,Former,Low,Low,Home,0,Medicaid,Urgent,0
P000546,62,Male,24.7,124,61,50,82.0,5.1,,5,0,4,1,1,0,1,0,0,Former,None,Low,Home,0,Private,Elective,0
P001734,42,Female,26.3,124,65,80,60.0,4.6,155.0,1,0,7,0,1,0,0,0,0,Never,None,Moderate,Home,0,Private,Emergency,0
P005130,65,Male,33.8,149,95,94,159.0,5.5,168.0,5,1,4,0,2,0,0,0,0,Never,Low,Moderate,Home,1,Medicare,Urgent,0
P001810,78,Female,23.1,150,78,59,62.0,5.0,226.0,4,1,5,1,2,0,1,0,0,Former,Low,Low,Other,1,Private,Emergency,0
P000116,56,Female,18.7,121,84,55,93.0,5.3,244.0,6,2,4,0,2,0,1,0,0,Never,Moderate,Low,Home,0,Private,Elective,0
P002004,68,Female,33.0,146,78,81,169.0,7.7,193.0,4,2,8,2,3,1,1,0,0,Never,None,Low,Home Health Care,1,Medicare,Emergency,0
P001917,55,Male,38.9,95,69,69,60.0,4.6,268.0,1,0,6,0,0,0,0,0,0,,,Moderate,Home Health Care,1,Private,Emergency,0
P005930,67,Female,24.8,126,79,94,113.0,6.4,180.0,4,2,9,0,1,0,0,0,1,Former,Low,Moderate,Rehabilitation,1,Uninsured,Emergency,0
P004330,37,Male,29.2,123,68,80,96.0,5.4,153.0,1,0,2,0,0,0,0,0,0,Former,None,Low,Home,1,Medicare,Urgent,0
P002331,50,Male,,130,68,84,139.0,,215.0,2,0,4,1,0,0,0,0,0,,Moderate,Moderate,Home,1,Private,Emergency,0
P000982,41,Male,34.0,136,80,73,95.0,5.8,258.0,2,2,6,0,1,0,0,0,0,Never,None,Moderate,Other,1,Private,Emergency,0
P004510,73,Male,29.4,113,73,84,84.0,5.0,224.0,5,0,3,1,2,0,0,1,0,Never,,Low,Home,1,Medicare,Emergency,0
P001834,70,Female,28.4,159,91,74,95.0,5.2,229.0,3,1,4,0,2,0,1,0,0,Current,High,Low,Home Health Care,1,Medicare,Emergency,0
P001719,73,Female,36.0,135,78,92,152.0,7.7,185.0,3,2,8,1,4,1,1,0,1,Never,Low,Moderate,Other,0,Medicaid,Elective,1
P002777,72,Female,36.4,111,77,96,60.0,4.6,186.0,9,1,7,0,3,0,0,1,0,Never,None,Moderate,Other,0,Medicare,Emergency,1
P001312,76,Female,39.4,130,86,70,191.0,8.5,239.0,8,3,4,1,3,1,1,0,0,Former,High,High,Home,1,Medicare,Elective,0
P005688,85,Female,33.2,140,75,54,102.0,4.4,207.0,2,1,5,0,1,0,1,0,0,Current,Low,Low,Skilled Nursing Facility,0,Medicare,Emergency,1
P003905,40,Female,27.1,126,79,91,183.0,7.3,182.0,7,1,10,1,2,1,0,0,1,Current,Low,Low,Rehabilitation,1,Private,Emergency,0
P004684,55,Female,38.8,167,100,63,66.0,4.5,164.0,1,0,8,0,1,0,0,0,0,Former,Moderate,Moderate,Home,1,Medicaid,Elective,0
P005871,67,Male,26.1,118,72,77,67.0,5.0,224.0,0,1,7,0,0,0,0,0,0,Never,None,Moderate,Home Health Care,1,Uninsured,Emergency,0
P000761,83,Female,19.2,134,68,95,103.0,5.1,121.0,3,0,1,1,2,0,0,0,0,Current,None,High,Home,1,Medicare,Emergency,0
P000216,79,Male,23.6,133,80,89,132.0,6.2,201.0,3,6,6,6,3,0,1,1,0,Never,Moderate,Low,Home Health Care,0,Medicare,Urgent,1
P003516,59,Male,34.1,103,89,85,60.0,4.5,166.0,0,0,4,0,1,0,0,0,0,Never,None,Moderate,Home Health Care,0,Uninsured,Emergency,0
P001699,38,Female,29.6,109,66,87,176.0,6.0,201.0,1,1,3,1,0,0,0,0,0,Never,High,Moderate,Home Health Care,1,Uninsured,Elective,0
P004190,96,Male,37.4,171,87,104,62.0,5.3,222.0,2,1,6,1,2,0,1,0,0,Current,,Moderate,Home,1,Medicare,Emergency,0
P005638,81,Female,25.6,151,88,88,187.0,6.6,208.0,3,1,4,0,1,1,0,0,0,Never,Low,Moderate,Home,1,Medicare,Emergency,0
P004701,76,Female,30.0,133,79,76,175.0,,172.0,4,1,5,1,3,1,0,0,1,Never,Low,Moderate,Home Health Care,0,Medicare,Urgent,0
P004604,72,Male,,120,77,78,118.0,5.9,133.0,2,1,5,1,1,0,0,0,0,Current,Low,Moderate,Home,1,Private,Emergency,0
P004418,69,Female,27.7,152,85,93,88.0,4.8,238.0,7,3,8,1,3,0,1,0,0,Never,Low,Moderate,Rehabilitation,0,Private,Emergency,0
P004545,72,Other,23.7,116,72,84,63.0,5.5,154.0,2,0,7,0,0,0,0,0,0,Never,None,Moderate,Home,1,Private,Emergency,0
P001297,40,Female,35.4,128,87,78,130.0,6.8,228.0,3,1,6,1,2,1,0,0,0,Current,None,High,Home,1,Private,Emergency,0
P002100,87,Female,38.5,141,87,45,167.0,7.0,210.0,13,4,10,1,7,1,1,1,0,Current,Low,Moderate,Home Health Care,0,Medicare,Elective,1
P001474,30,Female,21.9,101,66,85,,5.3,145.0,9,2,4,3,2,0,0,0,0,Never,Low,Low,Other,1,Private,Emergency,0
P002524,37,Female,34.8,116,74,70,82.0,4.5,147.0,3,1,3,1,2,0,0,0,0,Never,None,Moderate,Home,1,Private,Elective,0
P000513,65,Female,33.5,106,70,70,173.0,7.1,223.0,6,0,4,1,2,1,0,0,0,Current,Low,Moderate,Home,1,Medicare,Urgent,0
P005050,79,Female,28.7,129,57,69,180.0,7.6,182.0,5,0,8,1,2,1,0,0,0,Never,None,Moderate,Home,0,Medicare,Emergency,0
P001859,70,Male,29.7,151,91,81,109.0,6.1,186.0,2,0,3,1,2,0,1,0,0,Never,Moderate,Moderate,Home,1,Medicare,Urgent,0
P000007,66,Female,26.8,116,73,92,118.0,5.4,247.0,2,0,3,1,1,0,0,1,0,Former,None,Moderate,Home,1,Medicare,Emergency,0
P002676,69,Male,39.1,134,93,82,106.0,5.7,184.0,8,0,5,3,4,0,1,0,1,Current,None,Moderate,Home,0,Medicare,Urgent,0
P001233,46,Female,31.5,112,73,58,87.0,5.7,202.0,2,1,2,2,0,0,0,0,0,Never,None,Moderate,Home,1,Private,Urgent,0
P003619,69,Male,36.6,163,89,70,175.0,7.4,204.0,5,1,9,3,3,1,1,1,0,Current,Moderate,High,Home,1,Medicare,Emergency,1
P000501,84,Male,32.1,85,54,90,162.0,7.7,145.0,3,1,6,1,2,1,0,0,1,Never,Low,Low,Home,1,Medicare,Elective,0
P002169,53,Male,26.6,106,88,92,162.0,,242.0,2,0,3,1,0,0,0,0,0,Current,None,High,Home Health Care,1,Private,Elective,0
P001985,52,Male,26.8,114,71,85,186.0,7.7,208.0,10,4,6,6,4,1,0,0,0,Former,Low,Low,Home,0,Private,Elective,1
P000905,55,Male,40.4,141,78,85,177.0,8.3,252.0,6,2,2,1,3,1,1,0,0,Never,Low,Low,Home Health Care,1,Private,Emergency,0
P001377,72,Male,20.8,113,56,75,100.0,5.5,212.0,5,0,6,0,0,0,0,0,0,Never,Low,Moderate,Home,1,Medicare,Emergency,0
P004469,100,Male,31.4,164,89,74,205.0,7.3,203.0,5,1,7,1,3,1,1,0,1,Never,Low,Moderate,Skilled Nursing Facility,1,Medicare,Elective,0
P005116,73,Female,35.0,155,99,76,160.0,6.9,195.0,6,0,8,0,2,1,1,0,0,Former,High,Moderate,Rehabilitation,1,Medicare,Emergency,0
P000742,82,Male,26.6,145,95,62,91.0,5.5,209.0,3,0,1,1,1,0,0,0,1,Current,Moderate,Low,Home Health Care,1,Medicare,Elective,0
P002815,64,Female,29.3,154,92,87,,4.9,204.0,5,2,4,0,2,0,1,1,0,Former,None,Moderate,Home,1,Private,Urgent,0
P001789,69,Male,27.5,103,62,93,,5.0,187.0,4,0,4,2,1,0,0,0,0,Never,None,High,Home,1,Medicare,Urgent,0
P004095,72,Male,30.1,150,87,87,173.0,7.4,201.0,7,0,4,1,2,1,0,0,0,Former,None,Moderate,Home,1,Medicare,Emergency,0
P005114,76,Female,29.8,165,93,90,84.0,5.0,204.0,4,0,6,1,4,0,1,1,1,Former,Moderate,Low,Skilled Nursing Facility,1,Private,Emergency,0
P003792,87,Male,33.7,138,68,75,210.0,7.9,180.0,5,2,3,1,3,1,1,1,0,Never,None,High,Home,1,Medicare,Elective,0
P004650,60,Male,30.0,122,62,98,81.0,6.1,,3,0,2,0,1,0,0,1,0,Former,Moderate,Moderate,Home,1,Medicaid,Elective,0
P000578,83,Male,20.8,129,77,111,122.0,5.1,163.0,3,2,1,2,1,0,0,1,0,Never,Moderate,Low,Skilled Nursing Facility,0,Medicaid,Urgent,1
P004431,63,Female,25.9,132,82,59,76.0,5.0,252.0,9,2,8,1,4,0,1,0,0,Never,None,Moderate,Skilled Nursing Facility,1,Private,Elective,0
P002867,72,Female,36.6,137,82,76,207.0,7.9,271.0,6,1,8,0,4,1,1,0,0,Never,Moderate,Low,Home,0,Medicare,Emergency,0
P001051,45,Female,25.3,137,89,77,116.0,5.6,181.0,5,0,3,0,0,0,0,0,0,Former,None,Moderate,Home,1,Medicaid,Emergency,0
P001864,79,Female,38.7,115,86,80,187.0,8.2,227.0,1,1,7,1,2,1,0,1,0,Former,Moderate,Low,Home,0,Medicare,Urgent,1
P000812,55,Male,26.0,98,88,55,187.0,7.2,190.0,4,1,7,0,2,1,0,0,0,Never,Moderate,Low,Home Health Care,1,Private,Emergency,0
P002978,62,Female,28.5,135,79,95,63.0,4.0,221.0,5,0,5,2,2,0,0,0,0,Never,Moderate,Low,Home,1,Private,Elective,0
P005461,72,Male,28.8,156,85,74,83.0,5.3,249.0,8,0,10,2,2,0,1,0,0,Never,Low,Moderate,Home,1,Medicare,Emergency,0
P002056,73,Male,32.9,119,86,92,69.0,5.0,186.0,3,2,7,1,1,0,1,0,0,Never,Moderate,Low,Rehabilitation,0,Medicare,Emergency,0
P005684,51,Male,34.3,110,66,96,185.0,7.8,173.0,4,1,7,1,3,1,0,0,0,Never,Low,Moderate,Home,0,Medicaid,Emergency,0
P005087,49,Other,24.2,120,64,92,,7.3,208.0,6,1,8,0,2,1,0,0,0,Never,,High,Home Health Care,1,Medicaid,Emergency,0
P005590,49,Female,23.4,138,79,64,107.0,,212.0,3,2,3,1,1,0,0,0,0,Never,Low,High,Home Health Care,1,Private,Urgent,0
P004759,49,Male,36.1,135,70,87,147.0,7.3,205.0,8,1,5,1,4,1,1,0,0,Never,Low,High,Home Health Care,0,Private,Emergency,0
P003387,64,Female,24.5,147,89,87,178.0,8.3,247.0,6,1,6,1,3,1,0,0,1,Never,Low,High,Home,1,Private,Emergency,0
P002613,55,Male,33.5,103,65,71,98.0,4.7,184.0,2,1,3,1,2,0,0,1,0,Never,Moderate,Moderate,Home,1,Private,Elective,0
P000766,37,Female,33.2,106,76,82,69.0,4.0,197.0,5,2,9,2,2,0,0,0,0,Never,Low,Moderate,Home Health Care,1,Private,Emergency,1
P003148,62,Female,22.8,102,72,86,102.0,5.0,209.0,4,0,5,0,1,0,0,1,0,Former,None,Moderate,Home,1,Medicaid,Emergency,0
P001827,77,Male,24.4,136,82,92,87.0,5.3,256.0,3,2,3,0,2,0,0,1,0,Former,Low,Moderate,Home,0,Medicare,Urgent,0
P005024,48,Female,34.6,132,83,95,185.0,7.6,326.0,6,3,6,0,4,1,0,1,0,,None,Low,Home,1,Private,Emergency,1
P001911,52,Female,34.5,117,66,80,81.0,,228.0,0,0,6,0,1,0,0,0,0,Current,Low,High,Home,1,Private,Emergency,0
P003670,66,Female,35.8,146,86,49,121.0,5.3,208.0,1,2,6,1,1,0,1,0,0,Former,High,High,Home,1,Medicare,Emergency,0
P005199,55,Male,37.5,155,96,61,79.0,5.2,160.0,3,0,7,4,2,0,1,0,0,Never,Moderate,Low,Home,1,Private,Emergency,0
P000917,86,Male,34.6,129,79,59,82.0,4.9,228.0,4,0,5,0,1,0,0,0,1,Current,Low,Low,Home,0,Medicare,Emergency,0
P000693,78,Female,34.7,144,82,85,182.0,8.1,204.0,5,3,5,1,4,1,1,1,0,Never,Low,Low,Home Health Care,1,Medicare,Urgent,1
P000162,53,Female,31.0,103,83,66,64.0,5.4,169.0,1,0,2,0,0,0,0,0,0,Never,None,High,Home,1,Uninsured,Elective,0
P002421,36,Male,21.8,109,73,89,111.0,5.5,211.0,2,0,5,0,0,0,0,0,0,Former,High,Low,Home,1,Uninsured,Emergency,0
P001502,55,Male,22.8,108,73,70,113.0,4.9,185.0,3,1,2,1,1,0,0,0,0,Never,None,Low,Home,0,Medicare,Elective,0
P003665,61,Female,29.3,141,84,71,156.0,6.2,125.0,2,0,5,1,1,0,0,0,0,Former,Moderate,Low,Home,1,Uninsured,Emergency,0
P005661,70,Female,31.3,101,60,94,120.0,4.4,160.0,1,1,5,1,1,0,0,0,0,Never,,High,Skilled Nursing Facility,1,Private,Emergency,0
P000740,30,Female,31.6,89,58,62,156.0,8.0,125.0,3,1,8,2,3,1,0,0,0,Never,None,High,Other,1,Medicaid,Emergency,0
P001151,67,Other,31.1,104,71,84,112.0,4.9,203.0,6,1,6,1,2,0,0,0,0,Never,None,Low,Home,1,Medicare,Emergency,0
P004215,62,Female,18.6,124,70,80,75.0,4.7,265.0,4,6,6,1,3,0,0,1,0,Never,Moderate,Low,Home Health Care,0,Private,Emergency,1
P005017,50,Female,31.6,96,63,80,69.0,4.7,195.0,1,0,6,0,0,0,0,0,0,Never,None,Moderate,Home,0,Private,Emergency,0
P004212,69,Female,30.1,128,88,87,95.0,5.3,148.0,7,1,5,0,1,0,0,1,0,Never,Moderate,Low,Home Health Care,1,Medicare,Elective,0
P005588,76,Female,26.5,148,79,64,105.0,6.9,220.0,6,0,7,1,2,1,1,0,0,Current,Moderate,Moderate,Home,1,Medicare,Emergency,0
P003136,47,Female,23.1,114,67,76,121.0,5.7,225.0,1,0,6,1,1,0,0,0,0,Current,Moderate,Low,Home,1,Private,Urgent,0
P001720,44,Female,22.4,110,67,70,166.0,6.2,219.0,1,0,2,0,0,0,0,0,0,Former,Low,Moderate,Home,1,Private,Urgent,0
P003895,73,Female,34.7,152,85,69,152.0,7.6,209.0,7,0,8,3,3,1,1,0,0,Current,Low,Low,Home,1,Medicare,Emergency,0
P000100,50,Male,35.7,115,74,101,116.0,6.2,187.0,1,1,4,0,1,0,0,0,0,Never,,Low,Home Health Care,1,Medicaid,Urgent,0
P003218,82,Female,23.6,143,92,51,172.0,7.2,197.0,4,1,4,4,2,1,0,1,0,Current,Low,Low,Home,1,Medicare,Emergency,1
P004278,60,Male,27.0,111,69,77,185.0,7.2,144.0,0,0,5,1,1,1,0,0,0,Former,None,Moderate,Home Health Care,1,Medicaid,Urgent,0
P001841,55,Male,23.1,135,79,79,139.0,5.4,154.0,2,0,4,3,1,0,1,0,0,Former,None,Low,Home,1,Medicaid,Emergency,0
P005504,53,Male,,85,61,94,136.0,5.1,208.0,1,1,5,0,2,0,0,0,0,Former,Low,Moderate,Home,1,Uninsured,Elective,0
P002474,73,Male,30.1,139,91,86,173.0,7.9,,5,4,8,1,4,1,1,1,0,Never,Moderate,Low,Home Health Care,1,Medicare,Emergency,0
P004269,81,Female,26.0,140,89,80,149.0,7.8,203.0,10,1,9,2,5,1,1,0,1,Never,Low,High,Rehabilitation,0,Medicare,Emergency,0
P003899,54,Female,28.5,124,82,79,81.0,5.0,165.0,4,0,45,1,1,0,0,0,0,Never,Moderate,Low,Home,1,Private,Urgent,0
P001854,74,Male,30.8,141,75,75,210.0,7.4,242.0,2,0,3,0,1,1,0,0,0,Never,None,Low,Home,1,Uninsured,Urgent,0
P003347,68,Female,30.8,141,78,83,205.0,7.6,159.0,8,2,9,1,5,1,1,0,1,Never,None,Moderate,Home,1,Medicaid,Emergency,0
P001128,63,Male,30.3,116,63,90,84.0,5.2,200.0,1,2,2,0,1,0,0,1,0,Current,None,Low,Rehabilitation,1,Private,Emergency,0
P005340,81,Male,25.2,140,82,109,187.0,6.8,287.0,3,3,5,1,3,1,0,0,1,Current,Low,Moderate,Home,0,Medicaid,Elective,0
P001866,66,Female,34.4,99,68,92,107.0,6.2,188.0,2,1,2,0,1,0,0,0,0,Current,Moderate,Moderate,Home,1,Private,Urgent,0
P000128,46,Female,27.7,120,75,58,134.0,6.0,280.0,2,1,2,0,1,0,0,1,0,Never,None,Low,Home,1,Uninsured,Urgent,0
P002174,46,Male,20.5,141,93,65,96.0,5.1,245.0,0,0,3,1,1,0,1,0,0,Former,Moderate,High,Home,0,Private,Emergency,0
P004490,59,Female,34.6,146,88,94,85.0,5.8,233.0,3,1,3,1,2,0,1,0,0,Never,Moderate,Moderate,Home,0,Medicaid,Emergency,0
P002178,72,Male,25.8,139,85,83,121.0,5.1,138.0,2,0,9,0,3,0,1,0,0,Former,None,Moderate,Home,1,Medicare,Emergency,0
P001396,92,Female,35.7,117,58,83,154.0,7.0,210.0,8,0,7,0,2,1,0,0,0,Current,Low,Moderate,Home,1,Medicare,Urgent,0
P004504,76,Male,29.8,136,80,54,93.0,5.3,265.0,4,3,5,0,1,0,1,0,0,Never,High,Moderate,Other,1,Medicare,Elective,1
P004930,80,Female,30.0,159,89,79,155.0,6.5,182.0,7,1,7,1,3,1,1,0,1,Never,None,Moderate,Rehabilitation,1,Medicare,Elective,0
P004563,69,Female,23.9,116,79,82,120.0,5.3,244.0,6,1,3,0,1,0,0,0,0,Never,Moderate,Low,Home,1,Medicare,Emergency,0
P002016,66,Male,32.0,157,85,66,83.0,6.0,152.0,6,1,3,3,4,0,1,0,0,,High,Low,Home,1,Medicare,Urgent,0
P001747,55,Female,29.6,96,66,78,,7.3,161.0,3,0,8,2,2,1,0,0,0,,High,High,Home,0,Medicaid,Urgent,0
P003945,83,Female,18.8,99,66,62,107.0,5.6,110.0,0,3,1,2,0,0,0,0,0,Never,Moderate,Low,Rehabilitation,1,Medicare,Urgent,1
P001240,87,Male,27.3,134,84,75,62.0,4.6,200.0,4,1,4,0,2,0,1,1,0,Current,Moderate,Moderate,Home,0,Medicare,Emergency,0
P005052,66,Male,25.3,157,89,57,,8.0,,8,0,7,2,3,1,1,0,0,Never,Moderate,Moderate,Home,0,Private,Urgent,0
P005644,90,Female,25.7,144,82,80,105.0,,199.0,6,1,10,0,3,0,1,0,1,Former,Moderate,Low,Home Health Care,1,Medicare,Elective,0
P001200,48,Male,27.4,112,85,70,83.0,5.3,176.0,0,1,3,0,0,0,0,0,0,Current,None,High,Skilled Nursing Facility,0,Private,Urgent,0
P000324,75,Female,30.1,129,88,75,91.0,6.1,159.0,0,1,2,1,1,0,0,0,0,Former,Low,Low,Home Health Care,0,Medicare,Elective,0
P000047,77,Male,27.1,132,75,70,180.0,7.1,210.0,4,2,5,3,3,1,1,0,1,Current,Low,Low,Rehabilitation,1,Medicare,Emergency,1
P001041,50,Male,18.8,115,74,81,101.0,4.8,238.0,1,0,7,0,1,0,0,0,0,Never,,Moderate,Home,1,Medicaid,Emergency,0
P005864,71,Female,31.0,149,82,86,106.0,4.6,208.0,3,2,4,2,2,0,1,1,0,Never,Moderate,Moderate,Home,0,Medicare,Emergency,0
P002138,77,Male,27.5,145,80,71,147.0,7.3,135.0,3,0,5,0,3,1,1,0,1,Former,None,Moderate,Home,1,Private,Urgent,0
P003900,69,Male,40.8,130,84,82,196.0,7.8,207.0,2,2,5,1,1,1,0,0,0,Never,Moderate,High,Home,1,Medicare,Emergency,0
P004579,57,Male,29.5,134,79,81,111.0,4.8,202.0,1,1,5,1,0,0,0,0,0,Current,Low,High,Home Health Care,1,Private,Emergency,0
P003193,65,Female,32.2,123,76,76,99.0,4.9,195.0,5,1,1,1,1,0,0,0,0,Never,Low,Moderate,Rehabilitation,1,Medicare,Emergency,0
P004389,40,Female,25.4,118,86,60,91.0,5.0,166.0,2,0,5,0,1,0,0,1,0,Never,Low,High,Home,0,Private,Emergency,0
P002064,70,Female,30.2,143,80,69,119.0,6.0,238.0,4,2,8,3,3,0,1,0,0,Current,Moderate,Low,Home,0,Medicare,Urgent,0
P000810,67,Female,30.3,108,77,73,161.0,7.6,209.0,6,2,1,0,2,1,0,1,0,,High,High,Home,1,Medicare,Elective,0
P000255,60,Female,26.6,112,72,68,131.0,,220.0,10,2,5,2,4,0,0,1,0,Former,Low,Low,Home,1,Private,Urgent,1
P002731,46,Male,21.0,117,79,89,97.0,5.0,203.0,5,0,6,0,1,0,1,0,0,Former,None,High,Home,0,Private,Urgent,0
P004444,49,Male,22.7,117,72,83,109.0,5.8,244.0,3,0,5,1,1,0,0,0,0,Never,Low,Moderate,Rehabilitation,0,Private,Emergency,0
P002351,74,Female,,121,69,69,101.0,4.6,253.0,7,4,5,4,4,0,1,1,0,Never,None,Low,Other,0,Private,Urgent,0
P004375,77,Female,30.7,135,73,62,100.0,5.0,141.0,4,1,4,0,1,0,1,0,0,Never,Low,Moderate,Home,1,Medicare,Emergency,1
P004191,79,Female,28.4,128,72,66,211.0,8.0,215.0,7,0,7,0,3,1,1,0,0,Never,Moderate,Low,Home,1,Medicare,Emergency,0
P002747,80,Female,25.6,138,84,81,192.0,7.7,115.0,1,1,5,0,1,1,0,0,0,Current,None,Low,Rehabilitation,0,Medicare,Emergency,1
P003897,43,Female,31.4,94,60,98,172.0,7.6,274.0,3,3,6,0,1,1,0,0,0,Former,Low,High,Home,1,Private,Urgent,0
P005723,64,Female,29.8,120,78,64,79.0,4.7,244.0,5,0,9,1,2,0,0,0,0,Never,Moderate,Moderate,Home Health Care,1,Private,Urgent,0
P000094,63,Female,29.4,135,85,60,75.0,4.2,189.0,5,3,4,3,3,0,1,0,0,Current,None,Low,Home,1,Medicaid,Emergency,0
P002045,43,Female,25.8,102,65,94,81.0,5.9,124.0,3,1,2,0,1,0,0,0,0,Never,Moderate,Low,Home,1,Private,Elective,0
P005958,76,Male,26.1,105,61,70,112.0,5.3,236.0,2,0,7,1,1,0,0,1,0,Current,Moderate,Low,Home Health Care,1,Medicaid,Emergency,0
P004801,64,Female,37.6,159,90,51,164.0,,165.0,5,1,6,0,3,1,0,0,0,Former,High,Moderate,Home,0,Private,Urgent,0
P003838,62,Other,28.5,136,76,74,86.0,4.0,208.0,4,3,4,3,3,0,1,0,0,Never,Low,Low,Rehabilitation,1,Medicaid,Elective,1
P003648,58,Male,26.7,153,91,93,108.0,6.3,181.0,8,1,7,0,3,0,1,0,0,Former,Moderate,Low,Home,1,Medicare,Emergency,0
P001154,56,Female,28.7,138,67,86,97.0,,195.0,2,0,9,0,3,0,1,0,0,Former,Low,Low,Home Health Care,1,Uninsured,Emergency,0
P001696,70,Female,17.7,139,95,84,80.0,4.6,200.0,3,1,5,0,1,0,0,0,1,Never,None,High,Home,1,Medicare,Urgent,0
P000995,62,Male,26.1,128,71,68,81.0,4.4,207.0,0,1,6,1,0,0,0,0,0,Former,None,Low,Home,0,Medicaid,Elective,0
P003227,50,Male,29.0,146,89,77,94.0,5.0,140.0,4,1,4,1,1,0,0,1,0,Never,Low,Moderate,Home,1,Private,Urgent,0
P002877,44,Other,16.6,118,77,89,97.0,4.0,193.0,1,1,1,0,0,0,0,0,0,Former,,Low,Home,0,Private,Urgent,0
P004339,64,Female,35.2,146,86,92,209.0,8.3,227.0,6,3,8,3,3,1,1,1,0,Never,Low,High,Home,0,Medicaid,Urgent,1
P000996,69,Male,25.0,132,71,86,94.0,5.6,218.0,1,0,6,1,0,0,0,0,0,Never,None,Low,Home,1,Medicare,Urgent,0
P004707,70,Male,25.8,134,91,59,117.0,5.1,313.0,2,2,4,1,2,0,1,1,0,Current,Low,Low,Home,1,Medicare,Urgent,1
P004167,47,Female,25.5,111,71,70,89.0,6.2,216.0,1,1,6,0,0,0,0,0,0,Former,Moderate,Moderate,Home,1,Private,Emergency,0
P005175,95,Male,21.3,145,82,97,60.0,4.9,211.0,5,2,13,3,4,0,1,1,0,Former,None,Moderate,Skilled Nursing Facility,1,Medicare,Emergency,1
P003415,47,Female,30.8,141,96,78,193.0,7.8,192.0,5,1,8,1,2,1,1,0,0,Never,None,Moderate,Rehabilitation,1,Uninsured,Emergency,0
P001449,59,Female,28.4,132,84,78,77.0,4.2,220.0,0,1,3,2,2,0,1,0,0,Never,Low,Moderate,Home,1,Private,Emergency,1
P005780,55,Male,20.6,117,78,60,120.0,5.7,200.0,5,1,8,2,2,0,1,0,0,Former,High,High,Home,0,Private,Emergency,0
P005140,71,Female,29.1,136,85,88,173.0,7.6,170.0,6,1,8,2,5,1,1,1,0,Former,High,High,Home,1,Medicare,Emergency,1
P005321,74,Female,28.2,136,83,70,93.0,5.0,191.0,1,0,7,1,0,0,0,0,0,Never,Moderate,Moderate,Rehabilitation,0,Medicare,Emergency,0
P004565,72,Female,25.7,124,63,66,85.0,5.2,154.0,7,1,5,2,2,0,0,0,0,Former,None,Low,Home,0,Medicare,Urgent,0
P001136,83,Female,27.4,140,89,70,83.0,5.1,215.0,3,0,3,0,1,0,1,0,0,Never,None,Moderate,Rehabilitation,0,Medicare,Elective,0
P002541,71,Male,30.7,108,72,69,,5.1,238.0,5,1,5,0,0,0,0,0,0,Former,,Moderate,Home,1,Medicare,Emergency,0
P005673,64,Male,,127,78,91,139.0,5.3,173.0,4,3,7,5,3,0,1,1,0,Never,None,Moderate,Home,1,Private,Elective,0
P002796,74,Male,16.8,101,66,103,,6.1,209.0,1,0,2,1,0,0,0,0,0,Current,None,Low,Home,0,Medicare,Urgent,0
P003425,100,Female,21.8,153,87,70,118.0,4.1,188.0,9,0,7,1,4,0,1,1,1,Never,Low,Low,Other,1,Medicare,Emergency,0
P000317,65,Female,33.6,114,69,55,71.0,5.1,246.0,2,2,3,0,2,0,0,0,0,,None,High,Home,1,Private,Urgent,0
P001878,91,Female,25.1,159,86,81,158.0,8.2,290.0,5,3,3,5,4,1,1,1,1,Never,None,High,Skilled Nursing Facility,1,Medicare,Emergency,1
P005470,78,Female,32.3,141,88,77,81.0,5.1,220.0,10,2,6,1,5,0,1,1,0,Never,Low,Low,Skilled Nursing Facility,0,Medicare,Emergency,1
P004177,70,Female,34.1,115,79,63,171.0,7.3,163.0,2,2,5,0,1,1,0,0,0,Never,Moderate,Moderate,Home,0,Medicaid,Elective,1
P000660,59,Female,22.4,111,94,90,,5.2,205.0,6,1,4,4,2,0,0,0,0,Former,High,High,Home Health Care,0,Private,Urgent,1
P003033,46,Female,36.5,130,84,67,162.0,7.2,182.0,3,0,7,2,2,1,1,0,0,Former,None,Moderate,Skilled Nursing Facility,1,Medicare,Elective,0
P002406,39,Female,31.7,94,46,81,99.0,4.5,236.0,4,2,4,1,1,0,0,0,0,Current,None,Low,Home,1,Private,Urgent,0
P001738,61,Male,24.3,123,78,75,108.0,4.9,206.0,5,1,5,0,1,0,0,0,0,Never,Moderate,High,Home,1,Uninsured,Urgent,0
P004538,69,Female,32.9,112,69,63,108.0,4.6,199.0,2,1,1,0,0,0,0,0,0,Never,Moderate,Low,Home,0,Medicare,Urgent,0
P002127,97,Male,26.0,127,69,75,150.0,7.8,232.0,12,2,5,1,6,1,1,1,1,Never,None,Low,Home,0,Medicare,Elective,1
P000046,67,Female,27.2,102,63,56,90.0,4.3,167.0,4,2,52,2,1,0,0,0,0,Never,Moderate,Moderate,Home,1,Medicare,Elective,0
P003170,46,Male,17.5,113,72,88,94.0,4.7,152.0,2,0,6,0,2,0,0,1,1,,Low,Moderate,Rehabilitation,1,Uninsured,Emergency,0
P005294,100,Female,15.0,137,77,67,148.0,5.5,218.0,5,1,3,3,2,0,1,0,0,Never,None,Low,Other,1,Medicare,Elective,1
P005850,63,Male,32.9,146,82,75,209.0,7.2,224.0,7,2,7,0,5,1,0,1,1,Former,None,Moderate,Home Health Care,1,Medicaid,Emergency,1
P004829,83,Male,35.2,111,55,86,79.0,4.4,265.0,1,0,3,1,0,0,0,0,0,Current,Moderate,High,Home,1,Medicare,Elective,0
P003546,54,Male,24.6,103,77,77,160.0,5.5,209.0,1,1,5,0,2,0,0,0,0,Never,,High,Other,0,Uninsured,Elective,0
P003338,71,Other,22.7,147,75,85,60.0,6.0,199.0,4,2,9,0,3,0,1,1,1,Never,None,High,Rehabilitation,1,Private,Elective,0
P001441,54,Male,32.6,118,69,84,109.0,5.5,246.0,4,1,3,0,0,0,0,0,0,Never,Low,Moderate,Home,0,Private,Emergency,0
P004078,57,Female,30.8,126,79,81,92.0,,210.0,4,1,51,0,2,0,1,0,0,Never,Low,Moderate,Home Health Care,1,Private,Emergency,0
P000528,66,Female,18.4,106,57,71,91.0,4.5,168.0,7,1,3,1,1,0,0,1,0,Former,None,Low,Home,1,Private,Urgent,0
P002288,98,Female,30.1,157,85,69,107.0,5.3,249.0,6,2,7,1,2,0,1,0,1,Never,None,Low,Rehabilitation,1,Medicaid,Elective,0
P001561,58,Female,33.3,136,89,95,135.0,5.4,263.0,3,0,3,0,1,0,1,0,0,Never,None,Low,Home,1,Private,Urgent,0
P003718,71,Male,26.7,131,70,85,178.0,6.8,181.0,3,1,5,0,2,1,1,0,0,Never,None,Low,Home,1,Medicare,Urgent,0
P005566,72,Female,27.7,127,77,64,71.0,5.8,110.0,4,1,3,2,2,0,1,0,0,Former,Moderate,Low,Home,1,Medicare,Urgent,0
P001018,60,Female,26.8,143,73,83,166.0,6.2,110.0,5,2,6,1,2,0,1,0,0,Never,Low,Moderate,Home,1,Uninsured,Emergency,0
P002771,79,Male,30.9,127,84,99,94.0,,326.0,3,2,3,0,2,0,1,1,0,Never,Low,Low,Home,1,Medicare,Emergency,0
P004514,53,Male,32.5,135,80,86,72.0,6.0,184.0,6,3,10,1,4,0,1,0,0,Never,None,Moderate,Home,0,Private,Emergency,1
P002778,57,Male,38.2,119,84,98,171.0,7.8,241.0,5,0,8,1,3,1,0,0,0,Never,None,Low,Rehabilitation,1,Private,Emergency,0
P000597,56,Male,23.6,118,80,65,125.0,5.0,199.0,0,0,6,0,0,0,0,0,0,Never,High,Moderate,Other,0,Medicaid,Urgent,0
P003007,34,Male,32.2,117,76,87,95.0,4.7,121.0,3,2,8,1,2,0,0,0,0,Former,None,Low,Home,1,Uninsured,Emergency,0
P005274,73,Female,17.7,141,90,89,103.0,5.2,266.0,2,0,6,0,1,0,0,1,0,Former,Low,Moderate,Home,1,Private,Emergency,0
P000186,87,Male,,152,90,95,179.0,7.8,192.0,1,3,4,0,3,1,1,0,1,Former,Low,Low,Rehabilitation,1,Medicare,Elective,0
P004837,34,Male,28.3,112,66,76,98.0,4.9,240.0,1,0,4,0,0,0,0,0,0,Current,None,High,Rehabilitation,1,Medicaid,Urgent,0
P003904,61,Female,27.7,130,85,93,96.0,5.5,136.0,3,0,5,1,1,0,1,0,0,Never,Low,Low,Home,1,Private,Urgent,0
P003914,44,Female,23.8,126,65,87,89.0,4.9,,3,1,2,0,0,0,0,0,0,Never,None,Moderate,Home,1,Private,Urgent,0
P005238,69,Male,29.5,114,73,91,118.0,5.8,197.0,1,0,5,0,1,0,0,0,0,Never,Moderate,Low,Rehabilitation,0,Medicare,Emergency,0
P000994,84,Female,32.5,129,74,78,166.0,7.5,207.0,7,4,10,2,4,1,1,1,0,Former,,Moderate,Home Health Care,1,Private,Emergency,0
P003594,71,Female,30.8,133,73,69,152.0,5.5,217.0,2,1,3,2,2,0,1,0,0,Former,None,Low,Home,0,Medicare,Elective,0
P000636,60,Male,19.4,124,71,84,119.0,,158.0,2,1,3,1,1,0,0,0,0,Never,None,Moderate,Home,0,Private,Emergency,0
P004619,100,Female,29.5,142,83,100,188.0,7.8,161.0,8,2,7,2,3,1,1,1,0,Never,None,Low,Home Health Care,1,Medicare,Urgent,1
P000566,75,Male,35.1,151,86,76,86.0,4.6,210.0,2,0,7,1,1,0,1,0,0,,Low,Low,Skilled Nursing Facility,1,Uninsured,Emergency,0
P000638,47,Female,33.4,145,76,102,99.0,5.1,179.0,0,1,4,2,1,0,1,0,0,Former,None,Low,Home Health Care,1,Private,Emergency,0
P005256,45,Female,25.4,140,76,84,140.0,7.0,153.0,1,2,7,1,1,1,0,0,0,Former,None,Moderate,Home,1,Private,Emergency,0
P002167,100,Male,29.5,150,100,93,95.0,5.4,180.0,6,2,11,2,4,0,1,1,1,Never,Low,Moderate,Home,0,Medicare,Urgent,1
P004724,59,Female,24.6,105,57,73,60.0,4.0,196.0,1,0,4,1,0,0,0,0,0,Never,Low,Low,Home,1,Uninsured,Urgent,0
P002206,60,Female,19.1,139,69,63,96.0,5.1,124.0,2,1,4,0,2,0,1,1,0,Never,Low,High,Home,0,Uninsured,Elective,0
P003926,77,Female,24.2,125,76,101,169.0,6.6,186.0,10,1,5,0,4,1,1,0,1,Never,None,Low,Rehabilitation,1,Medicare,Urgent,0
P003314,66,Female,25.3,124,86,70,,,170.0,8,0,6,2,4,1,0,0,0,Never,Low,Low,Home Health Care,1,Medicare,Emergency,0
P005304,82,Female,34.9,107,78,83,150.0,5.5,144.0,1,1,6,1,0,0,0,0,0,Former,,High,Skilled Nursing Facility,1,Medicare,Emergency,0
P003853,44,Male,31.0,134,78,83,84.0,4.9,203.0,2,2,3,0,1,0,0,1,0,Former,Low,Low,Home Health Care,1,Uninsured,Urgent,1
P000976,48,Male,25.4,121,72,70,101.0,4.9,157.0,1,0,4,0,1,0,0,0,0,Current,,Low,Home,1,Private,Elective,0
P005358,63,Male,22.3,110,77,78,158.0,7.6,146.0,8,2,7,2,2,1,0,0,0,Never,Moderate,Moderate,Home,1,Uninsured,Emergency,1
P004185,64,Female,23.8,126,83,78,,6.3,201.0,2,0,3,0,0,0,0,0,0,Never,Moderate,Low,Home,0,Private,Elective,0
P003823,63,Female,23.0,129,79,86,180.0,7.1,200.0,3,2,3,1,1,1,0,0,0,Former,None,Low,Home,0,Private,Urgent,0
P001317,61,Female,,130,84,46,118.0,4.8,150.0,1,1,8,0,1,0,0,0,1,Former,Moderate,Moderate,Home,1,Private,Urgent,0
P004350,72,Female,37.4,152,82,69,208.0,7.1,196.0,5,0,1,0,2,1,1,0,0,Never,Moderate,Moderate,Home,1,Medicare,Urgent,0
P000136,49,Female,23.4,124,92,83,189.0,7.7,203.0,11,2,6,0,4,1,0,1,0,Never,Low,Low,Home,1,Medicaid,Elective,1
P004971,61,Female,,133,81,106,139.0,5.1,166.0,2,0,5,4,3,0,1,0,0,Never,High,Moderate,Home,0,Private,Elective,0
P000980,71,Male,29.5,111,71,84,149.0,7.5,256.0,4,3,5,3,3,1,0,1,1,Former,Low,Moderate,Home,1,Private,Elective,0
P001471,66,Female,37.2,154,88,69,64.0,4.5,,2,2,4,0,1,0,1,0,0,Never,None,High,Home,1,Medicare,Urgent,0
P002695,85,Female,38.8,151,90,102,184.0,7.7,173.0,6,3,7,1,4,1,1,1,1,Current,Low,Low,Home Health Care,1,Uninsured,Elective,1
P005413,56,Female,24.2,125,84,97,143.0,5.2,159.0,4,1,4,0,1,0,1,0,0,,Low,Moderate,Other,1,Private,Emergency,0
P003513,55,Male,31.7,97,73,79,186.0,7.5,212.0,2,0,9,1,3,1,0,0,1,Never,Low,Low,Home,1,Private,Emergency,0
P000367,53,Male,24.4,155,87,71,104.0,5.5,234.0,2,0,4,0,2,0,1,0,0,Former,Low,Low,Home,1,Private,Emergency,0
P001238,73,Female,29.5,151,87,78,73.0,5.3,167.0,4,2,4,0,2,0,1,0,0,Never,Low,Low,Home,0,Medicare,Urgent,0
P005693,60,Female,29.2,114,90,61,133.0,4.8,255.0,3,1,5,1,1,0,0,0,0,Former,Moderate,Low,Skilled Nursing Facility,0,Medicaid,Urgent,0
P003531,87,Male,32.0,148,80,80,149.0,7.7,240.0,12,3,3,4,5,1,1,1,1,Current,None,Moderate,Other,1,Uninsured,Elective,1
P000247,48,Female,39.9,130,54,65,227.0,7.8,253.0,6,0,5,1,2,1,0,0,0,Never,None,High,Home,1,Medicare,Emergency,0
P001725,81,Female,34.7,165,94,84,180.0,7.7,278.0,3,1,5,3,2,1,1,0,0,Never,Low,Moderate,Home,0,Medicare,Emergency,0
P005350,64,Female,27.4,154,91,79,98.0,5.3,198.0,4,2,5,1,2,0,1,1,0,Never,None,High,Home,1,Private,Elective,0
P004275,70,Female,34.2,108,79,80,184.0,8.1,239.0,1,0,5,0,1,1,0,0,0,Never,Moderate,Low,Home,1,Medicare,Elective,0
P002297,100,Male,28.6,135,73,71,109.0,4.9,,3,3,5,0,2,0,1,1,0,Former,None,Low,Rehabilitation,0,Medicare,Urgent,0
P002071,59,Male,32.2,140,67,87,122.0,,202.0,2,0,9,0,0,0,0,0,0,Current,Moderate,Low,Skilled Nursing Facility,1,Private,Emergency,0
P004912,72,Male,,129,83,81,166.0,7.8,168.0,6,2,5,1,2,1,1,0,0,Never,None,High,Home,0,Medicare,Emergency,0
P001517,53,Other,,136,81,63,146.0,7.3,221.0,6,2,7,1,3,1,0,1,0,Never,None,Low,Home Health Care,0,Medicaid,Emergency,0
P003184,72,Male,25.4,104,74,84,106.0,4.8,186.0,2,1,10,1,0,0,0,0,0,Never,High,Moderate,Home,1,Medicare,Emergency,0
P004084,58,Male,15.0,132,76,80,82.0,4.8,125.0,4,0,2,1,3,0,0,1,0,Never,Low,Low,Home,0,Uninsured,Elective,0
P000189,43,Male,29.1,118,83,70,82.0,5.4,178.0,1,1,5,1,0,0,0,0,0,Never,Moderate,Moderate,Home Health Care,0,Private,Emergency,1
P000031,96,Other,35.0,169,85,85,99.0,4.4,192.0,8,0,5,0,3,0,1,1,0,Never,,Moderate,Home,1,Medicare,Emergency,0
P004867,51,Female,34.9,145,72,80,195.0,8.7,186.0,12,2,6,1,5,1,1,0,0,Never,Low,Low,Skilled Nursing Facility,1,Private,Emergency,0
P003286,79,Female,32.5,125,97,75,189.0,8.2,184.0,4,0,3,2,3,1,1,0,1,Current,None,High,Skilled Nursing Facility,0,Medicare,Elective,0
P000599,68,Male,24.1,147,89,83,122.0,5.2,191.0,1,1,6,1,0,0,0,0,0,Former,Moderate,Low,Home,0,Private,Emergency,0
P000292,66,Female,,132,78,80,73.0,4.4,153.0,1,4,4,4,1,0,0,0,0,Never,Low,Moderate,Rehabilitation,1,Medicare,Emergency,0
P003133,65,Male,30.8,155,87,83,87.0,4.9,178.0,8,2,6,6,6,0,1,1,0,Former,,High,Rehabilitation,1,Medicare,Urgent,1
P002577,52,Female,19.4,118,77,75,119.0,5.6,236.0,4,2,3,0,1,0,0,0,0,Former,None,Low,Home,1,Private,Urgent,0
P005779,84,Female,30.6,157,91,57,175.0,7.2,154.0,4,1,3,3,3,1,1,0,0,Former,Low,Low,Home,1,Private,Urgent,0
P004976,55,Female,39.0,139,64,87,168.0,,164.0,3,0,8,1,2,1,0,1,0,Never,Low,Low,Home,1,Private,Emergency,0
P002756,46,Male,22.5,138,80,78,76.0,4.6,197.0,2,0,6,0,2,0,0,0,0,Never,Moderate,High,Home,1,Medicaid,Emergency,0
P001406,74,Female,30.1,129,81,71,98.0,4.6,245.0,3,0,69,0,0,0,0,0,0,Current,None,Low,Other,1,Medicare,Emergency,0
P003707,61,Female,22.3,151,79,71,138.0,5.0,158.0,3,0,7,0,2,0,1,0,0,Current,,Low,Rehabilitation,0,Medicaid,Emergency,0
P001852,67,Male,24.3,159,74,85,172.0,8.3,196.0,1,2,7,1,3,1,1,0,1,Never,None,High,Home,1,Medicare,Emergency,0
P002947,88,Female,29.9,141,83,86,173.0,7.8,238.0,6,2,8,0,4,1,1,1,0,Never,Low,Moderate,Home Health Care,0,Medicare,Elective,1
P000933,81,Other,30.4,166,95,92,,5.0,191.0,7,0,3,1,2,0,1,0,0,Former,Moderate,Moderate,Other,1,Medicare,Elective,0
P002516,55,Male,43.1,141,73,92,147.0,6.0,232.0,7,3,7,0,3,0,1,0,0,Never,None,Low,Home,1,Private,Urgent,0
P005479,77,Female,16.9,156,71,81,,4.9,179.0,8,1,5,1,2,0,1,1,0,Never,Low,High,Home Health Care,0,Medicare,Emergency,0
P003351,65,Male,28.3,138,98,73,146.0,7.4,207.0,8,5,5,1,5,1,1,0,0,Never,Low,Low,Home,1,Private,Elective,1
P003319,81,Male,35.1,160,80,77,167.0,7.6,201.0,8,1,7,3,5,1,1,1,0,Former,Low,Moderate,Home,0,Medicare,Emergency,1
P001692,40,Male,39.7,126,75,86,203.0,8.4,187.0,3,0,5,3,3,1,0,0,1,Never,Moderate,High,Home,1,Uninsured,Emergency,1
P001178,66,Male,38.4,112,69,82,227.0,7.9,208.0,4,2,11,2,3,1,0,1,0,Former,High,Low,Home,1,Medicare,Emergency,0
P003741,40,Female,35.3,125,67,72,105.0,5.8,220.0,8,0,4,0,2,0,0,0,0,Current,None,High,Rehabilitation,0,Private,Elective,0
P000002,48,Female,31.8,93,76,89,117.0,5.1,195.0,2,0,3,0,0,0,0,0,0,Never,None,High,Home,1,Medicaid,Elective,0
P000986,73,Male,,104,65,72,101.0,6.6,227.0,3,1,6,1,3,0,0,0,0,Never,Low,Low,Home,0,Medicare,Emergency,0
P000302,41,Female,,129,83,81,,5.4,,3,1,3,0,1,0,1,0,0,Never,Low,Low,Home,1,Private,Urgent,0
P001221,63,Male,39.0,104,70,81,95.0,,,2,1,4,0,1,0,0,0,0,Never,None,High,Home,1,Uninsured,Elective,0
P002300,59,Female,31.1,100,75,90,166.0,,171.0,8,3,7,4,3,1,1,0,0,Current,Low,Low,Home,1,Uninsured,Elective,1
P003812,59,Female,23.0,120,76,75,140.0,5.5,225.0,2,0,3,0,0,0,0,0,0,Current,Moderate,Moderate,Home,0,Uninsured,Emergency,0
P001858,80,Male,25.6,168,91,72,,8.8,164.0,7,0,7,1,2,1,1,0,0,Former,Low,Moderate,Home,0,Medicare,Emergency,0
P001390,50,Male,,114,68,81,66.0,5.7,194.0,4,1,9,1,2,0,0,0,0,Former,Moderate,Low,Home,1,Private,Elective,0
P004359,57,Female,26.0,145,89,72,104.0,,218.0,3,0,4,1,1,0,0,0,0,Never,None,Moderate,Home,0,Uninsured,Elective,0
P004052,63,Male,27.2,144,73,83,135.0,5.4,192.0,5,0,3,0,1,0,1,0,0,Former,Low,Low,Home,1,Uninsured,Emergency,0
P004377,41,Female,34.2,119,78,78,119.0,5.2,212.0,0,0,4,3,0,0,0,0,0,Never,Low,Low,Home,0,Medicaid,Emergency,0
P003474,72,Female,17.5,131,80,82,88.0,5.3,227.0,1,0,3,1,1,0,1,0,0,Current,Low,Moderate,Other,0,Medicare,Emergency,1
P000719,59,Male,34.8,158,69,88,153.0,7.2,167.0,4,1,5,1,4,1,1,1,0,Former,None,Moderate,Home,1,Medicaid,Elective,0
P002248,53,Male,36.6,105,83,89,210.0,7.7,127.0,4,0,3,0,1,1,0,0,0,Never,None,High,Home Health Care,0,Medicare,Elective,1
P002607,49,Male,39.2,103,70,63,195.0,8.3,148.0,2,0,11,1,2,1,0,0,0,Never,Moderate,Low,Home,1,Uninsured,Emergency,0
P004839,82,Male,34.8,149,96,91,154.0,5.0,153.0,5,2,9,1,4,0,1,0,0,Never,None,High,Skilled Nursing Facility,1,Medicare,Elective,0
P004283,76,Female,15.7,142,78,50,60.0,4.9,165.0,3,1,3,0,0,0,0,0,0,,None,Moderate,Skilled Nursing Facility,1,Private,Urgent,0
P002142,59,Male,28.5,94,68,90,101.0,6.2,244.0,4,1,4,0,1,0,0,0,1,Former,None,Low,Home,1,Private,Urgent,0
P003229,73,Female,28.2,136,87,75,136.0,7.3,260.0,7,1,2,1,3,1,0,1,1,Never,,Low,Home,1,Medicare,Elective,0
P002914,30,Male,29.8,102,62,88,86.0,5.4,215.0,3,1,6,1,1,0,0,0,0,Never,Low,High,Home,0,Private,Emergency,0
P002984,68,Male,25.1,132,89,85,120.0,6.0,140.0,8,2,8,1,4,0,1,0,0,Current,Low,Moderate,Home,0,Medicare,Urgent,0
P003503,74,Female,,116,67,103,62.0,4.2,180.0,2,2,4,3,2,0,1,1,0,Never,Moderate,Low,Home,1,Medicare,Urgent,1
P001728,56,Male,28.7,116,63,75,191.0,8.1,215.0,3,0,8,0,2,1,0,0,0,Current,Low,Low,Home,0,Private,Emergency,0
P003874,46,Male,26.1,118,64,78,112.0,5.5,253.0,1,2,3,1,0,0,0,0,0,Current,Low,Low,Home,1,Private,Elective,0
P003977,69,Male,27.2,115,72,87,79.0,4.9,,2,0,4,1,1,0,0,0,0,Former,None,Moderate,Home,1,Private,Emergency,0
P005543,73,Male,31.8,144,78,60,111.0,5.3,220.0,9,1,4,2,3,0,1,0,0,Never,High,High,Home,0,Medicare,Urgent,0
P002243,43,Female,18.9,133,89,77,101.0,5.1,230.0,1,1,2,0,1,0,0,0,0,Former,Low,Moderate,Home,0,Private,Urgent,0
P003653,77,Male,19.5,165,84,92,62.0,5.9,213.0,1,3,7,2,1,0,1,0,0,Current,Low,Low,Home,1,Private,Emergency,1
P005866,39,Female,30.0,108,79,73,117.0,6.3,199.0,6,2,5,0,1,0,0,0,0,Current,High,Moderate,Home,0,Medicaid,Urgent,0
P003259,51,Male,19.6,130,65,82,113.0,5.0,178.0,4,1,6,0,1,0,0,0,0,Current,High,High,Home,0,Private,Urgent,0
P002561,69,Male,28.3,125,84,81,403.0,5.2,211.0,2,1,5,0,1,0,0,1,0,Never,High,High,Home,0,Private,Elective,0
P003993,59,Female,30.0,141,89,78,95.0,4.8,241.0,4,0,7,0,2,0,1,0,0,Never,Low,Low,Home,1,Uninsured,Emergency,0
P004334,79,Male,29.0,118,69,87,139.0,5.5,207.0,3,1,4,0,2,0,0,1,0,Former,None,Moderate,Rehabilitation,0,Private,Urgent,0
P004720,66,Female,23.3,130,57,74,93.0,5.0,272.0,7,2,4,1,4,0,1,1,0,Former,Moderate,Moderate,Home,1,Private,Emergency,0
P000967,60,Female,31.5,120,80,73,191.0,7.2,220.0,4,2,4,0,2,1,0,0,0,Never,Moderate,Moderate,Skilled Nursing Facility,1,Uninsured,Emergency,0
P001889,41,Male,28.0,117,73,71,130.0,5.7,188.0,1,0,4,0,0,0,0,0,0,Former,Low,Moderate,Rehabilitation,1,Medicaid,Urgent,0
P005581,70,Male,27.9,143,88,62,72.0,4.9,172.0,3,0,5,0,1,0,0,0,0,Former,Low,Low,Home,1,Medicare,Urgent,0
P000099,70,Female,20.9,148,72,74,104.0,5.4,148.0,5,0,5,0,1,0,1,0,0,Never,Low,Low,Home,0,Medicare,Emergency,0
P004793,75,Female,61.5,127,74,75,172.0,8.3,120.0,4,1,5,0,1,1,0,0,0,Former,None,Low,Home Health Care,0,Medicare,Emergency,1
P001786,82,Male,20.2,127,59,108,93.0,4.6,158.0,6,3,5,3,3,0,1,0,1,Never,High,High,Skilled Nursing Facility,1,Medicare,Elective,0
P003929,42,Female,22.5,106,84,91,102.0,4.5,207.0,3,2,1,2,1,0,0,0,0,Former,Low,Moderate,Home,0,Medicaid,Urgent,0
P005185,48,Female,39.3,99,87,79,127.0,5.7,176.0,2,0,4,0,0,0,0,0,0,Never,Low,Moderate,Home,1,Uninsured,Elective,0
P000974,73,Male,25.5,148,76,68,117.0,5.2,199.0,5,2,6,3,2,0,1,1,0,Former,None,Low,Home,1,Medicare,Emergency,0
P005396,73,Female,35.0,132,76,75,142.0,5.7,185.0,7,2,3,3,3,0,1,0,1,,Low,Moderate,Skilled Nursing Facility,1,Medicare,Urgent,0
P000352,77,Male,24.2,118,70,80,104.0,6.2,117.0,3,1,6,3,1,0,0,0,0,Current,Low,Moderate,Home,0,Medicare,Urgent,1
P001516,67,Male,24.9,113,79,78,142.0,5.0,188.0,2,2,6,3,0,0,0,0,0,Former,Low,Moderate,Home,1,Medicare,Emergency,0
P001660,66,Male,28.4,135,76,87,,5.4,203.0,5,0,4,1,2,0,1,1,0,Current,Low,Moderate,Home,0,Medicare,Urgent,0
P005121,67,Male,38.4,130,82,90,167.0,8.2,160.0,4,2,6,1,5,1,0,0,0,Never,None,Moderate,Home,0,Medicare,Elective,1
P000029,70,Male,26.0,120,76,98,193.0,7.4,142.0,2,1,5,0,2,1,0,1,0,Former,None,Low,Home,1,Private,Emergency,0
P000580,69,Male,38.0,121,78,82,173.0,8.1,191.0,6,2,8,0,3,1,0,0,0,Never,None,Moderate,Home,1,Medicaid,Emergency,0
P000458,51,Male,26.5,147,93,76,82.0,4.6,110.0,2,2,3,2,2,0,1,0,0,Current,None,Moderate,Home Health Care,0,Private,Urgent,0
P003684,57,Male,27.9,100,73,48,74.0,4.8,198.0,3,0,7,0,2,0,0,0,0,Current,None,Moderate,Home,1,Private,Emergency,0
P004137,85,Female,17.8,162,95,106,103.0,6.0,114.0,1,0,4,0,2,0,1,1,0,Never,Low,Moderate,Skilled Nursing Facility,1,Medicare,Urgent,0
P002416,84,Male,20.6,133,68,85,77.0,5.0,141.0,5,1,6,3,1,0,1,0,0,Former,None,High,Home,1,Medicaid,Elective,0
P005602,84,Male,29.8,135,77,60,110.0,5.0,184.0,5,2,6,2,4,0,1,0,1,Former,,Moderate,Rehabilitation,1,Medicare,Emergency,0
P004542,68,Female,32.1,122,78,52,152.0,7.8,193.0,2,2,7,3,3,1,1,0,1,Never,Low,Moderate,Home,0,Medicare,Emergency,1
P002340,77,Female,26.9,151,81,87,118.0,6.2,129.0,7,1,6,2,3,0,1,0,0,Never,None,Moderate,Other,1,Medicare,Emergency,0
P002977,52,Female,23.5,142,86,77,70.0,5.8,227.0,5,0,4,2,1,0,0,0,1,Current,None,Low,Home Health Care,1,Private,Elective,0
P004165,61,Male,32.9,117,82,74,213.0,8.1,196.0,5,3,5,0,3,1,1,1,0,Never,Moderate,High,Home,1,Private,Emergency,1
P001983,64,Female,33.6,138,78,86,,7.6,216.0,5,3,5,0,3,1,0,0,0,Current,Moderate,High,Home,0,Private,Elective,1
P000404,58,Female,26.9,137,71,114,83.0,4.5,152.0,2,2,5,0,1,0,1,0,0,Never,None,Low,Home,1,Uninsured,Emergency,0
P004312,65,Female,30.3,125,70,89,154.0,6.0,156.0,1,1,4,1,0,0,0,0,0,Never,Low,Moderate,Home,0,Medicare,Urgent,0
P003753,61,Female,27.7,145,83,58,204.0,8.4,200.0,10,0,10,2,3,1,1,0,0,Current,,Moderate,Home,1,Private,Emergency,0
P002811,54,Male,36.9,93,61,77,234.0,8.2,269.0,1,0,7,2,2,1,0,0,0,Current,None,Moderate,Home,0,Private,Emergency,0
P005493,61,Female,34.9,95,62,79,93.0,5.0,197.0,2,0,2,2,0,0,0,0,0,Current,High,Low,Home,1,Private,Emergency,1
P001988,52,Female,22.3,112,76,87,113.0,5.2,165.0,2,0,7,1,1,0,0,0,0,Never,None,Low,Home,1,Private,Emergency,0
P001412,97,Male,35.0,161,97,98,80.0,,175.0,13,5,9,1,5,0,1,1,0,Never,None,Low,Home Health Care,0,Medicare,Emergency,1
P003212,63,Other,36.8,161,87,85,111.0,5.3,203.0,11,2,6,1,4,0,1,1,0,Current,None,High,Home,0,Private,Emergency,0
P001436,63,Male,33.2,117,93,80,179.0,6.2,188.0,1,1,5,0,2,1,0,0,1,Current,None,Moderate,Skilled Nursing Facility,0,Private,Emergency,0
P004670,52,Male,27.2,108,76,96,69.0,5.5,253.0,2,0,4,0,0,0,0,0,0,Current,None,Moderate,Home,1,Uninsured,Urgent,0
P001193,60,Female,25.0,139,83,94,83.0,4.6,198.0,3,1,7,0,2,0,1,0,0,Current,None,High,Home,0,Private,Urgent,0
P005691,91,Female,20.3,138,81,76,169.0,7.3,248.0,10,0,5,3,4,1,1,1,0,Former,None,Low,Home,0,Medicare,Elective,0
P004983,38,Male,37.2,114,63,86,167.0,7.9,159.0,7,6,5,1,2,1,0,1,0,Former,None,Moderate,Home,1,Private,Elective,0
P002828,93,Female,21.8,116,67,85,100.0,5.4,160.0,2,0,2,0,0,0,0,0,0,Former,None,Moderate,Home Health Care,1,Medicare,Emergency,0
P002069,72,Female,32.7,121,70,81,97.0,4.4,148.0,5,1,5,2,2,0,0,0,1,Former,,Moderate,Home,0,Medicare,Emergency,1
P002252,63,Female,28.8,137,71,69,89.0,4.3,212.0,9,0,9,2,3,0,1,0,0,Former,Moderate,Low,Home Health Care,1,Private,Emergency,1
P005572,59,Male,24.4,147,92,93,121.0,5.1,232.0,3,0,3,0,1,0,0,1,0,Current,Low,Moderate,Rehabilitation,1,Medicaid,Elective,0
P003769,78,Male,22.0,165,84,76,83.0,4.8,138.0,3,1,3,1,1,0,1,0,0,Former,Moderate,Low,Home,0,Medicare,Emergency,0
P005447,40,Male,30.7,106,74,76,166.0,8.2,163.0,0,0,3,0,1,1,0,0,0,Former,Low,High,Home Health Care,0,Uninsured,Urgent,0
P004085,79,Male,27.4,118,66,94,128.0,5.9,225.0,3,0,9,0,1,0,0,1,0,Never,Low,Low,Home Health Care,1,Medicare,Emergency,1
P005996,42,Male,26.5,148,98,86,107.0,5.2,223.0,1,0,4,3,2,0,1,1,0,Never,Low,High,Home,1,Private,Emergency,0
P004435,93,Male,23.5,129,77,103,197.0,8.1,259.0,3,2,10,1,3,1,1,1,0,Former,,Moderate,Home Health Care,1,Medicare,Emergency,1
P002636,82,Female,19.9,115,70,106,99.0,5.0,259.0,7,4,2,3,1,0,0,1,0,Current,,Moderate,Rehabilitation,1,Medicare,Emergency,1
P003933,69,Male,34.2,99,70,99,89.0,,187.0,6,1,4,0,1,0,0,1,0,Former,None,Moderate,Home,0,Medicare,Urgent,0
P000042,72,Female,28.0,118,89,79,67.0,,150.0,3,1,4,2,1,0,0,0,0,Never,None,Low,Home,1,Medicare,Emergency,0
P000199,64,Male,22.2,141,76,83,108.0,5.9,209.0,2,0,5,2,1,0,0,0,0,Current,Low,High,Home,0,Private,Emergency,0
P002857,63,Male,31.6,136,90,72,96.0,5.0,235.0,1,0,2,1,1,0,1,0,0,Former,Moderate,High,Home,0,Private,Urgent,1
P003138,80,Male,33.6,138,84,77,171.0,6.8,,7,0,2,3,3,1,1,0,1,Never,High,High,Skilled Nursing Facility,1,Medicare,Urgent,0
P003633,54,Female,31.4,136,80,67,95.0,4.6,,4,0,11,0,3,0,0,0,0,Never,Low,Moderate,Home,0,Private,Emergency,0
P000706,49,Other,29.9,138,79,78,104.0,5.0,152.0,2,0,4,1,1,0,0,0,0,Former,Moderate,Moderate,Home,1,Private,Urgent,0
P002517,64,Male,18.3,122,77,77,76.0,4.4,233.0,2,2,7,4,2,0,0,0,1,Never,None,Moderate,Home,0,Private,Emergency,1
P001844,42,Female,24.5,98,70,81,118.0,5.8,200.0,4,0,4,0,1,0,0,0,0,Former,Moderate,Moderate,Skilled Nursing Facility,0,Private,Emergency,0
P001631,46,Male,29.5,124,83,71,97.0,5.9,115.0,4,1,6,1,1,0,0,0,0,Never,Moderate,Low,Home,1,Private,Urgent,1
P004470,52,Female,30.5,104,89,71,139.0,5.2,220.0,6,1,4,0,2,0,0,1,0,Current,None,Moderate,Home,1,Medicaid,Elective,0
P000713,48,Male,30.8,150,94,83,109.0,5.4,195.0,3,2,3,1,3,0,1,0,0,Never,None,Low,Home,1,Medicaid,Elective,0
P000483,65,Female,33.5,112,71,108,136.0,7.0,234.0,6,1,3,1,2,1,0,0,1,Never,Moderate,Low,Home,0,Medicare,Emergency,0
P000669,56,Male,30.3,104,62,75,69.0,5.0,135.0,2,0,6,0,1,0,0,0,0,Former,Low,Low,Home,1,Private,Emergency,0
P001175,63,Male,,161,95,72,62.0,,172.0,4,1,7,0,1,0,1,0,0,Never,None,Moderate,Home,1,Medicare,Emergency,0
P002315,71,Female,27.8,119,63,65,87.0,4.9,204.0,6,1,6,0,3,0,0,1,0,Never,Low,Low,Home,1,Medicare,Emergency,0
P005083,65,Female,31.0,139,102,78,212.0,8.1,230.0,2,3,2,3,2,1,0,1,0,Never,Moderate,Low,Home,1,Medicaid,Emergency,0
P004827,57,Female,29.7,107,85,83,72.0,4.8,169.0,0,0,5,0,0,0,0,0,0,Never,None,Moderate,Home,0,Private,Elective,0
P004583,66,Female,26.0,144,79,54,137.0,4.3,163.0,3,0,5,1,0,0,0,0,0,Former,None,Low,Rehabilitation,0,Private,Elective,1
P002496,97,Male,32.7,141,89,91,256.0,,189.0,11,1,7,1,5,1,0,0,1,Former,Moderate,Moderate,Skilled Nursing Facility,1,Medicare,Emergency,1
P000208,46,Female,24.7,146,83,66,110.0,5.3,213.0,0,0,5,0,0,0,0,0,0,Current,None,Low,Home Health Care,1,Private,Urgent,0
P003759,70,Female,21.3,119,94,80,139.0,7.5,212.0,1,2,7,0,1,1,0,0,0,Former,Moderate,High,Rehabilitation,1,Medicare,Emergency,0
P005015,69,Male,28.1,122,77,89,214.0,8.4,141.0,5,1,5,1,2,1,1,0,0,Never,Low,Moderate,Home,1,Medicare,Emergency,1
P002034,58,Female,28.2,133,84,87,259.0,8.1,223.0,5,3,2,1,2,1,1,0,0,Never,Moderate,Low,Home,1,Uninsured,Emergency,0
P005001,60,Female,30.9,113,87,95,113.0,5.2,186.0,0,0,6,0,0,0,0,0,0,Former,None,Low,Home,0,Uninsured,Emergency,0
P001798,62,Female,28.4,136,78,74,115.0,5.7,192.0,4,1,4,2,1,0,0,0,0,Former,Low,Moderate,Home,1,Medicaid,Elective,0
P005720,71,Male,32.0,112,76,74,180.0,7.8,255.0,11,2,5,3,3,1,1,0,0,Current,High,Low,Home,0,Medicare,Urgent,1
P004851,59,Female,30.6,139,90,71,95.0,6.0,202.0,6,0,11,2,1,0,0,0,0,Never,None,Low,Rehabilitation,0,Private,Emergency,0
P005020,77,Female,25.9,123,83,80,111.0,5.4,259.0,5,1,6,1,2,0,0,1,0,Former,None,High,Home,1,Medicare,Urgent,0
P002742,74,Male,32.7,113,81,90,150.0,8.5,166.0,3,2,3,0,1,1,0,0,0,Former,High,Low,Home,1,Private,Elective,0
P001678,69,Male,29.3,93,57,94,71.0,5.2,129.0,1,0,7,0,0,0,0,0,0,Never,Low,Moderate,Home,1,Medicare,Elective,0
P004940,50,Male,28.8,137,85,85,93.0,5.3,199.0,4,0,4,2,3,0,1,0,0,Current,High,High,Home,1,Private,Elective,0
P004876,57,Male,38.1,146,93,81,98.0,5.6,137.0,3,0,3,0,1,0,1,0,0,Never,Low,High,Home,0,Private,Urgent,0
P000297,68,Female,32.7,134,94,83,78.0,4.9,228.0,2,0,2,0,1,0,0,0,1,Never,Low,Low,Home,0,Medicare,Elective,0
P000113,55,Male,24.0,129,65,74,125.0,5.3,110.0,1,0,5,0,0,0,0,0,0,Former,Moderate,Low,Home,1,Medicaid,Emergency,0
P004909,56,Male,19.9,145,88,96,81.0,4.4,409.0,2,0,5,1,1,0,0,0,0,Former,Low,Low,Home,1,Uninsured,Emergency,0
P000250,46,Female,31.0,111,75,93,133.0,4.8,475.0,5,0,4,1,2,0,0,0,0,Never,Low,High,Rehabilitation,1,Private,Elective,0
P001654,58,Male,31.0,124,75,64,197.0,7.7,194.0,8,0,5,0,2,1,1,0,0,Former,Moderate,Moderate,Home Health Care,1,Medicare,Urgent,0
P002377,72,Male,25.0,137,82,70,135.0,5.8,210.0,6,1,7,2,2,0,1,1,0,Former,Low,Low,Home,0,Medicare,Urgent,0
P002892,70,Female,23.5,109,66,83,122.0,5.4,240.0,1,1,1,0,0,0,0,0,0,Never,None,Low,Home,0,Medicare,Elective,0
P005341,67,Female,,164,92,76,,8.1,240.0,1,2,5,1,2,1,1,0,0,Never,None,Moderate,Home Health Care,0,Medicare,Elective,0
P005422,46,Male,35.8,105,64,71,156.0,8.4,181.0,2,0,6,1,1,1,0,0,0,Never,None,Moderate,Home,1,Medicaid,Elective,0
P002368,58,Female,26.5,122,84,103,153.0,7.9,229.0,6,0,5,1,1,1,0,0,0,Former,Low,Moderate,Home,0,Private,Urgent,0
P005075,83,Female,37.1,154,75,63,139.0,6.7,209.0,7,1,4,1,3,1,1,0,1,Current,None,Moderate,Home,1,Uninsured,Urgent,0
P005642,36,Female,17.9,121,67,78,101.0,5.2,166.0,8,0,6,0,1,0,1,0,0,Never,None,Moderate,Home,1,Private,Emergency,0
P003481,57,Female,28.6,142,92,66,67.0,,154.0,4,2,5,1,2,0,1,1,0,Former,Moderate,Moderate,Home,1,Private,Emergency,0
P002135,52,Male,30.0,124,76,69,141.0,7.5,197.0,8,1,5,1,3,1,0,0,0,Never,Low,Moderate,Home,1,Medicaid,Urgent,0
P001588,78,Male,40.4,134,72,73,231.0,,246.0,5,1,5,2,3,1,1,0,0,Never,High,Low,Home,0,Private,Emergency,1
P002402,79,Female,34.5,126,74,85,152.0,7.6,166.0,4,0,4,2,2,1,0,0,1,Never,Low,Low,Rehabilitation,1,Medicare,Emergency,0
P002668,60,Female,33.4,129,83,82,106.0,4.9,232.0,3,0,4,0,1,0,1,0,0,Never,None,Moderate,Home,1,Private,Urgent,0
P003296,73,Female,29.8,122,79,74,87.0,4.9,202.0,5,0,2,1,2,0,0,0,1,Current,Low,Moderate,Home,1,Private,Elective,0
P005974,63,Male,37.3,156,79,69,81.0,5.0,203.0,7,0,7,0,2,0,1,0,0,Current,None,Moderate,Home,1,Private,Emergency,0
P001488,43,Female,33.7,122,74,76,111.0,,213.0,1,0,6,0,0,0,0,0,0,Never,Moderate,Moderate,Home,1,Private,Emergency,0
P000936,73,Female,20.0,115,71,90,,7.8,214.0,4,2,5,1,2,1,0,0,0,Current,Low,Low,Home,0,Medicare,Emergency,0
P001708,68,Female,29.4,138,75,82,166.0,5.7,180.0,8,2,4,3,3,0,1,1,0,Never,None,Moderate,Home,1,Medicare,Urgent,1
P004307,68,Female,29.8,134,83,91,179.0,6.6,234.0,6,1,2,1,2,1,0,0,1,Former,None,High,Rehabilitation,1,Medicare,Emergency,0
P002873,48,Male,24.1,119,73,87,112.0,5.5,233.0,7,2,6,1,2,0,0,0,0,Former,None,Moderate,Home,1,Medicaid,Urgent,0
P001242,49,Female,31.5,117,86,62,106.0,5.7,225.0,2,1,4,2,1,0,0,0,1,Never,Moderate,High,Other,1,Uninsured,Elective,0
P003219,98,Female,16.4,120,83,64,133.0,5.9,213.0,5,1,5,0,3,0,0,1,1,Current,Low,High,Home Health Care,1,Private,Emergency,0
P003507,61,Female,27.2,119,67,79,104.0,4.8,256.0,1,0,3,0,1,0,0,0,0,Former,Low,Low,Home Health Care,1,Medicaid,Elective,0
P000555,63,Female,36.5,121,95,76,120.0,4.6,161.0,3,0,4,0,0,0,0,0,0,Never,Low,High,Home,1,Private,Emergency,0
P003397,50,Female,27.6,121,76,82,157.0,6.1,197.0,3,1,5,0,1,0,0,0,0,Never,None,Low,Rehabilitation,0,Private,Urgent,0
P003826,60,Female,,108,68,69,173.0,5.5,186.0,2,0,1,0,1,0,0,0,0,Never,None,Moderate,Home,1,Medicaid,Urgent,0
P000460,64,Female,28.6,144,82,86,100.0,4.9,208.0,3,0,6,0,1,0,0,1,0,Current,Low,Moderate,Home,1,Private,Emergency,0
P003758,45,Female,34.2,102,67,72,181.0,7.7,185.0,2,1,6,2,3,1,0,0,0,Former,None,Low,Home,1,Private,Urgent,0
P001298,54,Female,24.6,115,77,78,,5.6,194.0,0,1,5,0,0,0,0,0,0,Former,None,Low,Home,1,Medicaid,Emergency,0
P005165,50,Male,32.0,146,80,89,107.0,5.4,148.0,0,0,2,1,0,0,0,0,0,Former,Moderate,Low,Home,1,Medicaid,Elective,0
P000151,62,Female,15.0,153,75,62,117.0,4.6,142.0,3,0,5,1,0,0,0,0,0,Former,Low,Low,Home Health Care,1,Medicaid,Emergency,0
P000072,47,Female,23.1,120,70,87,147.0,5.9,180.0,1,0,5,1,1,0,0,0,0,Never,High,Low,Home,1,Private,Emergency,0
P004386,58,Female,22.0,108,65,89,117.0,4.8,229.0,1,0,3,0,0,0,0,0,0,Never,Moderate,Moderate,Home,1,Medicaid,Emergency,0
P003038,63,Male,33.6,105,62,84,182.0,7.3,200.0,5,1,4,3,1,1,0,0,0,Current,None,High,Home,1,Private,Urgent,1
P002958,66,Female,20.3,121,58,86,116.0,6.2,251.0,1,0,4,0,2,0,0,0,0,Never,Moderate,Low,Home,0,Medicare,Emergency,0
P004203,72,Female,28.9,126,70,87,67.0,4.9,395.0,7,0,8,0,2,0,1,0,0,Never,Low,Moderate,Home Health Care,1,Medicare,Emergency,0
P001401,82,Male,29.4,138,97,80,123.0,5.3,232.0,1,1,7,0,2,0,1,1,0,Former,None,Moderate,Skilled Nursing Facility,1,Medicare,Emergency,0
P003421,64,Female,26.8,165,77,93,112.0,5.4,132.0,5,1,5,0,1,0,1,0,0,Never,Low,Low,Home,1,Medicaid,Emergency,0
P003693,35,Male,30.0,110,69,75,167.0,7.8,199.0,8,1,5,1,3,1,0,0,1,Never,Low,Low,Home,1,Medicaid,Urgent,0
P002982,87,Male,27.1,167,83,104,105.0,4.7,284.0,5,0,8,1,3,0,1,1,0,,Low,Low,Home,1,Medicaid,Emergency,0
P002568,71,Female,33.0,143,92,84,119.0,5.4,233.0,5,1,4,2,3,0,1,1,0,Never,Low,High,Home,1,Medicare,Urgent,0
P004731,62,Female,32.0,127,84,95,83.0,4.8,197.0,1,0,2,0,1,0,0,1,0,Never,Moderate,Moderate,Home,1,Private,Urgent,0
P004630,48,Male,29.8,119,56,83,146.0,5.9,158.0,0,1,6,2,0,0,0,0,0,Former,Low,Low,Home,1,Private,Emergency,0
P005803,75,Male,32.1,147,85,84,80.0,5.0,234.0,3,3,6,1,2,0,1,0,0,Never,Low,Low,Rehabilitation,1,Medicare,Emergency,1
P003020,33,Female,33.0,95,66,86,73.0,4.8,145.0,2,1,6,0,0,0,0,0,0,Former,Moderate,Moderate,Other,1,Private,Urgent,0
P004453,44,Male,30.8,85,69,95,108.0,5.5,197.0,0,0,1,0,0,0,0,0,0,Former,Moderate,Moderate,Other,0,Private,Elective,0
P001912,72,Female,25.1,146,89,83,120.0,4.9,255.0,9,2,8,0,5,0,1,1,0,Never,High,Low,Rehabilitation,0,Private,Emergency,1
P001416,51,Female,34.4,121,77,77,93.0,,211.0,1,0,3,0,0,0,0,0,0,Current,Low,Moderate,Home,1,Private,Urgent,0
P003486,80,Female,22.2,130,73,85,133.0,4.7,240.0,3,0,8,0,1,0,0,1,0,Never,None,Moderate,Rehabilitation,0,Medicare,Emergency,0
P000970,65,Female,24.4,128,97,89,182.0,7.5,167.0,6,3,4,1,3,1,0,0,1,Never,None,High,Home,1,Medicare,Urgent,0
P004622,63,Male,19.0,125,79,57,96.0,5.5,243.0,1,0,5,0,1,0,0,0,0,Never,Moderate,Moderate,Home,0,Medicaid,Emergency,0
P005901,65,Female,26.3,116,65,94,161.0,5.8,221.0,1,0,1,1,0,0,0,0,0,Never,Low,Moderate,Home,0,Medicare,Elective,0
P004240,74,Female,29.6,126,81,86,131.0,4.9,172.0,7,3,8,2,2,0,0,0,0,Never,Low,Low,Home Health Care,1,Medicare,Elective,0
P003588,67,Other,29.9,150,77,104,77.0,4.8,188.0,3,0,5,1,3,0,1,1,0,Never,High,Moderate,Home,1,Medicaid,Elective,1
P005058,58,Female,28.4,112,78,84,113.0,5.6,174.0,4,0,6,0,1,0,0,1,0,,None,Moderate,Home Health Care,0,Medicaid,Elective,0
P002114,67,Female,30.1,154,79,46,85.0,4.8,294.0,5,3,10,1,2,0,1,0,0,Never,None,Moderate,Rehabilitation,1,Medicare,Emergency,0
P000519,77,Female,24.9,117,84,93,89.0,5.4,118.0,7,1,7,0,1,0,0,0,0,Former,Moderate,High,Rehabilitation,0,Medicare,Emergency,0
P005462,62,Female,,139,81,90,99.0,5.1,236.0,6,0,6,1,2,0,0,1,0,Never,High,High,Home,0,Medicare,Emergency,0
P000346,33,Male,,136,83,89,75.0,4.8,119.0,1,1,7,0,0,0,0,0,0,Former,None,Moderate,Home,0,Medicaid,Emergency,0
P002526,74,Male,20.9,138,71,76,186.0,7.8,206.0,5,1,2,0,1,1,0,0,0,Former,Low,Low,Home,0,Medicare,Urgent,0
P005004,70,Male,33.9,142,95,77,99.0,5.3,216.0,6,0,4,1,3,0,1,0,1,Former,,Moderate,Home,1,Medicare,Urgent,0
P000984,75,Female,29.4,134,81,88,93.0,4.2,148.0,1,2,11,1,2,0,1,0,0,Former,Moderate,High,Home,0,Private,Urgent,0
P000685,57,Female,22.3,119,82,79,81.0,4.9,236.0,9,3,5,3,2,0,0,0,1,Never,Low,High,Home,1,Medicaid,Urgent,0
P000881,67,Female,23.5,104,75,84,90.0,4.7,174.0,2,2,5,2,3,0,0,0,0,Former,High,Moderate,Home,1,Medicare,Emergency,0
P001634,64,Male,31.4,141,71,83,133.0,5.7,239.0,4,1,4,0,1,0,1,0,0,Former,None,High,Home,0,Private,Urgent,1
P002299,56,Male,,127,68,90,113.0,4.8,156.0,1,0,11,0,1,0,0,0,0,Current,Moderate,Moderate,Home,0,Private,Emergency,0
P000743,49,Male,29.5,138,77,62,104.0,5.2,164.0,1,1,3,0,0,0,0,0,0,Current,None,High,Home,0,Private,Urgent,0
P005522,74,Female,34.2,147,69,97,,5.4,136.0,6,1,4,2,2,0,1,1,0,Former,None,High,Home,1,Medicare,Urgent,1
P000117,67,Male,18.7,112,87,74,180.0,,140.0,8,2,5,2,4,1,0,0,1,Current,High,High,Home Health Care,1,Private,Emergency,0
P002805,51,Male,30.3,124,81,78,61.0,4.7,217.0,1,0,1,0,0,0,0,0,0,Never,High,Moderate,Home,0,Private,Emergency,0
P004464,55,Female,23.9,111,69,72,111.0,5.2,159.0,5,1,9,1,2,0,0,1,0,Former,None,Moderate,Home,1,Private,Emergency,0
P000575,67,Male,25.4,119,72,78,108.0,5.8,206.0,3,0,10,3,1,0,0,1,0,Never,None,Moderate,Home,1,Medicare,Emergency,0
P000735,68,Male,24.0,155,73,89,121.0,5.5,247.0,0,0,5,0,0,0,0,0,0,Never,None,High,Home,1,Medicare,Emergency,0
P001512,72,Female,35.3,110,67,95,180.0,7.3,197.0,5,2,3,1,2,1,0,0,1,Never,Low,High,Home,1,Medicare,Emergency,1
P000940,77,Female,,148,83,68,104.0,5.6,186.0,4,0,4,1,3,0,1,0,0,Current,None,Low,Home Health Care,1,Medicare,Emergency,0
P001593,61,Male,27.5,140,73,72,62.0,5.0,235.0,5,0,6,1,2,0,0,0,0,Former,Low,Moderate,Rehabilitation,1,Uninsured,Emergency,0
P005620,71,Female,32.2,136,65,81,67.0,5.9,185.0,5,0,2,0,1,0,1,0,0,Never,None,Moderate,Home,0,Medicare,Elective,0
P001636,80,Female,32.8,140,82,74,214.0,8.8,241.0,13,4,3,2,4,1,1,0,0,Never,Low,Low,Home,1,Medicare,Elective,1
P001373,70,Female,24.2,108,72,64,72.0,5.7,228.0,2,0,1,0,0,0,0,0,0,Never,Low,Low,Home,1,Medicaid,Elective,0
P005897,73,Female,22.5,149,89,90,115.0,5.6,215.0,3,2,4,2,3,0,0,0,1,Never,Low,High,Home,1,Medicaid,Emergency,0
P005935,40,Male,25.7,112,83,71,105.0,5.4,164.0,2,0,3,0,0,0,0,0,0,Never,None,High,Rehabilitation,0,Private,Emergency,0
P003649,85,Male,31.3,155,82,87,116.0,5.7,181.0,7,1,10,0,3,0,1,0,0,Never,None,Moderate,Other,1,Private,Emergency,0
P002201,56,Female,23.6,122,78,73,105.0,4.6,218.0,3,1,5,0,1,0,0,0,0,Never,Low,High,Home,0,Medicaid,Urgent,0
P003988,71,Female,29.0,126,67,81,115.0,5.6,177.0,3,0,4,1,1,0,0,0,0,Never,Low,Moderate,Home,1,Private,Urgent,0
P000705,80,Female,28.9,133,81,89,244.0,8.7,,0,2,2,3,1,1,0,0,0,Former,Low,Moderate,Skilled Nursing Facility,0,Medicare,Elective,1
P001276,64,Male,29.2,104,74,73,188.0,7.9,223.0,3,2,4,4,3,1,0,0,1,Never,None,Low,Home,0,Private,Elective,1
P002349,87,Female,22.5,154,90,89,144.0,5.5,,8,1,2,2,2,0,1,0,0,Former,Low,Moderate,Skilled Nursing Facility,0,Medicare,Elective,0
P003690,84,Female,25.8,172,92,86,163.0,6.8,238.0,8,0,9,0,5,1,1,1,0,Former,Moderate,High,Home,1,Medicare,Emergency,1
P003869,69,Male,29.5,167,108,79,122.0,5.2,201.0,2,0,10,2,1,0,1,0,0,Former,None,High,Home,0,Medicare,Emergency,0
P000581,28,Male,32.3,117,75,64,73.0,5.5,194.0,1,1,2,0,0,0,0,0,0,Never,Low,Moderate,Home,1,Private,Elective,0
P004132,53,Female,16.4,138,62,97,86.0,5.5,160.0,10,2,5,1,3,0,1,0,0,Never,,Moderate,Home,1,Private,Elective,0
P004482,63,Male,24.6,118,68,75,196.0,8.6,181.0,3,3,9,0,3,1,0,0,1,Former,None,Moderate,Home,0,Private,Emergency,1
P005445,81,Male,31.0,144,91,78,82.0,5.1,303.0,2,3,9,1,3,0,1,1,0,Former,Moderate,Low,Skilled Nursing Facility,0,Medicaid,Elective,0
P003671,71,Male,18.1,135,76,47,121.0,5.5,,5,0,5,1,2,0,1,1,0,Former,None,Low,Home,1,Medicare,Urgent,0
P004702,57,Female,27.2,129,81,69,152.0,6.3,136.0,8,1,8,1,4,0,1,0,0,Never,Moderate,Low,Skilled Nursing Facility,1,Medicaid,Elective,0
P003776,50,Male,39.6,123,89,82,118.0,5.2,197.0,3,0,4,1,1,0,0,1,0,Former,Low,Low,Rehabilitation,1,Medicare,Emergency,0
P000641,42,Female,31.7,131,76,86,67.0,4.7,152.0,2,0,2,1,1,0,1,0,0,Never,None,Low,Home,0,Private,Elective,0
P000569,72,Female,27.5,116,83,87,91.0,5.8,168.0,2,0,5,0,0,0,0,0,0,Never,None,Moderate,Home Health Care,0,Medicare,Emergency,0
P000822,86,Female,35.6,150,89,92,60.0,5.2,246.0,4,1,6,0,2,0,1,1,0,Former,Low,Moderate,Home,0,Medicare,Elective,0
P001959,60,Female,39.1,124,85,82,125.0,5.2,206.0,3,1,5,3,3,0,1,1,0,Former,Low,Moderate,Home Health Care,0,Private,Urgent,0
P003783,50,Male,40.0,125,78,76,105.0,5.4,197.0,1,0,5,0,1,0,1,0,0,Former,Low,Moderate,Home,1,Private,Elective,0
P001759,49,Female,31.0,118,82,59,185.0,7.8,199.0,5,0,8,0,2,1,0,0,0,Never,High,Moderate,Home,0,Medicare,Urgent,0
P002091,67,Male,24.7,122,75,83,159.0,5.8,222.0,5,0,3,0,1,0,0,1,0,Former,None,Moderate,Home,1,Medicaid,Emergency,0
P001211,77,Male,35.5,144,90,79,152.0,7.8,204.0,3,1,5,5,3,1,1,1,0,Never,Low,Low,Home Health Care,0,Medicaid,Emergency,0
P003156,52,Female,36.4,116,74,59,119.0,5.6,162.0,3,1,7,1,1,0,1,0,0,Never,Low,Low,Home Health Care,0,Private,Emergency,1
P000558,49,Female,16.8,112,74,74,146.0,5.3,211.0,2,0,6,0,0,0,0,0,0,Current,None,Moderate,Home,0,Private,Emergency,0
P001873,55,Female,29.6,123,84,84,139.0,6.0,166.0,2,2,5,1,1,0,0,0,0,Former,Moderate,Low,Home Health Care,0,Private,Elective,0
P004061,68,Female,15.0,105,67,80,126.0,4.6,150.0,0,1,4,1,1,0,0,0,1,Current,Moderate,Moderate,Home,0,Medicare,Emergency,0
P004797,69,Female,37.4,140,84,83,100.0,,221.0,5,2,7,1,2,0,1,1,0,,None,Moderate,Home,1,Medicare,Emergency,0
P000585,75,Female,29.4,122,81,67,135.0,5.2,,3,2,6,0,0,0,0,0,0,Never,None,Low,Home,1,Medicare,Urgent,0
P005187,73,Female,31.4,153,82,76,88.0,5.2,173.0,2,1,3,0,1,0,1,0,0,Never,None,Moderate,Home,1,Medicare,Elective,0
P005395,68,Female,27.4,121,73,77,192.0,7.4,227.0,2,1,8,2,2,1,0,0,0,Current,Low,Moderate,Home Health Care,0,Medicare,Emergency,0
P001076,67,Male,33.3,147,81,95,144.0,,164.0,3,1,6,2,3,1,1,1,0,,Moderate,Moderate,Home Health Care,1,Private,Emergency,0
P002511,55,Male,24.0,107,56,65,96.0,5.1,218.0,8,0,9,0,2,0,0,0,0,Former,High,Low,Rehabilitation,1,Uninsured,Emergency,0
P002723,38,Male,23.7,110,78,81,130.0,5.5,214.0,2,0,8,0,0,0,0,0,0,Never,Low,Moderate,Home,1,Medicaid,Emergency,0
P001701,47,Male,28.1,95,74,62,144.0,6.1,188.0,4,0,7,0,0,0,0,0,0,Never,Moderate,Low,Home,1,Private,Elective,0
P002228,73,Male,36.5,156,88,78,82.0,5.5,218.0,9,2,5,0,2,0,1,1,0,Never,Moderate,Moderate,Home,1,Medicaid,Urgent,0
P001450,55,Female,22.0,93,60,50,85.0,5.5,188.0,4,1,3,1,1,0,0,0,0,Never,None,High,Home,0,Private,Emergency,0
P003947,84,Male,23.2,123,75,83,60.0,4.5,170.0,3,1,5,0,2,0,1,1,0,Former,Low,Moderate,Home Health Care,1,Medicare,Elective,0
P002932,77,Female,27.7,125,76,61,165.0,5.7,149.0,1,0,8,1,1,0,1,0,0,Current,None,High,Home,1,Medicare,Emergency,0
P001393,56,Female,22.7,142,84,85,118.0,5.4,227.0,8,1,4,1,2,0,0,0,1,Never,Moderate,Low,Skilled Nursing Facility,1,Medicaid,Urgent,0
P003767,78,Female,33.3,111,72,98,183.0,8.8,173.0,5,0,8,2,3,1,0,0,0,Never,Moderate,Moderate,Home,1,Private,Emergency,1
P004570,71,Female,28.1,122,82,93,124.0,4.9,234.0,6,1,9,2,4,0,1,1,0,Never,Low,Moderate,Home,0,Medicare,Emergency,1
P001906,47,Male,34.1,125,89,53,157.0,8.0,110.0,3,2,3,0,3,1,1,0,0,Former,None,Low,Home,1,Private,Urgent,0
P004858,54,Female,29.1,167,82,69,180.0,8.3,,2,0,5,1,2,1,1,0,0,Never,None,High,Home,0,Private,Urgent,0
P001835,73,Male,28.2,145,89,85,93.0,4.9,192.0,0,0,6,1,1,0,0,1,0,,Low,High,Home,1,Medicare,Elective,0
P005314,61,Female,29.1,150,81,96,107.0,4.9,253.0,8,2,9,1,2,0,1,0,0,Former,None,High,Skilled Nursing Facility,0,Medicaid,Emergency,1
P002689,83,Female,30.4,160,82,62,107.0,5.7,215.0,2,1,6,1,1,0,1,0,0,Never,Moderate,Moderate,Home,1,Medicare,Emergency,0
P005383,54,Female,22.7,122,89,80,107.0,5.7,145.0,0,1,3,0,1,0,0,0,0,Former,Moderate,Low,Home,1,Medicaid,Urgent,0
P000985,70,Male,32.7,133,70,105,,6.3,111.0,4,2,9,1,3,0,1,0,0,Former,None,Moderate,Home,1,Medicare,Emergency,0
P001613,63,Male,23.8,106,57,96,132.0,5.6,,0,0,4,0,0,0,0,0,0,Never,None,High,Rehabilitation,1,Private,Urgent,0
P000201,69,Female,,108,71,89,216.0,7.7,,9,1,5,5,3,1,1,1,0,Former,Low,Low,Home,0,Medicare,Urgent,1
P000959,64,Male,27.9,127,77,58,,7.3,206.0,1,3,2,1,1,1,0,0,0,Current,Low,Low,Home,1,Private,Elective,0
P004091,98,Male,24.6,148,80,91,191.0,8.1,282.0,11,1,8,0,4,1,1,1,0,,Moderate,Moderate,Home,1,Medicare,Emergency,1
P002846,48,Female,23.4,121,67,74,102.0,5.1,209.0,1,1,5,1,1,0,1,0,0,Former,Low,Low,Home,1,Medicaid,Emergency,0
P005663,60,Female,31.6,140,76,72,128.0,5.7,205.0,2,1,6,1,1,0,1,0,0,Former,Low,Moderate,Home Health Care,1,Private,Urgent,0
P001680,60,Other,19.5,101,64,69,144.0,6.4,266.0,0,0,2,0,0,0,0,0,0,Former,High,Low,Home,1,Private,Urgent,0
P002083,47,Male,27.9,141,86,69,108.0,5.1,255.0,12,4,7,2,5,0,1,1,0,Former,Low,Moderate,Home,0,Private,Emergency,1
P005152,63,Female,32.5,141,89,85,136.0,4.3,205.0,4,0,7,0,2,0,1,0,0,Never,Moderate,Low,Home,1,Private,Emergency,1
P005344,34,Male,33.6,99,73,85,105.0,5.2,271.0,1,0,5,1,1,0,0,0,0,Never,Moderate,Low,Home,1,Private,Emergency,0
P005833,67,Male,30.7,104,75,81,173.0,7.5,187.0,7,1,13,3,5,1,0,0,1,Former,Low,High,Home,0,Private,Urgent,1
P000464,33,Male,30.5,116,74,68,95.0,4.3,195.0,2,0,2,0,0,0,0,0,0,Never,None,Moderate,Home,1,Medicaid,Elective,0
P003942,59,Female,22.8,118,69,62,96.0,6.1,194.0,3,0,4,0,1,0,1,0,0,Former,Low,Moderate,Rehabilitation,0,Private,Urgent,0
P003053,50,Male,25.1,122,75,93,134.0,5.3,182.0,8,1,11,0,2,0,0,0,0,Current,High,High,Skilled Nursing Facility,1,Private,Urgent,1
P001651,56,Female,28.8,152,90,71,157.0,8.2,149.0,7,1,5,1,2,1,1,0,0,Never,None,High,Home,1,Private,Urgent,0
P001236,52,Male,25.4,128,95,70,94.0,5.4,185.0,2,0,3,1,0,0,0,0,0,Current,Low,Low,Home,1,Medicaid,Emergency,0
P004687,45,Male,30.5,113,78,85,72.0,4.4,199.0,6,1,4,0,1,0,0,0,0,Never,Low,Moderate,Home,1,Private,Emergency,0
P000671,76,Male,29.0,142,93,70,133.0,5.7,225.0,4,3,4,1,2,0,1,1,0,Never,Low,High,Home,1,Medicare,Elective,1
P000076,74,Male,29.6,166,95,89,106.0,5.6,140.0,7,2,8,0,4,0,1,0,0,Never,Low,High,Home,1,Medicare,Emergency,0
P003125,68,Female,38.6,132,87,83,175.0,7.8,186.0,3,3,5,4,3,1,1,1,0,Former,Low,Low,Home,1,Medicare,Urgent,0
P003211,65,Male,29.3,130,63,60,62.0,5.7,136.0,3,0,5,1,1,0,0,0,0,,Low,Moderate,Home,0,Medicare,Urgent,0
P002346,49,Male,27.2,117,75,80,184.0,7.7,195.0,1,1,3,1,1,1,0,0,0,Current,Low,Moderate,Home,1,Medicare,Elective,0
P003581,74,Female,28.2,164,86,69,91.0,4.4,210.0,7,1,6,0,2,0,1,1,0,Former,None,Low,Home Health Care,1,Medicare,Emergency,0
P005287,50,Male,40.6,132,76,69,106.0,4.8,185.0,6,1,4,0,2,0,1,0,0,Former,Low,High,Home,1,Private,Emergency,0
P002549,38,Male,35.1,116,67,65,224.0,8.0,186.0,5,1,4,0,2,1,0,0,0,Former,Low,Moderate,Home,1,Uninsured,Elective,0
P005243,76,Female,34.0,118,68,82,174.0,8.2,269.0,2,0,3,1,2,1,0,1,0,Never,Low,Low,Home,0,Medicare,Urgent,0
P000518,54,Male,27.4,119,74,85,172.0,7.4,251.0,5,1,5,1,2,1,0,1,0,Never,None,Moderate,Home,1,Uninsured,Emergency,0
P001337,71,Female,23.2,108,67,80,75.0,5.1,208.0,0,0,6,0,0,0,0,0,0,Current,Moderate,Low,Home,1,Medicare,Emergency,0
P004865,51,Female,23.5,137,80,71,146.0,5.7,159.0,3,0,2,1,0,0,0,0,0,Never,Low,High,Home,1,Private,Elective,0
P004159,80,Female,25.4,136,81,83,155.0,5.6,232.0,7,2,11,0,4,0,1,0,0,Former,None,Moderate,Rehabilitation,1,Medicare,Urgent,0
P000850,79,Female,27.3,97,66,68,187.0,,135.0,2,0,8,2,2,1,0,0,0,Never,Moderate,Moderate,Skilled Nursing Facility,1,Medicare,Emergency,1
P005571,77,Female,38.0,141,91,98,166.0,7.5,200.0,3,1,7,0,2,1,1,0,0,Never,None,High,Home,1,Medicare,Emergency,0
P005372,69,Other,35.9,145,80,66,60.0,5.2,172.0,2,2,4,0,2,0,1,0,0,Never,Moderate,High,Home,1,Medicare,Urgent,0
P004574,71,Male,27.8,169,89,110,91.0,5.7,196.0,9,1,6,1,2,0,1,1,0,Former,None,High,Rehabilitation,1,Medicare,Emergency,0
P004923,67,Male,23.7,122,87,114,68.0,4.6,171.0,7,1,5,1,2,0,1,0,0,Never,None,Low,Home,0,Medicare,Urgent,0
P005560,44,Male,29.6,107,68,87,90.0,,,3,0,5,1,1,0,0,0,0,Never,Low,Low,Home,0,Medicaid,Emergency,0
P005698,58,Female,29.5,148,92,87,178.0,7.3,207.0,2,1,6,2,2,1,1,0,0,Current,Low,Moderate,Skilled Nursing Facility,1,Private,Emergency,0
P004507,75,Male,36.9,114,80,86,137.0,5.0,154.0,0,1,3,2,0,0,0,0,0,Current,Low,Low,Home,1,Medicare,Urgent,0
P005036,42,Male,27.0,131,74,54,126.0,5.5,187.0,3,0,12,0,2,0,1,0,0,Current,Moderate,Moderate,Other,1,Medicaid,Emergency,0
P004536,69,Female,34.9,109,63,70,164.0,8.0,165.0,3,0,2,1,1,1,0,0,0,Current,None,High,Home,0,Medicare,Urgent,0
P004735,58,Female,38.1,105,79,81,83.0,5.6,168.0,3,0,4,0,1,0,0,0,0,Never,None,Moderate,Home,1,Private,Emergency,0
P000814,56,Male,34.1,131,87,86,101.0,4.9,110.0,1,0,4,2,2,0,1,0,0,Never,None,Low,Home,1,Uninsured,Urgent,0
P000068,57,Male,32.3,154,100,68,113.0,5.9,144.0,7,2,9,2,3,0,1,1,0,Never,None,Moderate,Home,1,Medicaid,Emergency,0
P004284,57,Male,18.2,104,65,83,94.0,6.2,211.0,0,1,4,0,1,0,0,0,0,Current,Moderate,High,Home,1,Private,Emergency,0
P003000,59,Male,28.7,152,88,81,84.0,4.4,265.0,7,1,7,2,3,0,1,1,0,Former,Moderate,Low,Home,0,Uninsured,Urgent,0
P000554,95,Female,26.6,172,91,72,158.0,7.6,205.0,6,1,7,3,4,1,1,1,1,Never,Moderate,Moderate,Home,1,Medicare,Emergency,1
P001783,27,Male,24.1,103,80,76,72.0,5.7,259.0,0,0,5,0,1,0,0,0,1,Never,Low,Moderate,Home Health Care,1,Uninsured,Emergency,0
P004803,64,Female,31.0,119,73,62,,8.4,223.0,4,1,8,1,3,1,0,0,0,Never,Moderate,High,Home,0,Uninsured,Emergency,1
P005692,59,Female,33.7,129,81,74,103.0,4.4,152.0,3,0,8,2,0,0,0,0,0,Former,Low,High,Rehabilitation,0,Private,Urgent,0
P000244,42,Female,22.0,96,83,78,131.0,5.6,207.0,3,0,3,0,0,0,0,0,0,Current,High,Low,Home Health Care,1,Medicaid,Emergency,0
P001082,62,Male,24.9,116,85,88,80.0,4.8,187.0,3,0,5,0,1,0,0,0,0,Never,Moderate,Low,Home,1,Medicaid,Urgent,0
P003113,88,Female,26.5,163,97,87,95.0,5.5,148.0,6,1,9,1,3,0,1,1,0,Never,Low,High,Home Health Care,0,Private,Emergency,1
P004798,77,Male,29.9,134,97,95,75.0,4.4,223.0,10,3,8,2,4,0,1,1,0,Former,Low,Low,Home,0,Medicare,Elective,1
P000057,60,Female,28.6,126,98,97,,7.5,202.0,7,2,6,3,3,1,0,1,1,Never,Low,Low,Home Health Care,1,Medicaid,Elective,0
P003226,55,Female,24.3,125,84,78,120.0,5.7,188.0,1,0,5,2,1,0,0,0,0,Never,Low,Low,Home,1,Private,Urgent,1
P004853,95,Female,19.3,157,87,90,107.0,4.7,207.0,3,0,5,0,1,0,1,0,0,Never,Low,Low,Home Health Care,0,Medicaid,Emergency,1
P000434,37,Female,24.6,115,80,111,80.0,5.3,206.0,2,0,5,0,1,0,1,0,0,Never,None,High,Home,0,Private,Urgent,0
P004023,44,Female,29.6,107,64,66,131.0,4.6,211.0,1,1,3,0,0,0,0,0,0,Never,Low,Moderate,Home,1,Private,Elective,0
P000242,63,Male,28.7,138,77,70,126.0,5.3,189.0,4,2,5,1,2,0,1,0,0,Former,None,High,Home,0,Uninsured,Elective,0
P003540,52,Male,29.4,121,73,67,150.0,7.0,120.0,6,3,6,2,3,1,1,0,0,Former,Low,Low,Home,1,Private,Urgent,0
P004228,93,Male,34.1,148,58,61,178.0,6.8,223.0,10,0,4,1,4,1,0,0,1,Never,Low,Moderate,Rehabilitation,1,Medicare,Emergency,0
P002477,34,Female,36.5,148,66,86,102.0,4.8,181.0,6,0,10,1,3,0,1,0,1,,None,Low,Home Health Care,0,Private,Emergency,0
P001979,88,Male,29.5,129,73,62,93.0,5.2,150.0,3,0,5,1,2,0,0,0,0,Former,None,Moderate,Other,0,Medicare,Urgent,0
P002567,67,Male,30.1,120,72,97,112.0,4.9,164.0,6,0,7,1,2,0,1,1,0,Former,Moderate,Low,Home,1,Medicare,Elective,0
P003236,72,Male,26.1,147,63,68,97.0,4.9,232.0,4,1,4,0,3,0,1,0,0,Former,None,High,Home,0,Private,Urgent,0
P001413,40,Male,26.9,142,83,69,,5.5,204.0,3,0,3,1,1,0,0,0,0,Never,None,Moderate,Home,0,Private,Urgent,0
P001448,87,Female,31.8,157,83,86,149.0,7.8,248.0,7,5,8,1,6,1,1,0,1,Never,None,Low,Home,1,Medicare,Elective,0
P001495,59,Male,21.9,122,71,65,82.0,5.1,233.0,5,0,6,0,1,0,0,1,0,Never,None,Moderate,Rehabilitation,1,Private,Emergency,0
P004037,97,Female,29.4,114,60,90,144.0,5.6,212.0,3,1,9,1,3,0,0,1,1,Former,Low,High,Rehabilitation,1,Medicare,Elective,0
P004340,60,Male,23.1,114,74,72,98.0,5.7,239.0,5,0,3,0,1,0,0,0,0,Former,None,Low,Rehabilitation,1,Private,Urgent,0
P004866,65,Female,30.0,89,54,82,95.0,6.1,202.0,0,2,5,0,0,0,0,0,0,Never,Low,Low,Home,0,Medicare,Emergency,1
P002875,66,Female,28.0,166,96,69,,4.7,235.0,4,3,6,3,2,0,1,0,0,Former,Moderate,Low,Home,0,Private,Emergency,0
P001415,85,Female,15.0,161,88,73,98.0,,158.0,2,3,3,1,1,0,1,0,0,Current,Low,Low,Home Health Care,1,Medicare,Urgent,0
P004081,81,Female,35.7,146,100,82,129.0,4.9,231.0,4,1,2,1,2,0,1,1,0,Never,Moderate,High,Skilled Nursing Facility,1,Medicare,Elective,0
P004676,84,Female,20.0,158,99,77,105.0,5.5,189.0,3,3,6,2,1,0,1,0,0,Never,Moderate,High,Rehabilitation,1,Medicare,Emergency,0
P004451,52,Male,30.0,137,73,70,68.0,4.1,132.0,4,0,5,1,2,0,1,0,0,Never,Low,Moderate,Home,1,Medicaid,Emergency,0
P003617,82,Male,23.2,132,88,82,87.0,4.9,187.0,1,1,7,1,2,0,1,0,0,Former,Moderate,Moderate,Home Health Care,1,Medicare,Emergency,0
P001455,86,Female,28.0,154,79,76,121.0,7.4,241.0,11,3,7,2,6,1,1,1,1,Former,Low,Low,Home,0,Medicare,Emergency,1
P001533,79,Female,22.6,114,80,77,148.0,7.2,246.0,5,0,3,0,2,1,0,0,0,Never,High,Moderate,Home,1,Medicare,Elective,0
P002710,62,Female,30.8,139,81,67,139.0,7.7,,3,2,5,1,4,1,1,0,0,Never,None,Moderate,Home,1,Uninsured,Urgent,0
P004445,66,Female,35.5,140,103,65,186.0,7.3,178.0,2,3,5,1,2,1,1,0,0,Never,None,Moderate,Home,1,Medicare,Emergency,0
P000422,51,Female,16.9,150,79,81,113.0,4.8,184.0,6,0,3,0,2,0,1,0,0,Never,None,Moderate,Home,1,Private,Urgent,0
P005513,41,Female,18.3,124,88,69,100.0,5.4,145.0,8,1,7,1,2,0,1,0,0,Never,Low,Moderate,Home,0,Private,Elective,0
P001027,31,Female,39.0,120,89,70,170.0,7.3,238.0,6,2,5,0,2,1,1,0,0,Never,,Low,Home,1,Uninsured,Emergency,0
P002816,56,Male,26.0,159,90,96,102.0,5.8,201.0,9,1,4,2,2,0,0,0,0,Current,Low,Moderate,Home,0,Medicare,Urgent,1
P000509,56,Female,23.4,115,64,68,99.0,4.9,223.0,3,3,3,2,2,0,0,1,0,Never,Low,Low,Home,1,Private,Elective,1
P004722,50,Male,24.7,134,81,81,117.0,4.7,221.0,3,0,5,0,0,0,0,0,0,Never,Low,High,Home,0,Private,Emergency,0
P001339,100,Female,23.5,192,79,92,162.0,8.0,172.0,6,1,3,3,3,1,1,1,0,Never,None,Moderate,Home,1,Medicare,Emergency,1
P000157,66,Female,22.3,133,94,72,96.0,4.6,200.0,0,0,5,0,1,0,1,0,0,,Low,Low,Home Health Care,1,Medicare,Urgent,0
P005334,89,Female,37.9,146,88,95,106.0,5.3,220.0,4,3,5,1,4,0,1,1,1,Former,Moderate,High,Skilled Nursing Facility,1,Medicare,Urgent,0
P001029,64,Female,27.0,133,80,65,189.0,,213.0,6,4,5,1,3,1,1,0,0,Former,Low,Moderate,Home,1,Medicaid,Urgent,0
P002699,70,Female,21.6,124,71,89,95.0,5.6,150.0,3,1,4,1,1,0,0,1,0,Never,Moderate,Low,Home Health Care,1,Private,Emergency,0
P002744,37,Female,29.9,116,64,70,,5.1,189.0,1,1,5,0,1,0,0,0,0,Current,None,Moderate,Home,0,Private,Emergency,0
P001767,46,Male,30.1,120,66,62,110.0,5.7,193.0,3,0,4,0,0,0,0,0,0,Never,Moderate,Moderate,Home,0,Private,Emergency,0
P000098,49,Male,25.2,124,72,84,184.0,7.6,202.0,3,4,1,4,1,1,0,0,0,Current,Moderate,Low,Home Health Care,0,Private,Urgent,0
P001503,84,Male,29.0,115,79,92,108.0,5.4,251.0,7,2,5,2,2,0,0,1,1,Former,Moderate,Low,Skilled Nursing Facility,1,Medicare,Emergency,1
P000870,63,Male,20.3,120,74,91,87.0,5.7,172.0,1,0,3,0,0,0,0,0,0,Never,None,Moderate,Home,0,Private,Emergency,0
P002513,67,Female,40.5,128,85,71,78.0,4.2,188.0,3,0,5,3,2,0,1,0,0,Never,Low,Moderate,Home,1,Medicaid,Elective,0
P002589,69,Female,24.9,111,86,87,94.0,5.5,155.0,2,0,2,0,1,0,0,0,0,Current,Low,Moderate,Skilled Nursing Facility,1,Medicare,Emergency,0
P004772,24,Male,28.2,112,71,100,89.0,4.4,204.0,4,1,2,1,1,0,0,0,0,Never,Low,High,Home,0,Uninsured,Elective,0
P003560,52,Male,24.4,121,77,71,89.0,4.8,187.0,6,1,8,0,1,0,1,0,0,Current,Moderate,Low,Home,1,Uninsured,Urgent,0
P005774,81,Other,25.0,113,64,67,92.0,4.3,178.0,4,2,5,2,1,0,0,0,0,Never,None,High,Home,1,Private,Emergency,0
P000370,77,Male,34.5,124,61,61,182.0,8.5,199.0,8,0,1,6,3,1,0,0,0,Never,Low,Low,Home Health Care,0,Medicare,Elective,1
P005545,63,Female,21.1,112,69,83,144.0,4.9,169.0,1,0,5,0,0,0,0,0,0,Never,None,Low,Home Health Care,1,Private,Emergency,0
P005303,79,Male,26.6,123,73,86,179.0,7.7,234.0,9,0,10,0,4,1,0,1,1,Never,None,High,Home Health Care,0,Medicare,Emergency,1
P004654,57,Female,30.0,104,81,54,207.0,8.0,202.0,7,2,5,0,4,1,0,0,0,Former,High,Moderate,Home Health Care,1,Medicaid,Elective,0
P000643,95,Female,25.0,168,84,76,97.0,5.0,252.0,5,3,6,0,2,0,1,1,0,Never,Moderate,Low,Home Health Care,1,Private,Urgent,0
P003508,71,Male,33.0,139,87,60,110.0,5.0,169.0,4,1,3,0,3,0,0,1,0,Former,None,High,Home,1,Medicare,Urgent,0
P003530,62,Male,33.5,145,71,83,196.0,7.8,170.0,7,1,5,0,3,1,1,0,0,Former,Moderate,Moderate,Home,1,Private,Urgent,0
P000912,70,Female,25.7,153,82,74,134.0,5.2,110.0,1,3,2,1,1,0,1,0,0,Never,Low,Moderate,Home,1,Medicare,Emergency,0
P002255,80,Female,28.0,142,82,82,83.0,6.0,211.0,4,1,62,2,4,0,1,1,0,Former,,High,Skilled Nursing Facility,1,Medicare,Urgent,0
P003336,60,Female,31.9,128,65,88,85.0,5.1,174.0,2,0,9,1,2,0,0,0,1,Former,High,High,Skilled Nursing Facility,1,Medicaid,Emergency,0
P002838,67,Female,21.5,127,83,75,107.0,4.0,224.0,1,0,2,1,1,0,0,0,0,Never,High,Low,Home,1,Medicare,Emergency,0
P001022,69,Female,31.0,139,62,89,92.0,4.9,159.0,1,1,5,2,1,0,0,0,0,Former,Moderate,Moderate,Rehabilitation,1,Medicare,Emergency,0
P001112,60,Male,20.0,134,77,98,109.0,4.6,183.0,7,1,6,3,3,0,1,0,1,Never,Moderate,Moderate,Home,1,Medicare,Urgent,0
P002755,80,Male,35.9,162,91,74,68.0,5.1,221.0,3,1,10,2,3,0,1,1,0,Current,None,High,Home,0,Medicare,Emergency,0
P003611,74,Male,22.9,150,77,63,98.0,4.3,186.0,8,4,7,3,3,0,1,0,1,Never,Low,High,Home,1,Private,Emergency,0
P002030,57,Male,32.0,137,73,97,182.0,7.3,269.0,5,1,3,1,2,1,1,0,0,Never,Moderate,Low,Home,1,Medicaid,Emergency,0
P004931,74,Male,23.6,127,90,81,141.0,6.7,227.0,9,1,10,1,4,0,1,0,0,Former,Low,Moderate,Home,0,Medicare,Elective,0
P002757,74,Female,27.4,168,80,80,102.0,5.7,229.0,3,1,10,1,2,0,1,1,0,Never,None,Moderate,Home Health Care,1,Private,Emergency,0
P005277,66,Male,29.4,123,70,71,85.0,4.9,259.0,4,1,5,4,2,0,0,1,0,Never,Low,Moderate,Home,1,Medicare,Urgent,0
P004532,68,Female,22.8,147,86,72,128.0,5.2,182.0,4,0,7,0,1,0,1,0,0,Former,High,Low,Skilled Nursing Facility,1,Private,Emergency,0
P004783,51,Female,25.0,132,86,71,135.0,5.9,222.0,0,0,4,0,0,0,0,0,0,Never,None,High,Home,1,Private,Elective,0
P005781,60,Male,28.8,123,79,75,102.0,4.7,170.0,2,1,6,0,1,0,1,0,0,Current,Low,Moderate,Home,0,Private,Emergency,0
P003364,50,Female,23.7,131,67,122,87.0,4.2,225.0,7,1,4,3,4,0,1,0,0,Current,Low,High,Home,1,Private,Emergency,0
P002593,71,Male,38.5,131,85,100,213.0,7.6,204.0,5,0,3,0,2,1,1,0,0,Never,Low,High,Home,1,Medicaid,Elective,0
P002660,71,Female,27.6,113,66,78,211.0,7.3,181.0,3,3,5,1,4,1,0,0,1,Former,Low,High,Skilled Nursing Facility,1,Medicare,Elective,0
P003097,84,Female,25.3,137,76,79,62.0,,199.0,4,0,9,0,2,0,1,1,0,Never,None,Moderate,Home Health Care,1,Medicare,Emergency,0
P003375,64,Male,28.5,123,61,89,207.0,7.9,183.0,6,0,10,2,3,1,1,0,0,Never,Low,High,Home,1,Medicaid,Urgent,0
P001216,43,Male,36.2,113,78,84,97.0,5.2,240.0,1,1,6,0,0,0,0,0,0,Former,Moderate,Moderate,Home,1,Private,Emergency,0
P005858,64,Male,22.5,112,85,81,78.0,5.3,168.0,3,2,7,1,3,0,0,0,0,Never,Low,High,Home,0,Private,Elective,1
P002106,56,Male,24.7,123,77,64,64.0,5.3,135.0,3,1,9,2,1,0,1,0,0,Current,Moderate,Low,Home,1,Uninsured,Emergency,0
P003688,70,Female,25.0,97,65,100,103.0,6.0,,5,1,7,1,1,0,0,0,0,,None,Moderate,Home,1,Medicare,Emergency,0
P001851,54,Male,39.1,137,86,79,96.0,4.9,201.0,1,0,5,0,0,0,0,0,0,Never,None,High,Home,1,Private,Emergency,0
P000782,63,Male,25.0,154,91,83,97.0,5.1,255.0,6,4,6,1,4,0,1,1,0,Former,Low,Low,Other,1,Medicaid,Urgent,1
P005291,71,Female,30.7,116,85,67,95.0,6.0,196.0,4,0,6,0,2,0,0,0,0,Former,Low,Low,Home,1,Medicare,Emergency,0
P000188,46,Female,21.5,102,65,72,103.0,4.8,142.0,5,0,6,1,2,0,0,0,0,Never,Low,Moderate,Home,0,Medicaid,Elective,0
P001111,86,Male,15.8,112,77,92,139.0,,110.0,4,0,4,2,2,0,0,1,0,Current,None,Moderate,Skilled Nursing Facility,0,Medicare,Emergency,0
P000295,60,Female,24.5,133,77,81,,4.6,183.0,5,0,3,1,1,0,1,0,0,Never,None,Low,Home,0,Medicaid,Emergency,0
P002992,88,Female,28.4,147,84,105,145.0,5.4,176.0,1,1,5,0,1,0,0,1,0,Former,None,High,Rehabilitation,0,Medicare,Emergency,0
P001939,54,Female,28.5,117,82,82,100.0,5.3,205.0,2,0,5,4,2,0,0,0,0,Never,Low,High,Home,0,Uninsured,Emergency,1
P005795,49,Female,33.8,116,63,75,60.0,4.6,145.0,1,1,2,0,0,0,0,0,0,Former,Low,Moderate,Home,1,Medicare,Emergency,0
P002482,51,Male,26.0,115,69,63,89.0,5.8,242.0,2,2,3,1,2,0,0,0,0,Former,,Low,Home,0,Private,Urgent,0
P003388,56,Female,29.7,129,104,68,139.0,7.7,,3,1,9,0,3,1,0,0,0,Never,High,High,Home,1,Private,Emergency,0
P005132,64,Male,34.1,135,70,92,89.0,5.7,181.0,3,1,3,0,0,0,0,0,0,Former,Low,High,Home,1,Medicaid,Elective,0
P005717,64,Other,39.6,139,76,63,78.0,5.7,142.0,7,1,5,0,2,0,1,0,0,Former,Low,Low,Home,1,Private,Emergency,0
P005177,96,Male,17.9,152,89,79,98.0,5.1,143.0,7,1,3,1,2,0,1,1,0,Never,Low,High,Skilled Nursing Facility,0,Medicare,Emergency,1
P004357,77,Male,28.2,127,85,77,90.0,4.6,182.0,7,1,6,1,3,0,1,0,0,,None,Low,Skilled Nursing Facility,1,Medicaid,Elective,0
P005705,49,Male,33.7,145,78,58,77.0,4.8,256.0,0,1,3,0,1,0,1,0,0,Former,None,Moderate,Rehabilitation,1,Private,Emergency,0
P005402,75,Female,27.4,112,80,80,109.0,5.7,161.0,7,0,4,1,2,0,0,0,0,Never,Moderate,Moderate,Home Health Care,0,Private,Elective,0
P004663,73,Male,30.7,116,66,83,123.0,5.0,216.0,0,0,6,0,0,0,0,0,0,Never,None,High,Home,1,Private,Elective,0
P001545,84,Male,30.6,139,82,101,73.0,5.6,197.0,2,0,4,0,2,0,0,0,1,Former,None,Moderate,Home,1,Medicare,Emergency,0
P001452,72,Male,29.5,107,61,72,125.0,5.0,173.0,4,3,5,2,2,0,0,0,1,Current,Low,Low,Home,1,Medicare,Emergency,0
P003608,86,Male,38.2,109,76,69,188.0,7.4,218.0,5,1,7,0,2,1,0,0,0,Never,None,Low,Other,0,Medicare,Emergency,0
P003126,72,Male,24.7,108,62,63,153.0,5.8,246.0,2,1,4,0,1,0,0,0,0,Former,Moderate,High,Home,1,Medicare,Elective,0
P005835,61,Female,24.6,124,66,63,121.0,5.2,247.0,6,1,4,1,1,0,0,0,0,Current,Low,High,Home Health Care,0,Uninsured,Emergency,1
P003937,82,Male,24.1,126,77,69,155.0,7.7,,7,0,11,1,3,1,0,0,0,Former,None,Moderate,Home,0,Medicare,Emergency,0
P004856,82,Female,36.5,166,78,84,76.0,5.0,273.0,2,0,43,1,2,0,1,1,0,Former,Low,Moderate,Home,1,Medicare,Elective,0
P004237,67,Female,32.4,128,65,65,192.0,7.7,217.0,3,2,8,1,4,1,1,1,0,Never,Low,Low,Home,1,Medicare,Emergency,0
P005201,68,Female,15.5,118,84,72,62.0,4.8,,3,0,8,0,0,0,0,0,0,Never,Low,High,Home,0,Medicare,Emergency,0
P005559,55,Female,29.3,150,83,64,132.0,5.3,186.0,3,0,3,0,1,0,0,1,0,Never,Moderate,Low,Home Health Care,1,Uninsured,Emergency,1
P000738,76,Male,37.9,149,88,79,81.0,5.1,307.0,8,4,7,4,4,0,1,1,0,Current,None,Moderate,Home,1,Medicare,Elective,1
P003541,67,Male,20.7,125,66,89,110.0,5.9,211.0,1,2,4,0,1,0,0,0,0,Never,,Low,Home,1,Medicare,Urgent,0
P003301,72,Male,28.6,124,69,90,86.0,4.8,179.0,4,0,5,0,0,0,0,0,0,Never,Low,Low,Other,1,Medicare,Emergency,0
P000299,38,Female,29.2,107,75,93,87.0,4.6,148.0,2,1,6,1,1,0,0,0,0,Never,Low,Moderate,Home,1,Private,Emergency,1
P002444,75,Female,37.2,148,88,92,60.0,5.1,175.0,5,0,2,0,2,0,1,1,0,Former,None,Moderate,Home,1,Medicare,Emergency,0
P003391,48,Male,29.1,119,74,60,104.0,4.9,196.0,3,1,3,3,1,0,0,0,0,Former,Moderate,Moderate,Home,1,Private,Elective,0
P002801,60,Female,23.3,108,69,61,125.0,5.7,144.0,1,0,1,2,0,0,0,0,0,Current,Low,Low,Home,1,Private,Urgent,0
P005154,84,Female,15.0,161,85,61,79.0,4.7,240.0,1,3,3,1,1,0,1,0,0,Never,Low,Moderate,Rehabilitation,0,Medicare,Urgent,1
P000498,59,Male,29.5,147,92,58,97.0,4.8,179.0,4,1,9,0,2,0,0,0,1,Current,High,Low,Home,1,Medicaid,Emergency,0
P002559,86,Male,32.3,152,104,69,85.0,4.4,192.0,5,3,5,1,4,0,1,1,1,Never,Low,Low,Skilled Nursing Facility,1,Medicare,Elective,1
P005382,54,Male,31.5,113,80,86,89.0,5.4,172.0,2,0,4,1,1,0,0,0,0,Never,Moderate,Moderate,Home,0,Uninsured,Urgent,0
P001459,91,Female,39.1,144,80,91,95.0,5.0,185.0,3,1,9,5,5,0,1,1,1,Former,High,Low,Skilled Nursing Facility,0,Private,Elective,0
P001229,72,Female,39.6,139,71,88,193.0,7.9,153.0,3,0,5,0,2,1,1,0,0,Never,,Moderate,Home,0,Medicare,Emergency,0
P003028,44,Male,42.5,112,73,74,121.0,5.5,256.0,3,4,7,2,2,0,0,1,1,Current,Low,High,Home,1,Private,Urgent,0
P002889,58,Female,25.0,100,74,74,71.0,5.0,182.0,5,2,3,0,1,0,0,0,0,Current,None,Moderate,Home,0,Private,Elective,0
P003568,46,Female,,110,81,58,81.0,4.5,233.0,3,0,1,0,0,0,0,0,0,Former,Moderate,Low,Home,1,Private,Elective,0
P001388,48,Male,,116,87,79,,4.7,205.0,0,0,3,1,0,0,0,0,0,Current,Low,Moderate,Home,1,Private,Urgent,0
P005831,47,Male,,132,85,80,60.0,5.0,223.0,4,0,3,1,1,0,1,0,0,Never,Low,Moderate,Home,1,Private,Emergency,0
P005454,49,Female,28.6,140,74,89,123.0,5.3,226.0,2,0,3,0,1,0,1,0,0,Never,None,Low,Rehabilitation,0,Medicaid,Urgent,0
P005099,50,Female,31.9,111,77,99,,4.0,151.0,3,0,4,1,2,0,1,0,0,Never,Low,Moderate,Skilled Nursing Facility,1,Medicaid,Emergency,0
P000141,70,Female,20.9,139,63,81,68.0,5.5,,3,1,6,2,1,0,1,0,0,Never,Low,High,Home Health Care,1,Medicare,Urgent,0
P000962,66,Female,,144,79,73,101.0,5.6,,6,2,2,2,1,0,0,0,0,Never,Moderate,Moderate,Home Health Care,1,Medicare,Urgent,0
P003435,45,Male,26.8,121,78,83,137.0,4.6,195.0,2,0,5,2,1,0,0,1,0,Never,Moderate,Low,Rehabilitation,1,Medicare,Elective,0
P002196,36,Male,27.9,117,74,87,126.0,5.5,184.0,2,2,3,0,0,0,0,0,0,Former,Low,Moderate,Home,1,Private,Urgent,0
P000783,91,Female,26.7,149,83,88,,6.5,242.0,7,3,7,2,3,1,1,0,0,Never,High,Moderate,Home,0,Medicare,Emergency,1
P005596,69,Female,26.5,154,95,92,79.0,5.0,205.0,10,1,12,1,5,0,1,1,0,Current,Moderate,Low,Home,1,Medicare,Emergency,1
P004265,54,Male,35.3,138,80,88,108.0,5.6,257.0,1,0,7,0,0,0,0,0,0,Never,None,Low,Home,1,Private,Emergency,0
P001663,62,Male,15.5,104,70,73,68.0,5.2,158.0,2,0,3,0,1,0,0,0,0,Current,High,Moderate,Home,1,Private,Urgent,1
P005639,69,Female,37.5,110,71,89,172.0,7.1,203.0,5,1,10,1,4,1,1,0,1,Former,None,Low,Home,1,Medicare,Emergency,0
P003639,68,Male,34.0,146,71,64,74.0,5.1,208.0,3,0,4,0,1,0,1,0,0,Former,,Low,Home Health Care,1,Medicare,Elective,0
P004633,51,Male,34.3,111,79,68,123.0,5.5,215.0,3,4,8,1,3,0,1,1,0,Never,High,Low,Skilled Nursing Facility,1,Private,Emergency,0
P000442,69,Male,29.2,109,60,79,89.0,5.3,178.0,2,0,6,0,0,0,0,0,0,Never,Low,Moderate,Home,1,Medicare,Urgent,0
P004115,52,Female,33.4,139,93,70,169.0,5.6,185.0,3,1,8,0,3,0,1,0,1,Former,Low,Moderate,Home,1,Private,Emergency,0
P000877,64,Female,26.5,143,88,82,143.0,7.6,141.0,7,1,5,3,3,1,1,0,0,Never,Low,Moderate,Rehabilitation,1,Private,Elective,0
P002649,68,Female,24.3,124,81,68,90.0,5.0,242.0,0,0,4,0,0,0,0,0,0,Current,High,Low,Home Health Care,1,Medicare,Emergency,0
P002712,75,Female,34.3,129,77,52,116.0,7.8,181.0,4,1,7,5,4,1,0,0,1,Never,None,Moderate,Rehabilitation,0,Medicare,Urgent,0
P005141,61,Male,34.0,121,74,83,126.0,4.8,191.0,2,0,3,1,1,0,0,0,0,Never,None,Low,Home Health Care,0,Private,Urgent,0
P004892,42,Female,34.4,109,65,70,91.0,5.5,186.0,2,1,1,0,0,0,0,0,0,,Moderate,Moderate,Home,0,Medicaid,Elective,0
P002795,81,Female,27.1,117,71,61,97.0,5.3,234.0,1,1,4,0,0,0,0,0,0,Current,High,Low,Home,1,Private,Emergency,0
P002627,84,Female,37.1,140,90,76,196.0,8.2,230.0,7,0,4,2,3,1,1,1,0,Former,Low,Moderate,Home,1,Medicaid,Emergency,0
P000282,38,Male,20.8,126,84,80,142.0,6.6,223.0,5,0,2,1,1,0,0,0,0,Former,Moderate,High,Home,1,Uninsured,Urgent,0
P004248,72,Female,33.0,120,71,76,181.0,7.2,181.0,6,1,6,0,4,1,0,1,0,Former,Low,Moderate,Home,1,Medicare,Emergency,0
P001065,54,Female,19.5,105,64,91,113.0,5.8,258.0,5,2,5,0,3,0,0,1,0,Former,Moderate,Moderate,Home,1,Medicaid,Urgent,0
P003198,61,Female,23.5,132,74,72,124.0,5.7,247.0,1,0,4,1,1,0,1,0,0,Never,None,Low,Home,1,Private,Urgent,1
P002994,100,Male,27.2,152,94,96,164.0,7.8,141.0,5,0,4,0,4,1,1,1,0,Former,None,Moderate,Rehabilitation,0,Medicare,Urgent,0
P001173,62,Female,41.7,142,83,79,170.0,7.5,231.0,4,1,11,2,5,1,1,1,0,Never,None,Moderate,Home,1,Medicaid,Elective,1
P004218,71,Male,27.9,85,48,77,207.0,6.1,224.0,2,2,3,1,1,0,0,0,0,Former,Low,High,Home,1,Private,Urgent,0
P002765,56,Male,40.2,117,82,78,183.0,8.7,210.0,5,0,4,0,2,1,0,0,0,Current,None,High,Home,1,Medicare,Elective,0
P000017,70,Female,,135,74,58,86.0,4.2,208.0,4,0,4,1,1,0,0,0,0,Current,Moderate,Moderate,Home,0,Medicare,Emergency,0
P000691,69,Male,39.7,130,84,82,109.0,5.2,212.0,3,0,7,1,2,0,0,1,1,Never,Moderate,Moderate,Home,0,Medicare,Emergency,0
P002037,57,Female,30.2,130,79,80,101.0,4.7,153.0,0,0,5,0,0,0,0,0,0,Never,Low,Moderate,Home,0,Private,Emergency,0
P000197,74,Female,27.0,128,68,89,175.0,8.0,194.0,4,2,5,2,3,1,1,1,0,Current,Low,High,Home Health Care,1,Medicare,Elective,0
P003949,63,Female,30.8,134,74,82,207.0,6.9,261.0,2,1,4,1,3,0,0,1,0,,None,High,Other,1,Private,Elective,0
P002621,54,Male,23.5,141,85,49,107.0,5.6,114.0,3,1,2,1,1,0,1,0,0,Never,Low,Low,Home Health Care,0,Uninsured,Elective,0
P003510,48,Female,27.6,110,63,92,171.0,7.9,178.0,3,1,5,1,1,1,0,0,0,Current,Low,Moderate,Home Health Care,1,Medicaid,Emergency,0
P005798,67,Male,34.7,152,93,115,190.0,,150.0,7,1,6,0,3,1,1,1,0,Current,Moderate,Low,Home Health Care,0,Medicare,Emergency,0
P004591,77,Male,27.3,171,93,76,137.0,5.6,176.0,2,2,3,1,1,0,1,0,0,Never,Low,Low,Home,0,Medicare,Elective,0
P005597,61,Male,35.3,127,77,102,85.0,5.5,184.0,3,3,9,2,3,0,0,1,0,Current,None,Low,Home,1,Private,Emergency,1
P003840,61,Female,26.6,142,85,88,82.0,5.5,214.0,5,0,5,1,1,0,1,0,0,Never,None,Moderate,Skilled Nursing Facility,0,Private,Elective,0
P004381,93,Male,22.4,153,77,81,154.0,5.2,245.0,8,1,6,2,4,0,1,1,0,Never,Low,High,Home,1,Medicaid,Elective,0
P001897,41,Male,31.9,114,62,87,111.0,5.3,244.0,2,0,3,3,1,0,0,0,0,Never,Moderate,Moderate,Home,0,Private,Urgent,0
P002980,98,Female,19.7,150,97,71,115.0,4.3,164.0,6,4,3,1,2,0,1,0,0,Never,Moderate,Moderate,Home Health Care,1,Medicare,Elective,0
P000486,61,Female,26.1,144,95,87,93.0,6.0,211.0,5,1,6,2,3,0,0,1,1,Current,Moderate,High,Home,1,Medicaid,Emergency,0
P000879,62,Female,35.6,142,85,88,134.0,,238.0,1,1,5,3,1,0,1,0,0,Never,None,Moderate,Home,1,Medicaid,Emergency,1
P002253,74,Female,30.7,137,86,72,165.0,7.9,162.0,6,1,5,0,2,1,0,1,0,Former,Low,Moderate,Home Health Care,0,Medicare,Emergency,0
P001067,48,Female,31.9,96,63,95,125.0,5.4,140.0,1,0,4,0,0,0,0,0,0,Never,High,High,Home,1,Medicaid,Urgent,0
P002920,78,Male,24.8,125,77,95,156.0,5.0,183.0,8,0,6,1,4,0,1,1,1,Never,Low,Moderate,Skilled Nursing Facility,0,Private,Emergency,0
P003519,64,Female,29.1,115,85,78,206.0,7.4,298.0,6,3,5,1,3,1,0,1,0,Current,,Moderate,Skilled Nursing Facility,1,Uninsured,Urgent,0
P005232,40,Female,26.4,115,68,59,101.0,4.6,210.0,1,0,12,1,1,0,0,0,0,,None,Moderate,Home,1,Private,Emergency,0
P004423,43,Female,24.7,132,73,76,89.0,4.6,165.0,2,1,3,1,1,0,1,0,0,Never,None,High,Home,1,Private,Urgent,0
P001024,73,Female,25.0,131,73,79,192.0,7.7,159.0,2,1,8,1,1,1,0,0,0,Never,Low,High,Home,0,Private,Emergency,0
P005369,64,Male,20.9,137,69,79,115.0,4.8,166.0,9,3,3,0,3,0,1,0,0,Current,Moderate,Moderate,Skilled Nursing Facility,1,Medicaid,Emergency,0
P000129,54,Male,22.3,125,68,86,93.0,4.4,220.0,2,0,4,0,2,0,1,0,0,Never,None,High,Home,1,Medicaid,Urgent,0
P003044,57,Female,38.1,97,68,78,,4.8,274.0,3,0,6,0,1,0,0,1,0,Never,Low,Low,Home,1,Medicare,Elective,0
P003593,91,Male,33.3,145,71,81,156.0,7.2,185.0,5,1,6,2,3,1,1,1,0,Never,Moderate,Low,Skilled Nursing Facility,1,Medicaid,Emergency,0
P001365,58,Female,34.0,140,90,90,179.0,6.6,118.0,3,2,6,0,2,1,1,0,0,Current,Low,Low,Home Health Care,1,Private,Urgent,1
P002618,78,Male,35.9,144,76,76,75.0,5.1,161.0,4,2,9,2,3,0,1,0,0,,None,High,Skilled Nursing Facility,1,Medicare,Emergency,0
P001506,71,Female,36.1,117,73,103,,8.5,217.0,7,0,3,1,3,1,1,0,0,Never,None,Moderate,Home,1,Medicaid,Emergency,0
P001321,53,Male,35.8,106,71,74,,5.4,173.0,1,0,3,0,1,0,0,0,0,Current,None,Low,Home,0,Medicaid,Emergency,0
P003128,70,Female,34.2,124,76,85,134.0,6.3,234.0,7,3,5,3,2,0,1,1,0,Current,None,Low,Home,1,Medicare,Urgent,0
P004573,69,Female,34.8,142,73,70,84.0,4.2,188.0,3,1,5,1,1,0,1,0,0,Current,Moderate,Low,Home,1,Medicare,Emergency,0
P001564,47,Male,,111,69,82,95.0,5.8,210.0,0,0,2,0,1,0,0,0,0,Never,Moderate,High,Home,1,Medicaid,Elective,0
P005338,77,Male,25.9,149,77,89,152.0,7.5,191.0,6,3,6,1,3,1,1,1,0,Current,Low,Moderate,Rehabilitation,0,Medicare,Urgent,0
P002512,90,Male,31.0,145,78,80,187.0,7.5,182.0,7,2,8,1,4,1,1,1,0,Current,None,Low,Home Health Care,1,Private,Emergency,1
P003632,82,Male,26.9,125,74,87,102.0,5.2,219.0,3,0,5,0,1,0,1,0,0,Never,Low,Moderate,Home Health Care,1,Medicare,Urgent,0
P005667,69,Male,28.4,129,73,76,96.0,4.4,203.0,0,0,3,0,0,0,0,0,0,Current,Moderate,Moderate,Home,1,Medicare,Emergency,0
P003448,79,Female,60.2,123,69,69,91.0,5.4,191.0,5,1,7,1,1,0,0,1,0,Current,None,High,Home Health Care,1,Medicare,Urgent,0
P003714,65,Female,19.6,97,80,74,115.0,4.5,163.0,0,0,8,0,0,0,0,0,0,Never,None,Moderate,Home,1,Medicare,Emergency,0
P001978,67,Female,37.0,129,81,89,82.0,5.9,175.0,6,1,8,1,3,0,1,1,0,Never,High,Low,Home Health Care,0,Medicare,Emergency,0
P001445,62,Male,,134,76,99,152.0,5.7,247.0,1,0,5,0,0,0,0,0,0,Never,Low,Moderate,Rehabilitation,0,Medicaid,Urgent,0
P003943,51,Female,34.1,136,89,75,194.0,7.7,185.0,2,2,4,2,2,1,0,0,0,Former,Low,Moderate,Skilled Nursing Facility,1,Uninsured,Elective,1
P005817,68,Male,31.5,130,67,64,98.0,5.1,264.0,6,1,7,0,2,0,0,1,0,Never,None,Moderate,Rehabilitation,0,Medicare,Elective,0
P005400,82,Male,35.9,145,88,92,151.0,6.3,132.0,6,0,6,1,3,0,1,0,0,Former,None,Low,Home Health Care,0,Medicaid,Emergency,0
P001387,83,Male,35.2,127,77,71,155.0,5.6,197.0,1,2,5,1,2,0,1,0,0,Never,Moderate,Low,Home,1,Medicare,Emergency,0
P003171,80,Female,25.1,128,78,59,73.0,4.5,233.0,2,3,6,1,3,0,1,0,0,Former,None,Moderate,Skilled Nursing Facility,1,Medicare,Elective,0
P002410,56,Female,20.6,116,78,96,83.0,4.8,210.0,5,0,2,1,2,0,0,0,0,Current,None,Moderate,Home,0,Private,Emergency,1
P004410,39,Female,22.3,105,62,77,126.0,4.7,259.0,0,2,3,1,0,0,0,0,0,,Low,Moderate,Home,1,Uninsured,Urgent,0
P003526,88,Male,28.5,141,76,76,,7.7,157.0,6,3,4,3,4,1,0,0,0,Never,Moderate,Moderate,Home Health Care,1,Medicare,Urgent,1
P002259,80,Female,31.6,127,89,80,77.0,,203.0,4,2,3,0,1,0,1,0,0,Never,Low,Moderate,Home,1,Medicaid,Urgent,0
P005900,71,Male,29.8,95,92,86,145.0,4.6,225.0,5,4,5,0,3,0,0,1,0,,Low,Moderate,Home,1,Medicare,Elective,0
P001570,40,Male,25.3,105,74,76,140.0,5.4,165.0,3,1,5,0,1,0,0,0,0,Former,None,High,Home Health Care,0,Private,Urgent,0
P002202,61,Female,28.6,102,85,71,60.0,4.9,224.0,6,0,1,0,2,0,0,1,0,Former,Low,Moderate,Home,1,Private,Urgent,0
P001706,93,Female,29.3,152,81,83,126.0,5.4,145.0,10,2,11,4,4,0,1,1,0,Never,None,Moderate,Skilled Nursing Facility,1,Private,Emergency,0
P004366,79,Female,26.9,128,85,83,104.0,4.7,220.0,4,2,4,1,3,0,1,0,1,Never,Low,Moderate,Other,1,Medicare,Elective,1
P000085,46,Male,28.5,136,86,81,126.0,5.2,228.0,2,0,3,0,0,0,0,0,0,Former,Moderate,Moderate,Home,0,Private,Elective,0
P004220,58,Male,35.7,147,93,72,126.0,6.1,261.0,7,3,6,3,2,0,1,0,0,Former,None,Moderate,Home Health Care,1,Medicaid,Urgent,1
P005375,65,Female,25.4,136,86,72,80.0,4.7,223.0,2,0,5,0,2,0,1,0,0,Never,None,Low,Home,1,Medicare,Elective,0
P001031,82,Male,28.5,155,79,74,101.0,5.3,170.0,3,0,3,0,2,0,1,0,1,Current,Moderate,High,Rehabilitation,1,Medicare,Elective,0
P005113,64,Male,24.1,117,64,92,219.0,8.8,205.0,4,1,4,0,2,1,1,0,0,Current,Low,Low,Home,1,Private,Elective,0
P005298,63,Male,30.4,139,75,74,65.0,5.8,235.0,9,1,8,2,3,0,1,0,0,Never,None,Low,Rehabilitation,1,Private,Emergency,0
P003911,84,Male,24.3,150,88,89,104.0,5.4,251.0,3,1,5,1,3,0,1,1,1,Never,Moderate,High,Home Health Care,0,Private,Urgent,0
P001614,65,Male,26.6,134,63,88,86.0,4.6,218.0,2,0,3,2,2,0,1,0,0,Never,,Moderate,Home,1,Medicare,Elective,0
P003117,54,Male,20.1,117,62,96,205.0,5.9,213.0,9,3,8,0,2,0,1,0,0,Former,Low,High,Rehabilitation,1,Private,Emergency,0
P002665,58,Female,31.0,121,64,90,230.0,7.9,176.0,1,2,5,1,1,1,0,0,0,,Moderate,Low,Rehabilitation,0,Medicaid,Elective,0
P000427,76,Female,38.7,181,87,76,145.0,7.7,161.0,7,3,6,1,5,1,1,0,1,Never,Low,Low,Home,1,Medicare,Emergency,1
P003734,58,Male,30.9,92,76,82,116.0,5.2,209.0,4,0,7,0,2,0,0,0,0,Current,Low,Moderate,Rehabilitation,1,Private,Emergency,0
P001604,43,Male,25.3,102,60,49,96.0,,311.0,1,1,5,1,1,0,0,0,0,Former,Moderate,Low,Home Health Care,0,Medicare,Emergency,0
P000871,68,Female,19.0,116,91,61,60.0,4.6,171.0,0,0,5,0,0,0,0,0,0,Former,None,Moderate,Home,0,Private,Elective,0
P000200,62,Male,35.0,105,82,106,177.0,7.7,232.0,6,1,7,2,3,1,0,0,0,Current,Low,Moderate,Home,0,Medicaid,Elective,0
P005349,72,Male,27.9,109,77,64,136.0,5.5,245.0,4,2,6,0,2,0,1,0,0,Current,Low,Low,Home,1,Medicare,Urgent,0
P005376,77,Male,25.3,147,100,77,143.0,7.7,182.0,2,2,7,0,3,1,1,1,0,Never,Moderate,Moderate,Home,0,Private,Elective,0
P002149,59,Male,28.6,132,94,75,109.0,4.6,129.0,6,1,6,1,2,0,1,1,0,Never,None,Moderate,Home Health Care,0,Medicaid,Emergency,0
P002918,91,Male,19.4,142,85,87,92.0,5.5,172.0,5,1,7,2,3,0,1,1,0,Former,Moderate,Low,Home,0,Medicare,Emergency,1
P000112,68,Female,28.8,134,77,76,86.0,5.1,207.0,2,2,5,0,2,0,0,0,1,Former,Moderate,High,Home,1,Medicare,Elective,0
P004044,42,Male,,109,68,101,82.0,5.1,159.0,4,4,5,1,1,0,0,0,0,Former,None,Moderate,Home,0,Private,Elective,0
P003863,46,Female,22.0,137,80,86,144.0,5.3,264.0,4,0,2,0,0,0,0,0,0,Current,None,High,Home,1,Medicaid,Elective,0
P001163,60,Female,22.1,131,63,66,178.0,8.3,202.0,2,1,9,1,1,1,0,0,0,Never,Low,Low,Home,1,Private,Emergency,1
P004711,70,Male,24.8,143,88,98,76.0,5.5,168.0,3,0,8,0,2,0,1,0,0,Former,High,Low,Home,0,Medicare,Emergency,0
P005683,58,Male,28.6,137,69,68,209.0,8.3,227.0,5,1,2,0,3,1,1,0,0,Never,None,Moderate,Home,1,Medicaid,Urgent,0
P005808,62,Male,28.9,150,96,93,179.0,7.7,263.0,9,3,65,3,4,1,1,1,0,Never,Low,Low,Home,0,Private,Emergency,1
P000855,68,Female,34.8,113,68,76,206.0,8.4,235.0,3,0,5,1,2,1,0,0,0,Current,Moderate,High,Home,1,Medicare,Emergency,0
P004036,66,Female,28.5,156,75,77,145.0,6.4,140.0,5,3,8,5,4,0,1,1,0,Former,None,High,Other,1,Private,Emergency,1
P003668,47,Female,31.1,106,68,83,213.0,8.9,199.0,6,1,7,1,2,1,0,0,0,Former,Low,Low,Home,1,Medicaid,Emergency,0
P000572,63,Female,31.7,161,92,79,,6.4,269.0,10,4,10,3,5,1,1,0,0,Never,Low,Moderate,Home,0,Medicare,Urgent,1
P002693,63,Female,28.9,122,76,76,112.0,4.1,216.0,4,2,9,0,3,0,1,1,0,Never,Moderate,High,Home,1,Medicaid,Elective,0
P001366,70,Female,21.5,139,92,94,85.0,4.3,216.0,2,0,6,0,0,0,0,0,0,Former,None,Low,Skilled Nursing Facility,0,Medicaid,Emergency,0
P002359,82,Female,33.3,127,76,69,203.0,7.7,237.0,4,0,2,1,2,1,0,0,0,Never,Low,High,Home,1,Medicare,Emergency,0
P004125,75,Male,20.6,128,88,86,,7.2,249.0,2,1,5,0,2,1,0,0,0,Former,Low,Moderate,Rehabilitation,1,Medicare,Urgent,0
P003404,80,Female,28.5,120,69,59,196.0,7.1,214.0,9,4,6,1,6,1,1,1,1,Former,Moderate,High,Home,1,Medicare,Elective,1
P003627,65,Female,25.5,107,69,71,423.0,6.1,211.0,3,0,4,0,1,0,0,0,0,Former,Moderate,Low,Skilled Nursing Facility,0,Medicare,Emergency,0
P001352,72,Male,37.2,135,82,55,131.0,7.9,206.0,5,3,6,4,5,1,1,0,0,Former,None,Low,Home,1,Medicare,Elective,0
P003235,57,Male,27.2,134,78,83,100.0,6.0,172.0,1,1,6,0,3,0,1,0,0,Former,None,Moderate,Home,0,Private,Urgent,0
P002782,54,Female,22.9,110,65,85,106.0,5.6,219.0,3,0,8,1,0,0,0,0,0,Former,High,Low,Home,1,Medicaid,Elective,0
P001274,70,Male,20.6,131,79,74,173.0,8.5,236.0,7,0,4,1,2,1,0,0,1,Never,Low,Moderate,Home Health Care,1,Medicare,Emergency,0
P001115,66,Male,26.6,136,96,89,72.0,4.4,212.0,1,2,2,1,2,0,1,1,0,Current,Moderate,High,Home,1,Medicare,Urgent,0
P000955,53,Male,24.9,126,82,75,198.0,7.8,238.0,7,2,1,2,2,1,1,0,0,Never,None,High,Home,1,Private,Elective,0
P002452,58,Female,27.2,108,72,67,100.0,5.9,252.0,0,0,5,0,1,0,1,0,0,,Low,Moderate,Home,0,Private,Emergency,0
P004871,46,Female,30.7,116,83,77,114.0,6.0,182.0,7,0,2,0,1,0,0,0,0,Never,Low,High,Home,1,Medicare,Urgent,0
P003630,73,Female,,167,88,58,100.0,5.5,234.0,0,2,6,1,2,0,1,0,0,Never,High,High,Home,0,Medicare,Emergency,0
P003220,79,Female,33.3,143,95,93,114.0,4.6,144.0,0,0,73,0,1,0,1,0,0,Never,Moderate,Low,Rehabilitation,0,Medicare,Emergency,0
P004748,46,Female,27.1,144,78,86,101.0,4.8,,2,1,7,2,3,0,1,0,0,Former,None,Moderate,Home Health Care,0,Private,Emergency,0
P004815,67,Other,28.5,110,71,93,98.0,4.9,252.0,4,3,6,3,1,0,0,0,0,Never,Moderate,High,Home,1,Medicare,Emergency,0
P003625,63,Male,,113,65,87,120.0,,258.0,3,0,1,0,2,0,0,0,0,Never,None,High,Home,1,Private,Urgent,0
P000349,40,Male,25.0,117,79,81,100.0,4.8,193.0,1,0,5,0,0,0,0,0,0,Former,High,Moderate,Skilled Nursing Facility,0,Private,Emergency,0
P000467,60,Male,33.5,132,72,78,62.0,5.3,133.0,5,0,7,0,3,0,0,0,0,Former,Low,High,Home Health Care,1,Uninsured,Elective,0
P002271,70,Female,36.9,152,85,74,92.0,4.3,191.0,1,4,2,0,2,0,1,1,0,Current,None,High,Home,0,Medicare,Urgent,0
P000797,79,Female,27.1,114,66,88,78.0,5.4,210.0,4,2,8,0,1,0,0,0,0,Former,Low,Moderate,Home Health Care,1,Medicare,Emergency,0
P001104,72,Female,33.2,130,70,77,177.0,7.8,141.0,3,0,6,0,1,1,0,0,0,,High,Low,Home,0,Medicare,Emergency,1
P005414,78,Female,25.4,110,81,92,77.0,4.3,148.0,4,0,8,1,1,0,1,0,0,Current,None,Low,Home,1,Medicare,Emergency,0
P000036,81,Male,34.6,110,70,61,169.0,6.6,184.0,4,1,9,0,5,1,0,1,1,Former,,Low,Home,1,Medicare,Emergency,0
P002479,75,Female,25.8,154,102,50,87.0,5.0,126.0,3,0,8,1,1,0,0,0,0,Never,Moderate,Low,Home,1,Medicare,Urgent,0
P004176,56,Female,25.4,127,76,79,97.0,4.6,216.0,4,0,5,1,1,0,0,0,0,Never,Low,High,Home,1,Private,Urgent,0
P004024,41,Female,22.7,113,78,90,126.0,5.2,238.0,7,1,4,0,1,0,0,0,0,Never,Low,High,Home Health Care,0,Private,Emergency,0
P002956,49,Male,34.8,113,73,71,103.0,4.7,176.0,2,1,6,0,1,0,0,0,0,Current,Low,Low,Home Health Care,1,Medicaid,Elective,0
P000198,58,Female,31.5,145,85,83,60.0,5.0,269.0,3,4,6,2,3,0,1,0,0,Former,None,Moderate,Other,1,Medicaid,Urgent,1
P003330,60,Male,28.6,121,73,67,204.0,8.2,249.0,4,0,5,0,2,1,0,0,0,Never,Low,High,Home,1,Medicaid,Urgent,0
P001666,54,Male,31.4,122,78,75,112.0,4.9,251.0,3,0,2,3,1,0,0,1,0,Former,Moderate,Moderate,Home,1,Medicaid,Elective,0
P005418,78,Male,41.1,156,101,85,208.0,7.4,193.0,8,0,6,2,3,1,1,1,0,Former,Low,Moderate,Skilled Nursing Facility,0,Medicare,Emergency,0
P000754,95,Female,37.4,154,87,87,232.0,,244.0,8,6,9,6,4,1,1,1,1,Former,Moderate,High,Home,1,Medicare,Emergency,1
P002476,65,Female,29.6,102,67,68,95.0,5.3,231.0,3,0,6,3,2,0,0,0,0,Former,High,Low,Home,1,Medicare,Emergency,1
P003889,60,Male,24.9,128,74,62,99.0,4.7,158.0,3,0,4,0,1,0,1,0,0,Never,None,High,Home,1,Private,Emergency,0
P004651,50,Female,29.6,117,84,86,120.0,5.0,222.0,1,0,7,0,0,0,0,0,0,Never,Moderate,Moderate,Home,1,Private,Emergency,0
P001179,69,Female,35.6,162,87,71,199.0,6.4,255.0,10,1,3,1,3,1,1,0,0,Never,None,High,Home,0,Private,Elective,0
P002999,76,Female,27.9,148,80,72,146.0,5.2,250.0,2,0,6,1,0,0,0,0,0,Former,Moderate,Low,Home Health Care,1,Medicare,Emergency,0
P001795,36,Female,18.2,126,68,68,60.0,4.2,258.0,1,1,6,2,1,0,0,0,0,,None,High,Home Health Care,1,Private,Emergency,0
P001158,86,Female,,150,65,100,187.0,7.6,138.0,6,2,7,1,3,1,1,1,0,Former,None,Low,Other,1,Medicare,Emergency,0
P000798,80,Female,36.7,145,66,73,123.0,7.0,192.0,5,1,2,0,3,1,1,0,0,Former,None,Low,Skilled Nursing Facility,0,Medicare,Elective,0
P005961,58,Female,30.3,119,76,86,91.0,5.5,233.0,2,1,4,1,2,0,0,1,0,Never,Low,Moderate,Home,0,Private,Urgent,0
P001042,79,Male,37.2,134,81,100,194.0,,257.0,7,1,5,1,4,1,1,1,0,Former,Low,Low,Skilled Nursing Facility,1,Medicare,Elective,0
P005103,80,Female,26.9,137,76,71,102.0,5.8,177.0,2,0,2,0,1,0,0,0,0,Never,High,Moderate,Home,0,Medicare,Elective,0
P003202,81,Male,32.8,138,86,96,228.0,7.3,189.0,4,0,9,2,3,1,1,0,0,Former,Low,High,Skilled Nursing Facility,1,Medicaid,Elective,0
P003635,61,Female,30.6,157,79,52,103.0,5.1,159.0,4,1,1,1,1,0,1,0,0,Current,Moderate,High,Home,1,Medicaid,Urgent,0
P005173,58,Male,23.1,118,62,55,144.0,7.6,183.0,3,0,6,1,1,1,0,0,0,Former,None,Moderate,Home,1,Uninsured,Emergency,0
P002719,80,Female,32.1,136,86,92,166.0,7.8,208.0,3,2,5,0,1,1,0,0,0,Former,Low,Low,Home Health Care,1,Medicare,Emergency,0
P005797,98,Male,36.3,144,81,79,134.0,5.2,223.0,3,2,5,1,3,0,1,1,1,Current,,Low,Skilled Nursing Facility,0,Medicare,Urgent,0
P002609,76,Female,36.3,152,97,101,126.0,7.4,287.0,5,1,5,2,2,1,1,0,0,Former,High,Moderate,Home,1,Medicare,Urgent,0
P000221,61,Male,21.6,125,74,87,101.0,5.0,192.0,3,0,5,3,1,0,0,1,0,Never,None,Moderate,Home,0,Private,Emergency,0
P003844,92,Male,28.7,139,97,83,176.0,8.6,153.0,5,5,5,2,4,1,1,0,1,Never,High,Low,Rehabilitation,1,Medicare,Emergency,1
P004795,81,Female,26.7,160,95,71,172.0,,202.0,7,0,5,2,2,0,1,1,0,Former,None,Low,Other,1,Medicare,Emergency,1
P002983,61,Female,28.9,135,80,88,127.0,4.6,246.0,2,0,3,2,2,0,1,0,0,Former,None,Moderate,Home,1,Private,Elective,0
P004295,65,Male,20.6,104,65,81,113.0,5.3,137.0,0,0,6,1,1,0,0,0,0,Former,Moderate,Low,Home,1,Medicare,Emergency,0
P000869,55,Female,20.3,131,70,48,75.0,4.7,215.0,0,0,5,0,0,0,0,0,0,Never,Moderate,Moderate,Home,1,Private,Urgent,0
P002049,66,Female,33.9,130,101,69,100.0,5.1,178.0,4,3,11,4,2,0,0,1,0,Never,Moderate,Moderate,Home,1,Private,Emergency,0
P002748,57,Female,,107,82,76,101.0,4.4,224.0,4,1,4,2,2,0,0,1,0,Never,Low,Moderate,Home,0,Private,Emergency,0
P004466,72,Male,28.6,133,77,88,136.0,5.0,256.0,7,1,6,0,2,0,0,0,1,Never,Low,Moderate,Home,1,Medicare,Emergency,0
P005874,64,Female,31.2,104,76,88,122.0,5.5,,3,2,2,0,1,0,0,0,0,Never,Moderate,Moderate,Home,1,Medicaid,Emergency,0
P001058,70,Male,24.9,168,81,95,156.0,7.8,194.0,2,3,4,3,3,1,1,0,0,Former,None,Low,Home,1,Medicaid,Urgent,1
P003287,44,Male,30.5,102,70,74,68.0,5.2,205.0,3,0,3,0,1,0,0,0,0,Former,None,Moderate,Rehabilitation,1,Medicaid,Emergency,0
P000235,53,Male,29.0,114,60,75,66.0,5.3,231.0,4,0,4,0,1,0,0,0,0,Never,Moderate,Low,Home,1,Private,Urgent,0
P001998,63,Male,30.3,118,65,65,138.0,5.7,197.0,0,1,10,1,0,0,0,0,0,Former,High,Moderate,Home,0,Medicaid,Urgent,0
P004517,76,Female,35.9,142,64,76,118.0,5.2,220.0,8,0,1,1,2,0,1,0,0,Former,Low,Moderate,Rehabilitation,1,Medicare,Urgent,0
P002067,78,Female,22.0,155,104,88,88.0,4.6,127.0,2,0,4,1,1,0,1,0,0,Current,Low,Moderate,Home,0,Medicare,Urgent,1
P000586,94,Female,,145,74,88,169.0,,140.0,5,0,4,1,3,1,0,0,1,Former,High,Low,Other,0,Medicaid,Urgent,0
P005100,49,Female,35.4,114,77,77,170.0,8.5,264.0,0,0,3,0,1,1,0,0,0,Former,,Moderate,Home,0,Medicaid,Elective,0
P005021,52,Female,26.8,99,72,65,124.0,5.9,,3,2,6,2,2,0,0,0,0,Never,Moderate,Moderate,Home Health Care,1,Uninsured,Emergency,0
P000120,60,Male,21.5,125,77,93,75.0,5.1,208.0,3,0,6,0,0,0,0,0,0,Former,Low,Moderate,Home,1,Medicare,Emergency,0
P004843,41,Other,26.9,123,70,68,88.0,6.0,122.0,5,0,2,1,0,0,0,0,0,Never,Moderate,High,Home,1,Medicaid,Urgent,0
P005069,54,Male,29.3,113,76,60,122.0,5.1,229.0,5,2,5,1,2,0,0,0,1,Current,Moderate,High,Home,0,Medicaid,Emergency,0
P000661,39,Female,32.9,87,54,72,236.0,7.5,155.0,2,0,3,1,2,1,0,0,0,Current,None,Moderate,Home,1,Medicaid,Emergency,0
P001343,71,Male,34.2,126,80,84,167.0,7.7,218.0,9,1,6,1,3,1,1,1,0,Former,Moderate,Moderate,Home,1,Medicaid,Urgent,0
P000956,85,Male,25.5,155,92,79,163.0,6.5,,10,1,9,1,5,1,1,1,0,Former,None,Low,Home,1,Medicare,Urgent,0
P003196,80,Male,22.8,96,74,77,194.0,7.5,110.0,2,1,4,1,1,1,0,0,0,Never,Low,High,Home,0,Medicare,Emergency,0
P000645,59,Female,20.4,119,76,47,91.0,6.0,154.0,1,0,9,1,0,0,0,0,0,Never,Low,Moderate,Home,0,Private,Emergency,0
P004647,63,Female,26.9,106,65,63,84.0,5.3,196.0,1,1,9,0,1,0,0,0,0,Former,Low,High,Home,1,Uninsured,Emergency,0
P000853,78,Male,23.8,143,86,87,148.0,8.1,285.0,2,0,10,2,2,1,0,0,0,Never,Low,Moderate,Home,1,Medicare,Elective,0
P001896,55,Male,28.3,111,73,92,137.0,5.5,182.0,3,0,4,0,2,0,0,0,0,Never,None,Low,Home,1,Private,Emergency,0
P005078,65,Male,,163,115,73,,5.4,203.0,3,1,10,1,3,0,1,0,0,Never,Moderate,Moderate,Skilled Nursing Facility,0,Medicare,Urgent,1
P000264,56,Female,38.1,109,62,94,81.0,5.1,129.0,4,2,5,0,1,0,0,0,0,Former,None,Moderate,Home,1,Private,Emergency,0
P005381,82,Female,20.6,140,93,75,75.0,5.4,207.0,2,0,2,0,1,0,0,0,0,Former,None,Moderate,Home,1,Medicare,Urgent,0
P001134,85,Female,25.1,172,94,81,152.0,5.0,169.0,3,3,5,0,2,0,1,0,0,Never,Low,Moderate,Rehabilitation,0,Medicare,Emergency,0
P002295,81,Male,27.9,138,81,81,94.0,,219.0,5,0,8,0,2,0,1,0,1,Never,None,Low,Skilled Nursing Facility,1,Medicare,Emergency,0
P005671,56,Female,35.0,130,69,68,115.0,5.1,253.0,1,0,4,0,0,0,0,0,0,,Low,Low,Home,1,Private,Emergency,0
P003770,75,Male,36.8,135,80,89,91.0,4.6,215.0,5,2,4,3,2,0,1,1,0,Former,None,High,Home,1,Medicare,Elective,1
P004678,76,Male,23.2,133,81,68,135.0,7.7,223.0,4,0,5,6,2,1,0,1,0,Former,Moderate,Low,Rehabilitation,1,Medicare,Emergency,0
P001107,44,Female,19.7,113,75,69,98.0,5.5,180.0,0,1,5,0,0,0,0,0,0,Never,Low,Low,Home,1,Medicare,Emergency,0
P000718,74,Male,27.4,124,78,87,98.0,4.7,205.0,4,3,7,0,1,0,0,0,1,Former,Low,Moderate,Home,0,Medicare,Urgent,1
P000273,63,Male,24.2,133,65,78,153.0,5.3,242.0,5,0,11,0,2,0,0,1,0,Former,None,Low,Home,1,Medicaid,Emergency,0
P001741,58,Male,,128,95,95,166.0,7.4,212.0,6,1,4,0,3,1,1,0,0,Never,Moderate,Moderate,Home,1,Private,Elective,0
P002874,36,Female,40.6,119,73,77,179.0,7.9,216.0,3,0,5,0,1,1,0,0,0,Former,Low,Low,Home,1,Private,Emergency,0
P004754,43,Male,30.0,124,79,74,97.0,4.7,188.0,0,0,1,0,0,0,0,0,0,Former,Moderate,Moderate,Home,1,Medicaid,Urgent,0
P005875,45,Male,29.3,139,90,90,94.0,5.5,154.0,8,1,9,2,3,0,1,1,0,Former,None,Moderate,Home,1,Uninsured,Emergency,0
P004329,73,Female,56.1,123,80,78,145.0,8.1,211.0,5,2,6,1,2,1,0,0,1,Former,High,Moderate,Home,1,Medicare,Emergency,0
P005394,52,Female,28.1,128,90,74,106.0,5.5,385.0,3,0,2,0,1,0,1,0,0,Never,Low,Moderate,Home,0,Uninsured,Elective,0
P000800,65,Male,27.0,110,57,74,113.0,4.1,240.0,1,0,5,0,2,0,0,0,0,Never,None,Moderate,Skilled Nursing Facility,0,Medicare,Emergency,1
P002306,57,Female,35.3,163,101,70,223.0,7.4,172.0,7,0,6,0,2,1,1,0,0,,Moderate,Low,Rehabilitation,0,Medicare,Emergency,0
P000350,86,Female,23.1,124,92,90,120.0,5.4,181.0,4,5,6,0,2,0,1,0,1,Former,Moderate,Low,Home Health Care,1,Medicare,Urgent,0
P000801,51,Female,37.0,115,73,82,60.0,4.8,221.0,5,1,4,0,2,0,0,1,0,Never,None,Low,Home,1,Private,Emergency,1
P004692,68,Male,31.4,126,70,67,93.0,4.9,168.0,5,3,7,1,2,0,0,0,0,Never,Low,Moderate,Home,1,Medicare,Elective,0
P004824,55,Female,15.2,87,48,66,105.0,5.6,197.0,1,2,7,0,1,0,0,0,0,Never,None,Low,Home,1,Private,Emergency,0
P001212,57,Female,25.3,130,90,84,92.0,5.1,189.0,2,0,3,1,2,0,0,0,0,Never,None,Low,Home,0,Medicare,Emergency,0
P005789,53,Female,25.9,123,74,86,87.0,5.1,150.0,2,1,1,1,1,0,0,0,0,Former,High,Moderate,Home,1,Private,Elective,0
P002606,51,Female,29.4,118,72,101,123.0,4.6,184.0,2,0,3,0,0,0,0,0,0,Former,Low,Moderate,Home,0,Uninsured,Urgent,0
P003089,66,Female,23.1,108,83,70,122.0,5.0,141.0,1,1,2,1,0,0,0,0,0,Never,None,Low,Home,1,Medicare,Urgent,0
P000026,59,Other,28.9,152,86,72,89.0,5.1,174.0,4,1,3,2,1,0,1,0,0,Never,Moderate,Low,Home Health Care,1,Uninsured,Emergency,0
P003858,64,Male,31.0,116,60,76,70.0,5.2,250.0,1,0,9,1,1,0,0,0,0,,None,Moderate,Home,1,Medicaid,Emergency,0
P000124,84,Male,30.2,158,92,75,132.0,7.5,264.0,2,3,8,2,6,1,1,0,0,Never,Moderate,Low,Skilled Nursing Facility,1,Medicare,Urgent,0
P002412,88,Female,,152,93,89,215.0,7.8,179.0,5,1,4,0,3,1,1,0,1,Never,None,Moderate,Skilled Nursing Facility,1,Private,Urgent,0
P002125,64,Male,22.8,141,82,93,82.0,4.7,139.0,1,3,10,1,2,0,1,0,0,Never,None,Low,Home,1,Private,Emergency,0
P004311,69,Female,23.6,133,75,84,117.0,5.5,202.0,1,0,5,1,1,0,0,0,0,Current,None,Moderate,Home,0,Medicare,Emergency,1
P002600,80,Female,19.6,106,71,81,182.0,7.2,159.0,7,0,7,2,3,1,1,0,0,Never,High,Moderate,Home,0,Medicare,Emergency,0
P000192,61,Male,15.0,132,71,98,148.0,7.3,181.0,1,3,2,4,2,1,0,0,0,Never,Low,Low,Home,0,Uninsured,Emergency,0
P001532,69,Male,,117,72,95,92.0,5.4,192.0,4,1,8,1,1,0,1,0,0,Never,None,Low,Home Health Care,1,Medicare,Emergency,0
P004162,44,Female,24.4,90,55,83,87.0,5.2,157.0,1,0,6,1,1,0,0,0,0,Never,High,Moderate,Skilled Nursing Facility,1,Medicare,Emergency,0
P002250,81,Male,34.8,126,81,65,176.0,7.8,291.0,6,1,5,1,3,1,0,0,1,Former,Moderate,Moderate,Home,1,Medicare,Elective,0
P000330,56,Male,24.0,115,70,86,203.0,6.6,211.0,4,0,12,0,2,1,0,0,0,Former,Moderate,Low,Home,1,Uninsured,Emergency,0
P001627,29,Male,27.6,110,83,76,90.0,5.6,142.0,5,0,3,1,0,0,0,0,0,Never,Low,High,Home,0,Medicaid,Urgent,0
P004751,77,Female,16.0,144,97,63,74.0,5.3,146.0,5,0,4,2,1,0,1,0,0,Former,Low,Moderate,Skilled Nursing Facility,1,Medicare,Urgent,0
P003299,57,Male,22.7,127,93,93,101.0,5.4,137.0,5,5,4,2,2,0,0,0,1,Former,Low,Low,Home,1,Private,Elective,1
P005419,60,Male,23.3,122,72,91,61.0,4.5,205.0,0,1,8,0,0,0,0,0,0,Never,None,Low,Home,1,Uninsured,Emergency,0
P003085,57,Male,22.4,132,74,94,148.0,5.2,214.0,4,0,7,0,2,0,0,0,0,Former,None,High,Home,1,Private,Elective,0
P004105,59,Female,38.2,156,94,92,142.0,7.6,161.0,9,0,6,2,2,1,1,0,0,Current,None,Moderate,Home Health Care,0,Private,Emergency,0
P001350,62,Female,33.2,140,81,80,149.0,6.4,249.0,5,4,2,1,3,1,1,1,0,Current,None,High,Rehabilitation,1,Private,Emergency,0
P005217,52,Male,24.2,111,75,65,136.0,7.3,157.0,3,1,11,0,3,1,0,0,0,Never,,Moderate,Home,0,Uninsured,Emergency,0
P000919,84,Male,28.9,122,85,87,166.0,8.1,205.0,5,3,9,1,4,1,0,1,1,Never,Low,Low,Skilled Nursing Facility,0,Medicare,Elective,1
P005943,74,Male,25.6,147,94,75,74.0,4.8,224.0,5,2,5,2,3,0,1,1,0,,Moderate,Low,Home,0,Medicare,Emergency,1
P001830,61,Female,,107,60,66,68.0,4.4,191.0,4,0,7,1,1,0,0,0,0,Never,Moderate,Low,Home Health Care,1,Private,Emergency,0
P005861,82,Male,26.2,163,97,80,123.0,5.3,197.0,4,2,8,0,4,0,1,1,0,Former,Low,High,Skilled Nursing Facility,0,Medicare,Elective,0
P002223,65,Female,26.9,144,74,80,71.0,5.2,199.0,4,2,6,1,1,0,0,0,0,Current,None,Moderate,Home Health Care,0,Medicare,Emergency,0
P004587,72,Male,28.5,124,81,82,105.0,5.0,153.0,4,1,7,0,2,0,1,0,0,Current,Moderate,Moderate,Home,1,Medicare,Urgent,0
P001686,74,Female,25.2,119,73,67,64.0,5.2,229.0,8,1,5,2,4,0,1,1,0,Former,None,Moderate,Skilled Nursing Facility,1,Medicare,Elective,0
P000774,84,Male,23.6,145,83,100,535.0,8.7,233.0,7,2,9,2,4,1,1,0,0,,None,High,Home Health Care,0,Medicare,Emergency,1
P004193,73,Female,30.0,115,64,73,118.0,5.0,265.0,1,1,4,1,2,0,1,1,0,Never,None,Moderate,Home,1,Medicare,Emergency,0
P004456,100,Female,28.3,114,62,91,103.0,5.6,246.0,1,5,4,0,0,0,0,0,0,Never,None,Moderate,Skilled Nursing Facility,0,Medicaid,Elective,0
P004028,74,Female,30.9,132,74,83,76.0,4.6,154.0,3,0,10,0,1,0,1,0,0,Never,Low,Moderate,Home,0,Medicare,Emergency,0
P003839,59,Female,20.9,118,72,54,60.0,5.2,233.0,5,2,9,1,4,0,1,0,0,Former,Low,Moderate,Rehabilitation,1,Medicaid,Elective,0
P002641,73,Male,19.5,150,85,59,109.0,4.6,147.0,6,0,4,0,1,0,1,0,0,Former,Moderate,Low,Home,1,Uninsured,Urgent,0
P004142,100,Female,30.1,163,100,103,206.0,8.6,190.0,10,5,5,1,4,1,1,1,0,Current,Low,Low,Home Health Care,1,Private,Elective,0
P005906,60,Female,31.4,111,78,86,133.0,4.8,209.0,4,2,3,1,2,0,0,0,1,Former,Low,Moderate,Home,1,Private,Urgent,0
P000529,68,Male,32.4,119,73,63,99.0,5.8,229.0,0,0,3,2,0,0,0,0,0,Never,Moderate,Low,Home Health Care,1,Medicare,Emergency,0
P004121,54,Male,30.2,157,96,90,80.0,5.4,247.0,2,0,4,0,1,0,1,0,0,Former,Low,Moderate,Home,1,Medicare,Elective,0
P002326,72,Male,24.5,130,71,77,205.0,7.6,161.0,10,3,7,1,4,1,0,0,1,,None,Low,Home,1,Private,Emergency,1
P004333,87,Male,30.7,164,101,74,66.0,5.3,316.0,2,2,8,2,2,0,1,0,1,Never,Low,Moderate,Skilled Nursing Facility,1,Private,Emergency,0
P001679,53,Male,30.4,104,64,73,85.0,,,3,0,4,0,1,0,0,0,0,Never,Moderate,Moderate,Home Health Care,1,Medicaid,Emergency,0
P005922,90,Male,38.2,135,95,90,159.0,7.7,262.0,3,1,8,1,3,1,1,0,1,Never,None,Low,Rehabilitation,1,Medicare,Emergency,1
P003624,80,Female,35.9,107,68,84,176.0,8.0,174.0,8,2,5,1,1,1,0,0,0,Current,,High,Home,1,Medicare,Elective,1
P001794,59,Male,22.8,127,83,89,189.0,7.5,149.0,5,1,6,1,3,1,0,0,1,Former,Moderate,High,Home,1,Private,Emergency,1
P002551,39,Female,29.2,112,84,72,95.0,6.1,174.0,3,1,4,1,1,0,0,0,0,Former,Low,Low,Other,0,Uninsured,Urgent,0
P004599,82,Female,19.7,156,79,87,85.0,4.4,211.0,1,1,5,1,0,0,0,0,0,Current,Moderate,Low,Home,1,Medicare,Emergency,1
P001941,45,Female,28.1,105,73,96,110.0,5.2,232.0,3,1,4,0,1,0,0,0,0,Never,None,High,Home,1,Private,Urgent,0
P004666,77,Male,17.3,123,63,75,70.0,4.7,215.0,3,3,8,2,2,0,0,0,1,Never,Moderate,Low,Home Health Care,1,Medicare,Emergency,0
P002361,88,Male,36.2,135,93,93,108.0,,213.0,6,1,5,1,1,0,0,0,1,Current,Low,High,Home,1,Private,Emergency,0
P001011,45,Female,30.0,112,58,55,110.0,5.5,155.0,3,0,3,0,0,0,0,0,0,Former,Low,High,Home,1,Private,Emergency,0
P000148,62,Female,28.7,130,76,64,115.0,5.7,190.0,2,0,2,1,0,0,0,0,0,Current,Low,High,Rehabilitation,0,Private,Elective,0
P003353,76,Male,41.9,134,81,75,157.0,7.0,231.0,6,2,3,1,3,1,1,0,0,Current,None,High,Home,1,Private,Emergency,0
P003878,69,Male,25.4,145,93,82,198.0,8.5,249.0,4,3,3,1,2,1,1,0,0,Never,None,High,Home,1,Medicaid,Elective,0
P000455,65,Male,27.5,150,89,73,140.0,5.5,189.0,6,0,8,0,3,0,0,1,0,Never,None,Moderate,Home,1,Medicare,Emergency,0
P005084,61,Female,27.0,119,59,74,158.0,6.9,,4,2,8,2,6,1,0,0,1,Never,Moderate,Moderate,Home,1,Private,Emergency,0
P004791,38,Male,29.9,108,78,68,104.0,4.6,229.0,2,1,4,1,1,0,0,0,0,Current,Low,Moderate,Home Health Care,1,Medicaid,Emergency,0
P005966,82,Male,36.4,150,82,66,153.0,7.0,259.0,4,2,6,3,4,1,1,0,0,Never,Low,Moderate,Rehabilitation,0,Medicare,Urgent,1
P001494,48,Female,27.2,129,81,68,86.0,5.4,207.0,7,2,4,1,1,0,0,0,0,Never,None,Moderate,Home,1,Private,Emergency,0
P000420,84,Male,28.8,133,85,76,176.0,7.8,171.0,4,1,7,5,4,1,1,0,1,Former,,Moderate,Rehabilitation,1,Medicare,Emergency,0
P003111,68,Male,31.3,126,74,59,93.0,5.5,232.0,4,0,5,1,2,0,0,0,0,Never,None,Low,Home,1,Medicare,Urgent,0
P003458,50,Female,,101,72,69,125.0,,129.0,3,0,6,0,1,0,0,0,0,Never,High,Moderate,Skilled Nursing Facility,1,Private,Elective,0
P002691,45,Male,29.6,122,70,78,60.0,5.6,,0,0,11,1,0,0,0,0,0,Never,Low,Moderate,Home Health Care,0,Private,Emergency,0
P003748,77,Male,22.7,141,94,64,120.0,5.2,209.0,3,1,3,1,1,0,1,0,0,Never,High,Moderate,Skilled Nursing Facility,0,Medicare,Emergency,1
P004603,63,Female,27.4,145,104,115,102.0,5.6,225.0,2,1,4,1,1,0,1,0,0,Never,None,High,Home,0,Private,Emergency,0
P002116,60,Male,27.8,146,69,64,148.0,4.9,,4,2,6,0,2,0,1,0,0,Current,None,Low,Home,0,Medicaid,Emergency,0
P003398,60,Male,26.2,139,82,59,89.0,5.0,157.0,7,0,7,2,3,0,1,0,1,Never,Low,Moderate,Home,1,Uninsured,Emergency,0
P000642,74,Male,28.2,142,79,110,177.0,7.5,231.0,8,1,6,3,3,1,1,1,0,Former,Moderate,Moderate,Rehabilitation,0,Medicare,Emergency,0
P004605,62,Male,31.7,134,73,89,116.0,5.7,162.0,5,0,6,0,1,0,1,0,0,Never,Low,High,Home,0,Medicaid,Urgent,1
P004308,95,Female,27.8,130,85,76,116.0,5.4,246.0,5,2,12,2,3,0,1,1,0,Never,None,Moderate,Rehabilitation,0,Medicare,Urgent,1
P000794,70,Male,32.2,114,80,69,150.0,,167.0,10,1,5,3,4,1,1,0,0,Former,High,Low,Home,1,Medicare,Emergency,0
P001325,67,Female,32.2,147,93,82,68.0,4.7,193.0,2,1,6,1,2,0,1,0,0,Never,None,Low,Home Health Care,1,Private,Emergency,0
P001962,54,Male,15.4,116,74,88,121.0,4.6,206.0,3,2,4,2,1,0,0,1,0,Never,Moderate,Low,Other,1,Private,Emergency,0
P002564,89,Male,20.7,155,82,89,90.0,5.3,217.0,1,1,6,4,3,0,1,1,0,Never,None,Low,Home Health Care,1,Medicare,Urgent,0
P005134,43,Male,30.8,117,78,95,118.0,5.5,225.0,5,2,3,1,1,0,0,0,0,Never,Low,Low,Home,1,Private,Elective,0
P001800,57,Female,38.7,109,69,75,176.0,8.4,211.0,9,1,8,2,3,1,0,1,0,Never,Low,Low,Home,0,Private,Emergency,0
P002172,48,Female,31.5,121,64,74,525.0,4.9,161.0,1,1,4,0,0,0,0,0,0,Former,None,Moderate,Home Health Care,0,Private,Elective,0
P001976,76,Male,26.9,136,81,96,132.0,6.2,264.0,3,0,6,2,0,0,0,0,0,Never,Moderate,Low,Home,0,Medicare,Emergency,0
P005204,46,Male,29.8,110,73,57,150.0,7.4,156.0,1,0,3,0,1,1,0,0,0,Never,High,Low,Skilled Nursing Facility,1,Uninsured,Emergency,0
P002623,87,Other,23.4,169,93,84,92.0,5.2,,0,0,4,0,1,0,1,0,0,Never,None,Moderate,Skilled Nursing Facility,1,Medicare,Emergency,0
P000831,70,Male,21.5,138,82,69,60.0,5.2,227.0,2,0,2,0,2,0,0,0,1,Never,None,Low,Other,1,Medicaid,Urgent,0
P001185,64,Male,27.2,124,81,77,107.0,5.6,226.0,4,0,3,2,0,0,0,0,0,Never,Low,High,Home,1,Medicaid,Urgent,0
P002499,56,Male,,120,68,81,109.0,4.8,192.0,2,0,7,2,1,0,0,0,0,Current,Low,Low,Home,1,Private,Emergency,0
P000934,89,Male,26.2,155,81,79,140.0,7.7,205.0,4,2,6,1,2,1,1,0,0,Never,None,Low,Home Health Care,1,Medicare,Emergency,0
P002472,58,Female,17.2,113,79,78,99.0,5.0,212.0,5,0,5,0,1,0,0,1,0,Former,Moderate,Moderate,Skilled Nursing Facility,1,Private,Urgent,0
P001081,68,Male,27.3,96,64,49,60.0,5.2,251.0,5,1,5,1,3,0,0,0,0,Never,Low,High,Skilled Nursing Facility,0,Private,Emergency,0
P005656,61,Female,27.2,142,66,90,103.0,4.4,177.0,4,3,4,2,2,0,0,0,0,Never,Low,Low,Home,1,Medicaid,Emergency,0
P000140,100,Female,21.7,143,94,58,178.0,8.0,199.0,3,4,8,3,4,1,0,1,1,Former,None,High,Home,1,Medicare,Elective,1
P000792,45,Female,31.6,104,72,80,67.0,4.0,223.0,2,0,3,1,0,0,0,0,0,Never,Low,High,Home,1,Private,Elective,0
P000977,81,Male,27.3,141,80,91,98.0,5.9,243.0,9,1,7,2,5,0,1,1,1,Current,,Moderate,Home Health Care,1,Medicaid,Emergency,1
P000260,43,Male,30.7,116,68,66,110.0,5.7,168.0,1,1,2,0,0,0,0,0,0,,None,Moderate,Home,0,Medicare,Elective,0
P003698,62,Male,22.8,155,87,74,60.0,5.1,174.0,4,0,4,0,1,0,1,0,0,Never,None,Low,Home,0,Medicare,Elective,0
P001252,87,Male,31.5,154,91,69,133.0,5.7,160.0,13,5,12,4,6,0,1,1,1,Former,Low,Moderate,Home,1,Medicare,Emergency,1
P001483,66,Female,28.5,155,99,85,196.0,8.4,235.0,6,1,9,0,3,1,1,0,0,Current,Moderate,Moderate,Home,0,Medicare,Urgent,0
P005913,73,Female,18.0,146,76,45,132.0,5.2,110.0,3,2,13,3,4,0,1,0,0,Former,None,Low,Home,0,Medicare,Emergency,0
P005592,67,Female,24.6,156,90,80,87.0,5.6,235.0,1,0,41,1,1,0,1,0,0,,None,Low,Home,1,Medicaid,Emergency,0
P004264,77,Female,27.0,144,92,93,162.0,6.2,223.0,3,0,4,1,1,0,0,0,1,Never,Low,Moderate,Skilled Nursing Facility,0,Private,Emergency,0
P004210,59,Male,35.3,136,92,107,121.0,5.4,215.0,2,4,9,5,4,0,1,1,0,Never,None,Moderate,Home Health Care,1,Medicare,Elective,0
P004157,69,Female,33.8,148,82,81,88.0,5.4,227.0,5,1,5,0,2,0,1,1,0,Current,None,Moderate,Home,1,Private,Elective,0
P005552,62,Female,29.7,139,83,74,109.0,4.3,149.0,2,2,3,1,3,0,1,1,0,Never,Moderate,Moderate,Home,0,Medicare,Urgent,0
P005892,90,Female,32.1,151,84,94,157.0,8.0,195.0,3,2,7,2,5,1,1,1,1,Current,Moderate,Low,Home,1,Medicare,Emergency,0
P002598,68,Male,24.3,151,88,75,212.0,7.4,155.0,9,4,10,1,4,1,1,1,0,Never,None,High,Home,1,Medicare,Emergency,0
P000866,76,Male,28.4,143,72,82,85.0,5.5,154.0,4,1,1,2,2,0,1,1,0,Former,Low,High,Skilled Nursing Facility,1,Medicare,Emergency,0
P002317,60,Female,,139,83,63,66.0,5.0,125.0,6,0,11,0,6,0,1,1,0,Current,Low,Low,Home,1,Medicaid,Emergency,0
P000165,77,Female,44.0,115,74,72,205.0,7.7,232.0,3,1,3,1,1,1,0,0,0,Never,Low,Low,Skilled Nursing Facility,1,Private,Urgent,0
P004756,55,Male,36.9,135,71,85,141.0,7.8,219.0,4,0,8,1,2,1,0,0,0,Former,Moderate,Low,Home Health Care,1,Private,Emergency,0
P002080,50,Male,22.2,116,66,45,80.0,5.5,187.0,3,2,7,0,2,0,1,0,0,Current,Moderate,Low,Home,1,Private,Emergency,0
P000167,78,Female,25.6,130,81,87,207.0,6.7,177.0,9,3,4,5,5,1,0,1,0,Never,High,Low,Skilled Nursing Facility,1,Medicare,Urgent,1
P003801,59,Male,37.5,101,58,75,138.0,6.0,219.0,1,0,4,1,0,0,0,0,0,Former,Moderate,Low,Rehabilitation,0,Private,Emergency,0
P003597,58,Male,21.0,129,76,87,69.0,5.1,263.0,4,0,3,1,1,0,0,0,0,Current,Low,Moderate,Home,1,Medicaid,Emergency,0
P004222,72,Female,33.0,157,92,80,156.0,7.3,278.0,7,6,15,1,4,1,1,1,1,Current,Moderate,Low,Home,0,Medicare,Emergency,1
P003877,47,Male,25.6,130,84,81,134.0,4.8,175.0,4,0,3,0,1,0,0,0,0,Former,None,High,Home,1,Medicaid,Elective,0
P000403,76,Female,30.3,116,73,94,156.0,7.1,193.0,1,1,5,2,1,1,0,0,0,Former,Moderate,Moderate,Skilled Nursing Facility,1,Medicaid,Urgent,0
P003990,50,Female,28.0,113,70,76,60.0,5.2,253.0,2,0,2,1,1,0,0,1,0,,None,Moderate,Home,0,Private,Urgent,0
P001206,54,Male,22.2,116,89,67,184.0,8.6,255.0,6,1,5,0,3,1,0,0,0,Former,Low,High,Home,1,Medicaid,Urgent,0
P005459,73,Other,18.4,117,67,78,109.0,5.2,235.0,3,1,5,1,0,0,0,0,0,Current,Moderate,Moderate,Home,0,Medicare,Emergency,0
P004449,85,Male,22.9,129,68,91,132.0,6.2,208.0,2,2,4,2,2,0,0,1,1,Never,Moderate,High,Skilled Nursing Facility,0,Private,Emergency,1
P005553,72,Female,36.1,110,64,87,180.0,7.4,222.0,1,1,4,1,1,1,0,0,0,Former,None,Low,Home,1,Private,Elective,0
P005911,88,Female,29.2,142,85,63,134.0,7.9,120.0,5,0,8,0,2,1,0,0,0,Former,Low,Low,Home Health Care,1,Medicare,Urgent,0
P003094,52,Female,34.3,124,87,76,134.0,5.3,,2,1,3,1,0,0,0,0,0,Former,Low,Low,Home,0,Medicaid,Urgent,0
P001853,60,Male,,117,85,74,95.0,5.0,176.0,0,0,3,0,0,0,0,0,0,Former,Low,Moderate,Home,0,Private,Elective,0
P003887,49,Female,25.8,124,88,62,207.0,7.8,218.0,5,1,6,1,1,1,0,0,0,Never,Low,Moderate,Home Health Care,1,Private,Emergency,0
P001667,67,Female,25.7,152,77,86,164.0,7.2,246.0,6,1,8,0,3,1,1,0,0,Former,None,Moderate,Home,0,Medicare,Urgent,0
P002231,71,Female,28.5,139,77,73,123.0,6.2,233.0,5,1,9,0,1,0,1,0,0,Former,None,Moderate,Home,1,Medicaid,Emergency,0
P000433,62,Female,19.1,110,80,73,140.0,6.2,167.0,4,2,5,1,1,0,0,0,0,Never,Moderate,Low,Skilled Nursing Facility,1,Uninsured,Urgent,0
P005275,54,Female,36.7,136,92,86,,5.7,266.0,0,1,6,1,0,0,0,0,0,,High,Low,Home,0,Private,Urgent,0
P001892,52,Male,35.1,143,78,90,94.0,5.5,261.0,3,0,3,1,1,0,1,0,0,Former,Low,Low,Home,0,Private,Urgent,0
P005963,88,Male,,153,88,83,162.0,7.5,289.0,4,2,3,1,2,1,1,0,0,,Low,Low,Skilled Nursing Facility,1,Private,Urgent,0
P000412,29,Female,23.7,102,72,91,97.0,4.9,188.0,3,2,10,1,1,0,0,0,0,Never,None,High,Home,1,Private,Emergency,0
P003910,42,Female,26.6,121,76,61,127.0,5.9,204.0,1,0,3,0,0,0,0,0,0,Never,Moderate,High,Home,0,Private,Emergency,0
P000655,73,Male,31.5,129,70,96,95.0,4.8,240.0,5,3,3,1,1,0,0,0,0,Former,Low,High,Home,0,Private,Emergency,0
P004572,89,Female,24.4,132,86,81,137.0,6.6,233.0,9,2,6,2,4,1,1,1,1,Current,None,Low,Skilled Nursing Facility,1,Private,Urgent,1
P003367,64,Male,29.4,109,80,111,100.0,5.3,239.0,6,2,5,2,3,0,0,1,0,Current,None,High,Other,1,Medicare,Elective,1
P004792,18,Female,34.3,103,74,98,69.0,4.3,226.0,5,0,7,0,2,0,0,0,0,Current,None,Low,Other,0,Private,Emergency,0
P000755,91,Female,24.7,154,94,82,75.0,5.8,195.0,5,1,6,1,2,0,1,0,0,Former,Moderate,Moderate,Home,1,Medicare,Emergency,0
P000084,58,Male,37.0,153,91,63,95.0,4.7,170.0,1,1,7,0,1,0,1,0,0,Current,Low,Low,Home,1,Uninsured,Urgent,1
P004841,67,Male,34.8,131,77,62,121.0,5.1,214.0,2,3,4,0,2,0,1,1,0,Never,None,Moderate,Home,0,Medicare,Emergency,0
P000193,58,Male,28.8,116,67,89,147.0,4.8,263.0,3,1,5,1,1,0,1,0,0,Never,High,Low,Home,1,Uninsured,Elective,0
P004122,75,Male,31.1,136,84,91,,7.0,184.0,8,1,4,0,2,1,0,1,0,Current,Moderate,Moderate,Home,1,Medicare,Urgent,0
P002694,59,Male,25.4,116,62,93,104.0,,165.0,3,0,2,0,0,0,0,0,0,Former,None,Moderate,Home,1,Uninsured,Urgent,0
P003160,54,Male,31.3,116,79,88,103.0,5.7,174.0,3,0,1,0,0,0,0,0,0,,None,High,Home,1,Private,Elective,0
P005576,63,Male,40.4,150,92,84,149.0,7.6,272.0,4,0,4,3,2,1,1,0,0,Never,Low,Moderate,Rehabilitation,1,Private,Elective,0
P001044,66,Male,31.9,110,71,78,164.0,7.1,170.0,2,1,8,1,1,1,0,0,0,Former,Low,Moderate,Rehabilitation,1,Medicare,Emergency,0
P003313,61,Male,27.9,138,73,73,130.0,5.0,212.0,3,3,3,2,2,0,1,0,0,Former,Moderate,Low,Home,0,Private,Emergency,1
P003460,76,Male,26.5,149,101,80,101.0,4.9,219.0,4,1,6,1,2,0,1,1,0,Current,High,Moderate,Skilled Nursing Facility,1,Medicare,Urgent,0
P001971,60,Female,27.9,128,80,82,165.0,7.0,194.0,3,1,5,1,3,1,1,0,0,Never,Low,Low,Home,1,Medicaid,Emergency,0
P004882,68,Male,21.4,144,82,61,102.0,5.5,234.0,2,0,1,2,0,0,0,0,0,Former,Low,Moderate,Home Health Care,0,Medicare,Urgent,0
P001392,86,Female,30.4,133,78,84,123.0,5.5,188.0,5,1,6,1,3,0,1,0,1,Former,None,Moderate,Home,0,Medicare,Emergency,1
P000830,24,Female,23.0,138,84,73,77.0,5.4,122.0,5,0,6,1,1,0,1,0,0,Current,Low,High,Home,1,Medicaid,Emergency,0
P003704,52,Male,23.7,124,86,75,76.0,4.8,264.0,0,0,2,1,0,0,0,0,0,Former,Moderate,High,Home,1,Private,Emergency,0
P001460,69,Female,29.7,147,88,89,153.0,7.4,218.0,5,2,7,3,2,1,0,0,0,Current,None,Moderate,Home,0,Private,Urgent,1
P002392,75,Male,29.8,107,66,62,121.0,4.5,195.0,2,5,8,1,2,0,0,0,1,Current,None,Low,Skilled Nursing Facility,0,Medicare,Emergency,1
P005242,54,Male,36.6,127,74,62,79.0,4.6,166.0,2,0,3,0,1,0,0,0,1,Former,None,High,Home,0,Uninsured,Elective,0
P002859,59,Male,33.3,109,71,82,214.0,8.3,145.0,8,0,6,0,2,1,0,0,1,Former,Moderate,Low,Home,1,Uninsured,Emergency,0
P001181,44,Male,24.8,110,76,88,143.0,7.4,247.0,5,2,4,2,2,1,0,1,0,Former,Low,High,Home,1,Private,Urgent,0
P004170,72,Female,30.5,127,66,79,204.0,6.9,202.0,3,2,5,1,4,1,1,0,0,Former,,Low,Home,1,Medicare,Urgent,0
P004282,26,Male,38.9,137,91,63,99.0,5.9,189.0,3,3,5,1,1,0,0,0,0,Never,None,Moderate,Home,0,Private,Emergency,1
P004753,72,Female,27.6,129,69,79,107.0,5.0,229.0,2,1,5,0,1,0,0,1,0,Former,None,Low,Home,0,Medicare,Emergency,0
P001836,65,Male,30.1,142,80,86,101.0,4.8,191.0,0,1,8,0,0,0,0,0,0,Former,None,Low,Skilled Nursing Facility,0,Medicare,Emergency,1
P001530,73,Male,26.5,140,94,74,184.0,7.6,233.0,6,3,12,2,3,1,1,0,0,Never,None,Low,Other,1,Medicaid,Urgent,1
P005575,81,Other,,161,85,90,208.0,6.4,205.0,4,1,5,1,2,0,0,1,0,Never,Low,High,Rehabilitation,1,Medicare,Emergency,1
P002187,62,Female,30.5,134,79,58,197.0,7.8,149.0,1,2,6,2,3,1,0,0,0,Former,Moderate,Low,Home,0,Medicaid,Elective,1
P005247,100,Male,29.3,160,97,84,180.0,8.0,267.0,6,1,4,4,4,1,1,1,0,Never,None,Moderate,Skilled Nursing Facility,1,Medicare,Urgent,1
P005317,75,Male,25.8,142,88,80,,4.8,213.0,5,2,4,2,3,0,1,1,1,Former,None,Moderate,Other,0,Medicare,Urgent,1
P005535,69,Male,26.6,135,83,72,90.0,4.9,152.0,4,4,5,1,3,0,0,0,0,Current,None,Low,Rehabilitation,1,Medicare,Urgent,0
P004460,67,Male,29.1,128,81,60,202.0,7.8,168.0,8,2,8,3,2,1,0,0,0,Former,Moderate,Moderate,Home,1,Medicare,Urgent,0
P000347,55,Female,23.4,114,86,60,87.0,4.8,171.0,3,0,7,2,2,0,0,0,0,Former,None,High,Home,1,Uninsured,Emergency,0
P001801,63,Male,29.0,137,84,79,193.0,8.6,185.0,2,1,5,1,1,1,0,0,0,Never,None,Low,Home,1,Private,Emergency,0
P003199,79,Male,29.0,118,80,80,157.0,6.6,263.0,3,1,7,0,3,1,0,1,1,Former,None,Low,Skilled Nursing Facility,1,Medicare,Urgent,0
P004479,75,Female,27.0,156,73,78,167.0,8.0,162.0,3,1,2,2,2,1,1,0,0,Never,Low,Low,Home,0,Private,Urgent,1
P004314,68,Male,31.3,109,79,73,107.0,5.3,149.0,7,0,10,0,2,0,0,0,0,Never,None,Moderate,Home,1,Medicaid,Emergency,0
P001263,76,Female,29.3,119,66,79,72.0,4.4,,3,0,9,1,1,0,0,0,0,Former,High,Moderate,Home Health Care,0,Medicare,Emergency,0
P005229,70,Female,25.0,150,78,69,98.0,5.4,260.0,8,2,4,0,3,0,1,1,0,Never,Low,Low,Home,0,Medicare,Elective,0
P003984,43,Male,21.4,95,62,70,108.0,5.2,187.0,3,0,8,0,0,0,0,0,0,Current,None,Low,Home,1,Private,Emergency,0
P002533,68,Female,22.6,109,62,78,98.0,4.3,223.0,1,0,8,1,3,0,0,0,1,Never,Moderate,Moderate,Home,0,Medicare,Emergency,0
P001658,38,Male,27.6,121,87,86,184.0,7.3,248.0,7,2,6,1,3,1,0,0,0,Current,Low,Low,Home,1,Private,Emergency,0
P005249,69,Male,37.0,137,75,72,107.0,5.3,166.0,4,3,3,0,3,0,1,0,0,Never,None,High,Home,0,Medicare,Elective,0
P002766,54,Male,18.0,90,67,84,85.0,4.8,211.0,1,0,3,0,2,0,0,0,0,Never,Moderate,Moderate,Home,0,Private,Urgent,0
P000988,69,Male,26.9,143,92,83,101.0,5.5,258.0,3,0,4,1,2,0,1,0,0,Never,Moderate,Low,Rehabilitation,1,Private,Elective,0
P001840,50,Female,35.8,112,80,86,60.0,5.4,212.0,8,0,9,1,1,0,0,0,0,Never,None,Moderate,Home,1,Uninsured,Emergency,0
P003483,79,Male,33.3,147,84,74,103.0,,197.0,4,2,7,0,4,0,1,0,1,Never,Low,High,Skilled Nursing Facility,0,Medicare,Emergency,0
P000626,56,Male,22.6,123,76,79,93.0,5.5,151.0,3,2,1,2,3,0,1,0,1,Never,None,High,Skilled Nursing Facility,1,Private,Urgent,0
P004611,65,Male,31.1,135,64,75,95.0,5.1,203.0,2,1,3,0,1,0,1,0,0,Never,Moderate,Low,Rehabilitation,0,Medicare,Emergency,0
P004863,74,Female,36.7,127,83,78,174.0,7.5,219.0,4,1,9,1,2,1,0,1,0,Never,Moderate,High,Home,1,Medicare,Emergency,1
P004762,100,Female,24.2,166,85,93,99.0,5.3,255.0,6,3,8,2,3,0,1,1,1,Never,Low,Moderate,Skilled Nursing Facility,0,Medicare,Elective,0
P003203,59,Female,34.8,101,68,82,79.0,4.7,203.0,8,2,4,1,3,0,0,0,0,Former,None,Moderate,Home,1,Medicaid,Elective,0
P000040,74,Male,41.3,113,98,77,222.0,7.6,146.0,6,1,3,0,1,1,0,0,0,Never,Low,Low,Home,1,Medicare,Elective,0
P004558,71,Male,28.8,147,92,68,120.0,5.3,193.0,3,0,7,0,1,0,1,0,0,Current,Low,Low,Other,1,Medicare,Emergency,0
P000281,71,Male,32.8,122,67,65,101.0,4.0,189.0,3,0,12,2,4,0,1,0,0,Former,None,Moderate,Home,1,Medicare,Emergency,0
P002688,60,Male,26.4,112,57,89,170.0,7.2,199.0,0,0,7,0,2,1,0,1,0,Never,None,Low,Rehabilitation,0,Private,Urgent,0
P002409,28,Female,27.0,85,56,98,221.0,8.0,211.0,6,0,5,1,2,1,0,0,1,,None,Moderate,Home Health Care,0,Medicaid,Urgent,0
P005468,86,Male,25.1,131,88,79,141.0,4.3,183.0,2,1,3,0,1,0,1,0,0,Never,Low,Low,Other,1,Medicaid,Emergency,0
P003318,54,Male,33.7,85,67,67,77.0,4.7,183.0,2,0,2,0,0,0,0,0,0,Former,Low,Low,Rehabilitation,1,Uninsured,Elective,1
P002445,76,Female,,114,68,70,180.0,6.4,205.0,2,2,12,1,1,0,0,0,0,Never,None,Low,Home,0,Medicare,Emergency,0
P002773,60,Male,30.1,125,69,67,60.0,4.6,203.0,4,1,5,2,3,0,1,0,0,Former,None,Moderate,Home,0,Private,Emergency,0
P004250,86,Female,32.5,152,89,92,196.0,7.4,130.0,8,3,10,3,5,1,1,1,0,Former,High,High,Home,0,Medicare,Emergency,1
P001310,59,Female,24.3,129,84,83,122.0,5.3,231.0,3,0,6,1,1,0,1,0,0,Never,None,Moderate,Home,1,Private,Emergency,0
P004645,63,Male,38.7,99,74,84,185.0,7.1,180.0,6,2,7,0,1,1,0,0,0,Former,Low,High,Home,1,Private,Emergency,0
P005964,63,Male,26.9,151,91,66,82.0,6.0,276.0,7,2,7,2,4,0,1,1,0,Never,Low,Low,Home,1,Uninsured,Urgent,0
P004726,81,Male,30.7,160,103,73,206.0,5.4,202.0,8,0,5,0,3,0,1,1,1,Never,Low,Low,Rehabilitation,0,Medicaid,Elective,0
P000262,60,Female,27.0,136,70,86,121.0,5.0,185.0,2,1,7,0,2,0,1,0,0,Former,Low,High,Home,1,Medicaid,Urgent,0
P002348,54,Male,29.5,114,63,71,158.0,7.6,243.0,1,1,7,1,1,1,0,0,0,Former,High,Moderate,Rehabilitation,1,Private,Emergency,0
P002644,50,Male,31.1,131,73,77,95.0,5.0,271.0,1,2,4,0,1,0,1,0,0,Never,Moderate,Low,Other,1,Uninsured,Emergency,1
P003706,61,Male,25.1,128,80,83,81.0,4.5,180.0,0,1,4,1,0,0,0,0,0,Never,None,Low,Home,1,Uninsured,Urgent,0
P005157,54,Other,28.4,167,95,77,101.0,5.1,204.0,4,3,6,2,3,0,1,0,0,Current,None,Low,Home,0,Private,Emergency,0
P001947,53,Male,33.1,110,73,73,168.0,7.6,178.0,7,2,6,3,2,1,0,0,0,Never,High,Moderate,Skilled Nursing Facility,0,Private,Emergency,0
P005662,68,Female,30.4,118,84,73,147.0,7.0,244.0,10,4,4,2,6,1,1,0,0,Never,Low,High,Home Health Care,1,Private,Emergency,1
P000406,60,Female,34.1,149,88,77,137.0,6.1,167.0,4,2,6,1,5,0,0,0,1,Former,High,Moderate,Home,1,Private,Urgent,0
P002156,73,Female,25.9,100,66,88,95.0,5.7,179.0,1,0,2,1,0,0,0,0,0,Never,None,Low,Home Health Care,0,Private,Emergency,0
P001648,82,Male,25.3,134,81,87,141.0,5.5,246.0,3,1,3,1,0,0,0,0,0,Never,Moderate,Low,Home,0,Medicare,Urgent,0
P004243,48,Female,37.3,108,65,73,111.0,5.4,222.0,1,0,4,1,0,0,0,0,0,Never,Moderate,Low,Home,1,Medicaid,Elective,0
P000979,43,Female,31.2,144,74,77,,6.4,203.0,2,0,2,0,0,0,0,0,0,Former,None,Moderate,Home,0,Private,Elective,0
P004360,93,Female,30.9,169,103,77,152.0,6.1,156.0,4,0,2,0,1,0,1,0,0,Never,Moderate,Low,Home,0,Medicare,Emergency,0
P003847,63,Male,18.9,130,79,81,,4.7,242.0,2,0,4,0,0,0,0,0,0,Never,Low,High,Home,0,Private,Emergency,0
P003262,48,Female,21.7,131,85,60,104.0,5.3,227.0,5,2,4,0,2,0,0,0,0,Former,Low,High,Home Health Care,1,Medicare,Urgent,0
P000991,77,Female,31.3,125,70,84,,7.2,167.0,3,2,4,2,2,1,0,0,1,Never,High,Low,Home Health Care,1,Medicare,Urgent,1
P004682,66,Female,23.2,118,75,92,110.0,5.2,217.0,1,3,3,2,2,0,0,0,0,Never,High,High,Home,1,Medicare,Urgent,0
P004571,62,Male,30.8,138,70,74,91.0,4.8,148.0,2,0,4,0,0,0,0,0,0,Never,Moderate,High,Home Health Care,0,Medicare,Urgent,0
P001138,65,Male,32.9,157,84,75,110.0,4.4,209.0,3,2,4,1,2,0,1,0,0,Never,None,Low,Home,1,Medicare,Elective,0
P003215,79,Male,36.9,111,58,87,180.0,7.9,229.0,5,1,9,3,2,1,1,0,0,Former,Low,High,Home,1,Medicare,Emergency,1
P000844,63,Male,39.9,119,83,86,81.0,6.0,203.0,1,0,3,0,1,0,0,0,0,Former,High,Low,Home,1,Private,Elective,0
P002819,75,Female,34.5,134,82,77,162.0,7.2,180.0,4,2,4,1,3,1,0,0,1,Never,High,Moderate,Home,0,Private,Urgent,0
P003013,58,Male,25.1,125,80,96,177.0,8.0,170.0,4,3,7,0,1,1,0,0,0,Never,Low,Low,Other,0,Medicaid,Emergency,1
P004854,38,Female,31.2,104,74,65,110.0,5.2,223.0,7,3,6,3,2,0,0,0,0,Current,Moderate,Moderate,Home,0,Private,Elective,0
P002861,42,Female,29.6,101,70,84,202.0,7.7,212.0,3,0,9,0,1,1,0,0,0,Former,Moderate,Low,Home,1,Medicare,Emergency,1
P004370,75,Female,27.5,156,84,99,93.0,5.8,188.0,4,1,4,1,1,0,1,0,0,Former,Low,Moderate,Home,0,Medicare,Emergency,0
P004168,49,Female,34.4,127,67,80,79.0,5.5,183.0,0,0,5,2,0,0,0,0,0,Never,None,Low,Home,1,Medicaid,Elective,0
P000430,70,Male,35.1,127,70,45,102.0,,159.0,0,1,5,0,1,0,1,0,0,Current,High,Low,Home,0,Medicare,Urgent,0
P005153,65,Female,20.3,101,68,78,94.0,5.1,202.0,2,2,2,0,1,0,0,0,1,Never,None,Moderate,Home,1,Medicare,Elective,0
P000322,61,Male,36.8,120,77,71,188.0,8.2,209.0,0,1,5,1,1,1,0,0,0,Former,Low,Moderate,Home,0,Uninsured,Emergency,1
P005102,88,Male,24.4,181,95,89,,4.8,159.0,2,1,9,1,1,0,1,0,0,Never,Low,Moderate,Skilled Nursing Facility,0,Medicare,Emergency,1
P004461,70,Male,30.1,147,83,84,187.0,,161.0,10,2,6,2,4,1,1,0,0,,Moderate,Low,Home,0,Medicare,Emergency,1
P005793,57,Other,26.0,139,75,95,173.0,7.9,248.0,7,0,6,0,3,1,1,0,0,Former,None,Moderate,Home,1,Uninsured,Emergency,0
P000818,68,Female,35.9,108,69,75,160.0,7.1,274.0,2,0,3,0,1,1,0,0,0,Former,High,Moderate,Home,0,Medicare,Emergency,0
P000390,43,Male,33.0,110,56,63,,4.6,132.0,1,0,3,1,0,0,0,0,0,Former,High,Low,Home,1,Private,Urgent,0
P003940,86,Female,30.1,141,80,74,217.0,7.4,161.0,4,1,2,1,3,1,0,0,1,Never,None,Low,Other,0,Medicare,Elective,1
P003034,69,Female,30.2,117,80,78,181.0,7.5,221.0,2,0,7,0,1,1,0,0,0,Never,None,Moderate,Home,1,Medicare,Elective,0
P000537,56,Female,29.0,147,79,76,164.0,8.0,251.0,5,1,9,0,4,1,1,0,1,Never,None,High,Home,1,Private,Emergency,0
P000992,86,Male,30.7,106,63,80,115.0,5.3,127.0,2,0,3,0,0,0,0,0,0,Never,Moderate,High,Home,1,Private,Urgent,0
P000504,41,Female,21.4,134,90,85,73.0,,181.0,3,0,3,0,2,0,1,0,0,Never,Moderate,Moderate,Rehabilitation,1,Private,Elective,0
P003036,71,Male,22.9,151,71,77,103.0,5.5,202.0,5,1,7,3,2,0,1,0,0,Former,Moderate,Moderate,Rehabilitation,0,Medicare,Emergency,0
P004296,71,Male,35.6,122,78,85,218.0,7.4,164.0,6,0,5,1,1,1,0,0,0,Former,None,Low,Home,1,Medicare,Urgent,0
P003667,64,Male,27.5,111,73,82,119.0,5.8,205.0,5,2,1,0,1,0,0,0,0,Former,None,Low,Home,0,Private,Elective,0
P001389,69,Male,22.2,115,67,83,94.0,5.7,110.0,1,0,1,0,1,0,0,0,0,Never,Low,Low,Home,0,Medicare,Urgent,0
P000618,68,Female,30.9,128,81,71,99.0,4.9,,4,0,6,0,1,0,0,0,0,Never,,Moderate,Home,0,Medicare,Emergency,0
P003165,54,Female,22.5,116,84,61,83.0,5.2,217.0,3,5,2,4,1,0,0,0,0,Never,None,Moderate,Skilled Nursing Facility,1,Private,Emergency,0
P002019,73,Male,31.7,128,82,67,141.0,7.6,249.0,6,1,4,1,3,1,1,0,0,Former,Low,High,Home Health Care,1,Medicare,Emergency,0
P004029,61,Male,26.5,120,74,62,120.0,5.4,244.0,3,2,8,1,1,0,0,0,0,Former,Low,Moderate,Home,0,Uninsured,Urgent,1
P003742,53,Female,23.9,121,93,85,128.0,6.2,177.0,1,2,4,4,2,0,0,1,0,Former,None,High,Home,1,Private,Emergency,0
P003001,83,Female,28.2,130,85,88,155.0,7.2,172.0,9,4,12,0,4,1,0,1,1,Never,Moderate,Moderate,Skilled Nursing Facility,0,Medicare,Emergency,0
P005160,32,Female,36.3,123,67,93,96.0,5.4,117.0,1,0,8,2,0,0,0,0,0,Former,None,High,Home,1,Private,Emergency,0
P000583,60,Male,21.5,130,71,66,107.0,4.5,256.0,5,0,4,0,3,0,1,1,0,Current,Moderate,Low,Home,0,Private,Emergency,0
P002646,62,Female,28.6,136,71,59,84.0,5.6,233.0,5,1,2,1,1,0,0,0,0,Former,None,Moderate,Home,1,Private,Urgent,1
P004369,62,Male,26.1,134,73,73,185.0,7.3,202.0,7,0,6,0,2,1,1,0,0,,Low,Low,Home,1,Private,Emergency,0
P001308,82,Male,34.1,151,84,99,,4.0,226.0,4,1,3,2,4,0,0,1,0,Never,Low,Low,Home Health Care,1,Uninsured,Elective,0
P003916,60,Female,25.0,147,89,70,106.0,6.0,246.0,9,1,9,1,2,0,1,0,1,Never,Low,Moderate,Home,1,Private,Emergency,1
P002145,53,Male,32.7,143,76,60,228.0,7.4,147.0,8,1,10,0,2,1,1,0,0,Current,Low,High,Skilled Nursing Facility,0,Private,Emergency,1
P004120,53,Male,32.0,120,81,97,61.0,4.5,180.0,7,2,5,2,3,0,1,0,0,Current,Low,Low,Home,1,Private,Emergency,0
P000166,50,Male,21.8,113,68,73,473.0,5.2,153.0,3,0,3,1,0,0,0,0,0,Never,Low,Low,Home,1,Private,Emergency,1
P003451,40,Female,27.0,118,70,108,154.0,7.8,144.0,1,0,2,0,1,1,0,0,0,Never,None,Moderate,Home,1,Medicaid,Emergency,0
P003283,56,Male,28.3,130,86,81,147.0,7.6,192.0,2,0,2,0,1,1,0,0,0,Current,None,High,Home,1,Medicaid,Elective,0
P005605,63,Female,28.3,119,73,101,85.0,4.7,175.0,4,0,5,0,0,0,0,0,0,Never,None,Low,Home,1,Private,Elective,0
P004719,68,Male,32.0,125,89,73,102.0,6.0,132.0,5,1,6,1,2,0,1,0,0,Never,None,High,Home,0,Medicare,Urgent,0
P003845,65,Male,27.3,121,80,97,85.0,4.4,218.0,3,0,6,0,1,0,0,1,0,Never,Moderate,High,Home,1,Private,Elective,0
P000172,71,Female,,172,87,94,120.0,,216.0,3,0,4,1,1,0,1,0,0,Former,None,High,Home,1,Medicare,Emergency,1
P003656,69,Male,21.6,120,69,71,78.0,5.2,215.0,0,1,4,1,1,0,0,0,0,Current,Low,Low,Home,1,Private,Urgent,0
P001867,61,Female,28.7,111,68,49,118.0,4.8,257.0,1,0,3,1,0,0,0,0,0,Former,Moderate,Moderate,Home,0,Medicaid,Urgent,1
P000440,70,Male,26.1,115,80,91,112.0,6.3,151.0,9,1,2,3,2,0,1,0,0,Never,None,High,Home,0,Medicare,Elective,0
P000716,46,Male,31.5,107,80,79,66.0,5.1,222.0,3,2,6,2,1,0,0,0,0,Never,None,Moderate,Home,1,Private,Urgent,0
P003841,43,Female,31.8,137,90,85,178.0,8.2,212.0,8,1,7,4,2,1,0,1,0,Never,Moderate,Moderate,Home,0,Private,Urgent,1
P002519,72,Female,22.3,129,90,69,64.0,4.9,227.0,2,0,5,0,2,0,0,0,1,Former,Moderate,Moderate,Home,1,Medicare,Emergency,0
P001395,36,Male,23.6,126,72,100,128.0,5.0,169.0,5,1,7,1,3,0,0,0,0,Never,Low,Moderate,Home,0,Private,Emergency,0
P004661,40,Female,27.0,131,70,50,149.0,5.6,179.0,3,0,4,2,1,0,0,0,0,Former,None,Moderate,Rehabilitation,1,Medicare,Emergency,0
P002806,66,Male,35.1,136,84,95,166.0,7.5,,6,1,4,0,2,1,1,0,0,Never,Low,High,Rehabilitation,1,Medicare,Emergency,0
P004607,48,Male,33.1,136,79,74,163.0,7.8,122.0,0,1,3,2,1,1,0,0,0,Former,Low,Low,Home,0,Private,Urgent,0
P003800,63,Male,31.9,159,92,82,117.0,5.2,148.0,2,1,7,1,2,0,1,0,0,Never,Moderate,Low,Home,0,Medicaid,Emergency,1
P002544,76,Male,31.1,151,97,87,95.0,4.6,216.0,4,2,2,1,3,0,1,1,0,,Low,Moderate,Home,0,Medicare,Emergency,0
P004897,73,Male,,107,69,80,193.0,8.1,179.0,2,0,4,2,1,1,0,0,0,Former,Low,Moderate,Home,1,Medicare,Emergency,0
P005335,81,Female,30.1,160,75,81,172.0,8.3,190.0,4,2,6,1,2,1,1,0,0,Former,None,Moderate,Home,1,Medicare,Emergency,0
P000922,51,Female,19.7,161,83,64,97.0,4.4,191.0,8,1,3,1,4,0,1,1,0,Former,None,High,Home,1,Private,Urgent,0
P003016,55,Male,32.5,129,78,46,100.0,5.2,181.0,3,1,6,0,3,0,1,1,0,Never,Low,Low,Home,1,Medicaid,Emergency,0
P005326,88,Male,33.4,162,87,78,208.0,7.0,191.0,4,2,5,2,4,1,1,1,0,Former,Low,Moderate,Other,0,Medicare,Emergency,1
P000606,72,Male,32.5,116,71,72,75.0,5.9,229.0,2,1,5,1,1,0,0,0,0,Former,Low,High,Home,1,Medicare,Emergency,0
P003257,54,Female,20.4,107,62,86,127.0,5.0,157.0,2,1,5,0,2,0,0,0,0,Former,Moderate,Low,Home,0,Private,Emergency,0
P001063,57,Male,25.9,120,92,59,104.0,5.2,,2,2,4,1,1,0,0,0,1,Former,Moderate,Moderate,Home,1,Private,Emergency,0
P004421,81,Male,22.9,143,68,59,116.0,5.7,175.0,4,1,6,1,3,0,1,0,0,Never,None,Low,Rehabilitation,1,Private,Elective,0
P005669,54,Other,29.8,115,66,71,115.0,5.4,213.0,4,6,5,1,2,0,0,0,0,Never,Moderate,Moderate,Home,1,Private,Elective,0
P002179,73,Female,20.4,123,64,75,83.0,5.7,190.0,0,0,5,0,1,0,0,1,0,Former,None,Low,Rehabilitation,1,Medicare,Emergency,0
P003996,54,Male,35.0,138,92,75,101.0,4.9,202.0,3,1,5,0,1,0,1,0,0,Never,Moderate,High,Rehabilitation,0,Private,Emergency,1
P003730,68,Male,22.1,109,76,85,182.0,7.5,213.0,10,3,5,2,2,1,0,1,0,Never,Moderate,Low,Home,1,Medicaid,Urgent,1
P005176,61,Male,27.4,143,74,77,208.0,7.7,213.0,5,1,8,2,3,1,1,1,0,Former,None,Moderate,Home,1,Private,Emergency,0
P003614,57,Male,,131,77,106,123.0,5.3,222.0,1,0,4,0,1,0,0,0,0,Never,None,High,Skilled Nursing Facility,1,Private,Emergency,0
P003470,78,Male,31.5,156,86,91,195.0,7.8,155.0,5,1,5,0,2,1,1,0,0,Never,Low,Moderate,Rehabilitation,1,Private,Emergency,0
P002290,40,Female,23.9,149,81,76,135.0,5.9,223.0,6,2,6,2,2,0,1,0,0,Former,Moderate,Low,Home,1,Uninsured,Emergency,0
P004548,83,Male,40.7,145,64,76,,7.7,,10,2,8,4,3,1,1,0,0,Current,None,Low,Home,1,Medicare,Emergency,0
P005838,52,Male,22.9,126,83,71,63.0,5.4,185.0,6,2,9,0,1,0,0,0,0,Never,Low,Low,Home,0,Private,Urgent,0
P000053,42,Male,29.0,100,62,92,90.0,4.2,211.0,1,0,4,0,0,0,0,0,0,Never,Low,Low,Home,1,Private,Urgent,0
P003210,56,Female,34.0,151,90,69,120.0,5.7,261.0,3,0,6,0,1,0,1,0,0,Former,Moderate,Low,Home,0,Uninsured,Emergency,0
P003610,63,Female,29.7,114,75,74,196.0,7.7,186.0,3,0,3,0,3,1,0,1,1,Never,Moderate,Low,Home,1,Medicaid,Elective,0
P000745,65,Female,21.1,118,73,53,148.0,5.5,207.0,2,0,8,0,1,0,0,0,0,Former,Moderate,Low,Home,1,Medicare,Emergency,0
P003385,63,Male,,138,80,71,96.0,5.4,210.0,5,0,4,0,2,0,0,0,0,Never,Low,Moderate,Home,0,Private,Urgent,0
P004527,60,Female,29.6,100,58,81,128.0,5.3,140.0,1,1,1,2,0,0,0,0,0,Never,Low,Moderate,Home,1,Medicaid,Elective,1
P005330,72,Male,25.8,166,98,103,79.0,4.4,231.0,9,2,7,2,5,0,1,1,0,Never,,High,Home,1,Medicare,Emergency,0
P005044,37,Male,19.2,100,56,84,102.0,5.0,194.0,2,0,1,0,1,0,0,0,0,Former,Low,Moderate,Home,1,Private,Elective,0
P005750,62,Male,33.8,149,86,50,143.0,6.9,207.0,9,1,5,2,5,1,1,1,0,Never,High,Low,Home,0,Private,Elective,0
P002132,99,Male,31.1,171,99,82,189.0,7.6,247.0,4,3,8,1,4,1,1,1,0,,,Moderate,Home Health Care,1,Private,Emergency,0
P003652,68,Male,20.9,142,73,98,79.0,5.4,151.0,6,3,2,2,3,0,0,0,0,Current,Low,Moderate,Home,1,Medicare,Elective,0
P005023,58,Female,27.5,91,75,84,135.0,4.7,182.0,2,1,7,0,1,0,0,0,0,Never,Low,Low,Rehabilitation,0,Private,Emergency,0
P001432,50,Female,38.8,107,77,94,75.0,4.5,177.0,4,0,4,0,1,0,0,0,0,Former,Low,High,Home Health Care,1,Medicare,Elective,0
P001046,51,Female,24.6,111,73,69,111.0,4.2,217.0,2,0,5,1,2,0,0,0,0,Current,None,Moderate,Home,1,Private,Elective,0
P003808,66,Female,28.3,137,82,75,82.0,4.6,227.0,2,0,2,0,1,0,0,0,0,Never,Low,Low,Rehabilitation,0,Medicare,Emergency,0
P002282,64,Female,29.2,151,103,93,125.0,5.5,149.0,3,1,8,0,3,0,1,1,1,Former,None,Low,Home,1,Uninsured,Urgent,1
P003875,45,Female,27.5,143,88,78,60.0,4.9,183.0,4,1,2,1,1,0,0,0,0,Former,,Moderate,Rehabilitation,1,Private,Elective,0
P000579,60,Male,31.2,127,77,74,84.0,5.5,187.0,1,0,6,0,1,0,0,0,0,Never,None,Moderate,Home,1,Private,Emergency,0
P002238,63,Male,22.4,141,80,90,119.0,,223.0,7,1,6,1,2,0,1,1,0,Never,Low,Moderate,Other,0,Uninsured,Elective,0
P003359,49,Male,30.5,136,85,66,114.0,5.1,208.0,2,0,6,1,1,0,0,0,0,Never,None,Low,Home,0,Private,Emergency,0
P000343,65,Female,35.6,139,87,58,165.0,7.8,191.0,2,1,5,0,1,1,0,0,0,Never,None,Low,Home,0,Medicare,Elective,0
P005076,65,Male,,130,88,67,109.0,4.9,252.0,5,2,1,2,1,0,0,0,0,Former,Moderate,Low,Home Health Care,0,Medicare,Emergency,0
P004962,73,Female,27.8,113,74,62,168.0,8.0,232.0,5,0,7,0,3,1,0,0,1,,Low,Low,Home Health Care,0,Medicare,Urgent,0
P004005,85,Female,35.3,130,95,74,279.0,8.1,208.0,2,2,4,0,4,1,0,1,0,Former,None,High,Other,1,Medicare,Elective,0
P002221,65,Other,33.8,138,93,70,104.0,5.5,228.0,5,1,7,2,2,0,0,0,0,Never,Low,Low,Home,0,Medicare,Urgent,0
P002313,85,Female,28.7,125,75,64,98.0,4.7,260.0,6,0,2,0,2,0,1,1,0,Never,None,Low,Skilled Nursing Facility,0,Medicare,Elective,0
P005327,94,Male,30.3,164,96,68,229.0,6.6,154.0,8,7,13,3,6,0,1,1,1,Current,Low,Low,Other,0,Medicare,Emergency,1
P000435,78,Female,33.5,147,94,70,93.0,4.8,188.0,2,2,5,0,1,0,1,0,0,Never,None,Moderate,Home Health Care,0,Medicare,Urgent,0
P002807,90,Female,,143,82,97,155.0,7.7,192.0,10,1,11,2,4,1,1,1,1,Never,Low,Moderate,Other,0,Medicare,Emergency,0
P003969,55,Female,29.7,121,67,78,78.0,4.5,269.0,3,0,6,1,3,0,1,1,0,Never,None,High,Home,1,Private,Emergency,0
P001856,54,Female,32.2,108,78,69,102.0,5.2,142.0,5,0,3,0,1,0,0,0,0,Current,Low,Moderate,Home,1,Private,Urgent,0
P005807,50,Male,32.1,115,58,63,87.0,4.7,212.0,0,0,7,0,0,0,0,0,0,Never,Moderate,Low,Home,1,Medicaid,Emergency,0
P003073,40,Other,27.4,117,82,84,122.0,4.9,179.0,2,2,3,1,0,0,0,0,0,Current,None,Moderate,Home,0,Private,Urgent,0
P000835,53,Female,26.7,126,79,93,96.0,4.6,196.0,9,3,6,1,3,0,0,0,1,Former,Low,Low,Home,1,Medicaid,Emergency,0
P002240,59,Male,24.0,134,83,83,98.0,5.6,214.0,0,0,5,0,0,0,0,0,0,,Low,Low,Home,1,Medicare,Emergency,0
P004988,68,Male,20.3,106,71,97,100.0,4.7,212.0,3,2,6,2,2,0,1,1,0,Current,None,Moderate,Home,1,Medicare,Elective,0
P005701,60,Female,36.8,130,78,73,200.0,8.5,179.0,0,2,4,1,2,1,1,0,0,Never,Low,Moderate,Home Health Care,1,Private,Elective,0
P003144,68,Male,30.7,108,76,68,,7.9,240.0,4,2,9,2,3,1,1,0,0,Former,Low,Low,Home,1,Medicare,Urgent,1
P002522,91,Male,17.1,129,82,63,89.0,6.1,235.0,4,0,3,1,1,0,1,0,0,Never,None,High,Skilled Nursing Facility,0,Medicare,Urgent,1
P004102,67,Male,22.4,131,70,57,72.0,5.6,176.0,5,0,8,0,3,0,1,1,0,Current,None,Moderate,Home,0,Private,Urgent,0
P003605,65,Male,27.6,127,87,75,,8.4,155.0,9,1,4,1,2,1,0,0,1,Never,None,Low,Home,0,Medicare,Emergency,1
P000305,63,Female,29.8,110,80,78,162.0,4.9,275.0,9,3,5,2,3,0,0,1,0,Former,Moderate,Low,Home,0,Medicaid,Emergency,0
P002122,65,Female,41.5,130,69,79,104.0,5.3,245.0,4,3,11,2,3,0,0,0,0,Never,High,Moderate,Rehabilitation,0,Medicare,Emergency,0
P003349,72,Female,27.3,111,67,93,201.0,7.2,226.0,6,2,3,0,4,1,0,1,1,Former,None,Low,Home,0,Medicare,Elective,1
P001632,52,Male,26.6,127,71,76,,5.6,165.0,2,0,4,0,1,0,0,0,0,Never,High,Low,Home,0,Private,Urgent,0
FB000001,73,Female,,174,87,90,81.0,6.5,252.0,1,2,7,2,2,1,1,0,0,Former,None,Moderate,Home,0,Private,Emergency,1
FB000002,80,Male,30.6,149,88,94,143.10000000000002,6.3,176.0,3,4,8,2,2,0,1,0,0,Former,Low,Low,Home Health Care,0,Private,Emergency,0
FB000003,65,Other,17.6,120,73,80,148.5,6.3999999999999995,195.0,2,2,9,3,1,0,0,0,0,Former,High,Low,Other,0,Medicare,Emergency,1
FB000004,36,Female,27.4,129,82,70,112.05,6.2,216.0,0,3,11,5,2,0,0,0,0,Current,Low,Low,Home,0,Medicare,Emergency,0
FB000005,54,Male,27.4,115,64,91,102.6,6.3,157.0,4,3,9,4,2,1,0,0,0,Former,Moderate,Moderate,Skilled Nursing Facility,0,Medicaid,Emergency,0
FB000006,66,Male,37.6,144,87,68,93.15,7.3,221.0,3,4,11,3,3,1,0,0,0,Current,None,Low,Rehabilitation,0,Medicaid,Emergency,0
FB000007,94,Male,26.6,133,72,67,143.10000000000002,7.4,195.0,3,1,7,3,2,0,0,1,0,Former,Low,Low,Home,0,Medicare,Emergency,0
FB000008,96,Female,30.4,157,83,90,198.45,8.8,190.0,10,5,10,3,5,1,1,0,0,Never,Moderate,Low,Skilled Nursing Facility,0,Medicare,Emergency,1
FB000009,87,Female,32.1,146,95,69,151.20000000000002,7.5,168.0,5,1,9,2,2,0,1,0,0,Never,Low,High,Skilled Nursing Facility,0,Medicare,Emergency,0
FB000010,51,Female,24.9,152,76,90,151.20000000000002,6.6,229.0,3,1,8,3,1,0,0,0,0,Former,Low,Moderate,Home,0,Uninsured,Emergency,1
FB000011,90,Male,28.2,143,65,70,297.0,10.3,166.0,5,4,6,4,3,1,0,0,1,Former,Low,Moderate,Skilled Nursing Facility,0,Medicare,Emergency,0
FB000012,71,Female,30.3,152,78,67,124.2,7.1,230.0,6,5,11,6,3,0,1,0,0,Current,Moderate,Low,Skilled Nursing Facility,0,Medicare,Emergency,1
FB000013,84,Female,23.2,160,72,65,229.50000000000003,9.0,206.0,2,3,6,3,2,1,0,0,0,Never,Low,Low,Skilled Nursing Facility,0,Medicare,Emergency,1
FB000014,66,Male,29.8,161,78,79,151.20000000000002,6.3999999999999995,239.0,2,5,7,3,3,1,1,0,0,Never,Low,Moderate,Home,1,Medicare,Emergency,0
FB000015,35,Male,44.8,133,98,89,153.9,7.7,223.0,2,4,10,3,2,1,0,0,0,Former,None,Low,Home,0,Private,Emergency,0
FB000016,73,Male,36.8,158,76,75,256.5,9.4,205.0,3,5,11,1,4,1,1,1,0,Former,Low,Low,Home,0,Medicare,Emergency,0
FB000017,71,Female,33.4,141,83,63,148.5,6.8,182.0,2,3,6,4,3,1,0,0,0,Never,Low,Moderate,Skilled Nursing Facility,0,Medicare,Emergency,0
FB000018,76,Male,32.3,114,68,77,114.75,8.3,172.0,3,1,12,3,3,1,0,1,0,Never,None,High,Skilled Nursing Facility,1,Private,Emergency,1
FB000019,110,Female,30.0,189,105,82,240.3,10.3,,7,7,9,3,4,1,1,0,1,Current,None,Moderate,Home Health Care,0,Medicare,Emergency,0
FB000020,101,Male,27.6,130,76,63,187.65,8.9,212.0,8,3,7,3,5,1,0,0,0,Never,None,Moderate,Skilled Nursing Facility,0,Medicare,Elective,1
FB000021,90,Male,20.5,160,80,76,203.85,7.5,189.0,0,2,6,2,1,1,0,0,0,Never,None,High,Skilled Nursing Facility,0,Medicare,Emergency,1
FB000022,91,Male,33.3,174,85,96,117.45,7.1,204.0,5,4,8,2,2,0,1,0,0,Former,Moderate,Low,Skilled Nursing Facility,0,Private,Emergency,1
FB000023,66,Female,28.9,146,78,85,170.10000000000002,,224.0,3,3,10,1,2,1,0,0,0,Never,Low,Low,Skilled Nursing Facility,1,Private,Emergency,1
FB000024,68,Female,24.3,131,75,91,106.65,6.6,147.0,4,3,6,5,2,0,0,0,0,Never,Moderate,Moderate,Skilled Nursing Facility,0,Private,Emergency,0
FB000025,85,Female,33.3,143,76,84,121.5,6.6,199.0,2,3,7,1,3,0,0,0,0,Current,Moderate,High,Home,0,Medicare,Emergency,0
FB000026,55,Male,18.7,140,78,80,163.35000000000002,6.8,253.0,6,3,8,1,2,1,1,0,0,Never,Low,Moderate,Skilled Nursing Facility,0,Medicare,Emergency,0
FB000027,57,Male,29.3,126,60,82,151.20000000000002,7.8,204.0,2,2,5,3,1,0,0,0,0,Former,Moderate,High,Home,1,Medicare,Urgent,1
FB000028,63,Female,31.9,113,73,66,114.75,6.6,123.0,0,3,6,2,1,0,0,0,0,Former,Moderate,Moderate,Skilled Nursing Facility,0,Medicare,Elective,1
FB000029,84,Male,22.2,156,73,63,137.70000000000002,7.5,259.0,5,4,8,4,2,0,0,0,0,Never,None,High,Home,0,Medicare,Emergency,0
FB000030,71,Male,20.2,132,82,90,,7.4,255.0,3,3,4,5,2,0,0,1,0,,Low,Low,Home,0,Medicare,Emergency,0
FB000031,62,Female,27.3,163,82,67,190.35,7.8,184.0,4,5,6,4,3,0,1,0,0,,Moderate,High,Skilled Nursing Facility,0,Medicare,Emergency,1
FB000032,63,Female,28.4,141,74,81,94.5,6.3999999999999995,240.0,2,2,8,1,2,0,0,0,0,Current,None,Moderate,Home Health Care,0,Medicare,Emergency,1
FB000033,82,Male,27.9,155,78,75,101.25,6.3,190.0,3,1,6,3,3,0,1,1,0,Never,Low,Moderate,Skilled Nursing Facility,0,Medicare,Emergency,1
FB000034,78,Female,34.6,132,69,89,148.5,7.0,172.0,6,5,9,3,3,1,1,1,0,Former,Low,High,Home,1,Private,Emergency,0
FB000035,77,Female,18.9,135,91,83,117.45,6.8,199.0,2,4,5,2,2,0,0,0,1,Current,None,Low,Skilled Nursing Facility,0,Medicare,Emergency,0
FB000036,87,Female,31.8,132,73,72,241.65,9.8,201.0,4,3,8,2,4,1,0,0,0,Never,Low,High,Home,0,Medicare,Emergency,0
FB000037,72,Female,31.7,139,87,67,160.65,6.5,254.0,6,3,7,3,3,0,0,0,0,Former,None,Low,Rehabilitation,0,Medicaid,Emergency,1
FB000038,79,Female,33.1,165,107,62,237.6,9.9,192.0,2,4,6,1,2,1,0,0,0,Never,Moderate,High,Skilled Nursing Facility,0,Private,Emergency,0
FB000039,62,Male,36.3,124,86,65,129.60000000000002,6.8,224.0,5,1,7,5,3,1,0,0,0,Never,None,Moderate,Home,0,Private,Emergency,1
FB000040,69,Female,27.6,122,81,80,143.10000000000002,7.3,204.0,3,2,7,1,2,0,0,0,0,Never,Low,Moderate,Home,0,Medicare,Elective,0
FB000041,80,Male,24.3,149,83,69,166.05,6.7,215.0,7,2,10,3,3,0,1,0,1,,High,Moderate,Skilled Nursing Facility,0,Medicaid,Emergency,0
FB000042,93,Female,34.2,155,92,88,214.65,,128.0,8,6,6,2,6,1,0,1,1,Former,Low,Low,Other,0,Medicare,Emergency,0
FB000043,97,Female,27.9,167,95,96,81.0,6.5,230.0,3,5,9,3,5,1,0,0,0,Former,Low,Low,Home,0,Medicare,Emergency,0
FB000044,84,Female,26.9,165,89,83,140.4,6.7,119.0,2,2,8,1,4,1,1,0,1,Never,Low,Moderate,Home,0,Medicare,Emergency,1
FB000045,71,Male,22.9,139,60,101,128.25,6.7,167.0,2,1,8,3,1,0,0,0,0,Current,Low,High,Skilled Nursing Facility,0,Medicare,Emergency,0
FB000046,93,Female,33.2,158,75,92,143.10000000000002,7.3,216.0,2,3,7,1,1,1,0,0,0,Never,None,High,Skilled Nursing Facility,0,Medicare,Emergency,0
FB000047,89,Male,32.9,104,66,77,124.2,8.0,210.0,2,3,7,2,2,0,0,1,0,Never,Low,Moderate,Home,0,Medicare,Emergency,0
FB000048,65,Female,23.6,158,81,68,126.9,7.1,176.0,3,5,5,2,2,1,0,1,0,Never,Moderate,Moderate,Other,0,Medicaid,Emergency,0
FB000049,76,Male,,141,63,77,120.15,6.8,169.0,5,4,7,4,2,1,1,0,0,Never,Moderate,Moderate,Skilled Nursing Facility,0,Medicare,Urgent,1
FB000050,110,Female,29.2,141,72,78,267.3,9.7,238.0,4,4,9,3,4,1,0,1,0,Never,None,Moderate,Skilled Nursing Facility,0,Medicare,Emergency,0
FB000051,63,Female,29.1,142,81,75,86.4,6.0,260.0,1,3,10,4,3,0,1,1,0,Current,Low,Low,Home,0,Medicare,Emergency,1
FB000052,72,Female,39.8,151,71,79,213.3,9.5,192.0,13,2,8,3,7,1,1,0,1,Current,Low,High,Skilled Nursing Facility,0,Medicare,Emergency,0
FB000053,70,Other,34.5,156,77,98,136.35000000000002,7.7,325.0,8,6,8,5,7,0,1,1,1,Never,Low,High,Home,0,Medicare,Emergency,1
FB000054,68,Male,24.6,133,80,64,162.0,6.3999999999999995,239.0,1,2,8,1,1,0,0,0,0,Former,None,Moderate,Home,0,Medicare,Emergency,0
FB000055,74,Female,23.2,174,106,72,151.20000000000002,7.4,,4,3,5,4,2,1,1,0,0,Never,Low,High,Skilled Nursing Facility,0,Medicare,Emergency,0
FB000056,86,Female,29.4,133,62,72,213.3,9.1,155.0,10,3,10,3,4,1,0,1,0,Never,None,Low,Home,0,Medicare,Emergency,0
FB000057,83,Male,24.2,126,68,80,152.55,6.6,175.0,3,3,8,3,1,1,0,0,0,Former,Low,High,Home,1,Medicare,Emergency,0
FB000058,73,Female,20.3,157,86,72,102.6,,209.0,4,2,13,3,2,1,0,0,0,Current,None,Low,Home,0,Medicare,Emergency,1
FB000059,75,Female,35.3,172,80,88,95.85,7.0,230.0,4,3,8,3,2,0,1,0,0,Former,Moderate,Low,Skilled Nursing Facility,0,Private,Emergency,0
FB000060,78,Female,27.9,141,74,96,109.35,6.3999999999999995,177.0,3,4,11,4,1,1,0,0,0,Current,Moderate,Low,Skilled Nursing Facility,0,Private,Emergency,0
FB000061,109,Male,27.7,179,87,108,116.1,6.5,184.0,3,4,4,2,3,0,1,1,0,Never,Low,Low,Skilled Nursing Facility,1,Medicare,Emergency,0
FB000062,89,Male,25.1,139,65,92,202.5,8.4,189.0,5,6,10,6,6,1,1,0,0,Never,Moderate,Moderate,Skilled Nursing Facility,0,Medicare,Emergency,0
FB000063,73,Female,33.2,162,71,61,94.5,,178.0,4,3,7,2,2,0,0,0,0,Former,Low,Low,Home,0,Medicaid,Urgent,0
FB000064,85,Female,30.8,132,85,72,81.0,7.1,209.0,5,5,8,1,3,0,1,1,0,,Low,Low,Skilled Nursing Facility,0,Medicare,Emergency,1
FB000065,80,Male,,128,71,69,166.05,7.0,193.0,3,3,6,3,2,0,0,0,1,Never,None,Low,Home Health Care,0,Medicare,Emergency,0
FB000066,73,Female,28.2,155,98,87,122.85,5.8,175.0,2,1,7,1,1,1,0,0,0,Former,Low,Low,Home,1,Medicare,Emergency,1
FB000067,100,Male,29.7,156,97,76,213.3,8.9,255.0,10,5,13,3,6,1,1,0,1,Former,Moderate,Moderate,Home Health Care,0,Medicare,Emergency,1
FB000068,69,Female,30.9,167,85,97,121.5,7.3,208.0,6,3,9,4,3,1,1,0,0,Former,Low,Moderate,Home,0,Medicare,Emergency,0
FB000069,75,Male,26.8,139,73,76,214.65,8.700000000000001,144.0,7,1,11,5,4,1,1,0,0,Never,Low,Low,Skilled Nursing Facility,0,Medicare,Emergency,0
FB000070,87,Male,27.2,165,101,81,209.25,9.4,186.0,3,3,14,3,4,1,1,1,0,Never,Moderate,Moderate,Home,0,Medicare,Emergency,0
FB000071,99,Female,22.0,139,84,86,164.70000000000002,7.0,179.0,2,4,7,3,2,1,0,0,0,Former,None,Low,Rehabilitation,0,Medicare,Emergency,0
FB000072,91,Male,38.6,153,89,76,243.00000000000003,9.7,273.0,8,4,10,2,5,1,1,1,0,Never,Low,Low,Rehabilitation,0,Private,Elective,1
FB000073,81,Female,26.3,171,71,94,137.70000000000002,6.8999999999999995,217.0,7,2,8,2,4,0,1,0,0,Former,Low,Moderate,Skilled Nursing Facility,0,Medicare,Emergency,0
FB000074,63,Female,26.2,107,69,70,98.55,7.0,167.0,4,1,12,2,1,0,0,0,0,Current,None,High,Other,0,Private,Emergency,0
FB000075,96,Male,28.9,174,86,81,213.3,8.8,142.0,5,5,7,2,5,1,1,0,0,Current,Low,Moderate,Skilled Nursing Facility,0,Medicare,Urgent,0
FB000076,95,Female,15.0,147,89,79,168.75,7.2,110.0,3,4,5,4,2,0,0,0,1,Former,,Moderate,Other,0,Medicare,Emergency,0
FB000077,78,Male,38.8,157,79,75,95.85,6.2,213.0,5,2,7,3,3,0,0,0,0,Current,None,Low,Home Health Care,0,Private,Urgent,0
FB000078,85,Female,37.1,148,69,78,136.35000000000002,7.0,269.0,2,1,9,2,2,0,0,0,0,Former,None,Low,Skilled Nursing Facility,0,Medicare,Emergency,1
FB000079,72,Male,29.2,172,95,76,151.20000000000002,7.4,208.0,8,3,10,4,5,1,1,0,0,Former,Moderate,Low,Skilled Nursing Facility,0,Medicaid,Emergency,1
FB000080,51,Female,25.6,122,63,73,116.1,6.8,,3,4,12,1,2,0,0,0,0,Current,None,Moderate,Skilled Nursing Facility,0,Private,Emergency,1
FB000081,85,Male,,145,72,88,248.4,10.2,269.0,8,4,14,1,4,1,1,1,0,Former,Moderate,Moderate,Skilled Nursing Facility,0,Private,Emergency,0
FB000082,87,Male,,153,84,78,581.85,6.7,,5,2,8,4,3,0,1,0,0,Never,Low,Moderate,Skilled Nursing Facility,1,Medicare,Emergency,0
FB000083,90,Male,,152,85,58,135.0,6.7,,5,4,10,1,3,1,1,0,0,Current,None,Low,Home Health Care,1,Medicare,Emergency,0
FB000084,54,Female,35.7,118,76,69,171.45000000000002,7.5,110.0,1,3,5,2,1,1,0,0,0,Never,None,Moderate,Skilled Nursing Facility,0,Medicare,Emergency,0
FB000085,82,Male,15.4,150,86,93,120.15,6.7,188.0,0,3,7,2,1,1,0,0,0,Never,,Moderate,Home,1,Private,Urgent,0
FB000086,62,Female,19.1,127,83,83,121.5,7.2,153.0,4,3,7,4,1,0,0,0,0,Former,Low,High,Skilled Nursing Facility,0,Medicaid,Emergency,0
FB000087,74,Female,,133,73,88,140.4,6.1,213.0,3,1,12,3,1,1,0,0,0,Current,,Low,Skilled Nursing Facility,1,Medicare,Emergency,0
FB000088,83,Female,29.0,124,55,88,245.7,9.2,210.0,3,2,10,4,3,1,0,0,0,Current,Low,Moderate,Skilled Nursing Facility,0,Medicare,Emergency,0
FB000089,87,Female,25.4,162,86,84,226.8,9.4,239.0,3,7,10,5,5,1,1,1,0,Former,None,Low,Home,0,Medicare,Emergency,0
FB000090,78,Male,27.0,139,82,63,244.35,9.3,,2,3,9,3,2,1,0,0,0,Former,Moderate,Low,Home,0,Medicare,Emergency,1
FB000091,63,Male,36.2,118,77,71,125.55,8.3,171.0,3,3,8,3,3,0,0,0,0,Former,None,Low,Skilled Nursing Facility,0,Medicare,Urgent,1
FB000092,46,Other,23.4,115,74,68,600.0,7.3,198.0,5,3,10,3,2,0,0,0,0,Never,Low,Low,Home,0,Medicare,Emergency,0
FB000093,78,Male,27.4,123,76,93,162.0,7.7,137.0,1,3,6,1,1,0,0,0,0,Former,Moderate,Moderate,Rehabilitation,0,Private,Emergency,0
FB000094,81,Male,42.3,169,92,78,110.7,7.1,138.0,2,3,8,4,2,1,1,0,0,Never,None,Moderate,Skilled Nursing Facility,0,Medicare,Emergency,1
FB000095,88,Female,25.7,157,81,67,156.60000000000002,7.0,170.0,1,4,7,1,1,1,0,0,0,Never,Low,Low,Home,0,Medicare,Emergency,1
FB000096,91,Male,32.3,133,68,78,112.05,6.5,223.0,4,2,8,5,4,0,0,1,0,Never,Low,Low,Skilled Nursing Facility,0,Medicare,Emergency,0
FB000097,81,Female,27.2,133,75,92,183.6,8.5,234.0,11,3,12,4,5,1,0,1,1,Never,None,Low,Skilled Nursing Facility,0,Medicare,Emergency,1
FB000098,68,Male,30.3,110,75,88,97.2,6.3,233.0,7,4,6,3,2,0,0,0,0,,Low,High,Home,1,Medicare,Emergency,0
FB000099,61,Female,28.1,117,68,67,,6.5,190.0,3,3,9,2,2,0,0,0,0,Never,None,Low,Skilled Nursing Facility,0,Private,Emergency,0
FB000100,38,Male,26.1,100,64,78,163.35000000000002,,200.0,2,2,8,2,1,0,0,0,0,Former,Moderate,High,Skilled Nursing Facility,0,Medicare,Emergency,0
FB000101,76,Male,34.1,173,84,99,237.6,9.4,242.0,1,3,8,2,4,1,1,0,0,Current,None,Moderate,Home,0,Private,Emergency,1
FB000102,64,Male,19.0,155,91,57,147.15,7.1,227.0,1,2,8,3,2,0,1,0,0,Never,Moderate,High,Skilled Nursing Facility,0,Medicare,Elective,1
FB000103,64,Female,35.1,147,80,87,128.25,7.8,190.0,5,4,13,6,4,0,1,0,1,Never,Low,Low,Home,1,Private,Emergency,0
FB000104,83,Female,29.8,169,65,69,103.95,6.3,224.0,6,1,8,1,3,0,1,1,0,Former,None,Moderate,Home Health Care,1,Medicare,Emergency,1
FB000105,81,Male,34.1,148,78,67,129.60000000000002,7.1,196.0,7,5,7,4,4,1,1,1,0,Former,Moderate,Moderate,Home,0,Medicare,Urgent,0
FB000106,85,Male,18.9,139,77,70,172.8,7.0,228.0,3,3,10,2,1,1,0,0,0,Former,Low,Moderate,Home,0,Medicare,Emergency,1
FB000107,78,Male,29.1,151,76,76,216.0,10.0,171.0,10,4,12,1,4,1,1,0,0,Never,None,Moderate,Home,0,Medicare,Elective,1
FB000108,76,Female,28.6,144,68,94,144.45000000000002,8.3,,5,4,11,3,3,1,1,0,0,Never,None,Low,Rehabilitation,0,Medicare,Emergency,1
FB000109,68,Female,31.2,100,63,74,156.60000000000002,6.8,225.0,2,3,7,5,2,0,0,0,0,Never,Low,High,Skilled Nursing Facility,1,Medicare,Emergency,1
FB000110,78,Male,24.4,146,78,75,294.3,9.4,299.0,6,4,6,3,2,1,0,0,0,Former,None,High,Skilled Nursing Facility,0,Medicare,Emergency,1
FB000111,96,Female,31.0,142,79,85,117.45,7.4,188.0,1,2,5,3,2,0,0,1,0,Never,None,Moderate,Home Health Care,0,Medicare,Emergency,1
FB000112,85,Female,,145,76,72,163.35000000000002,6.8999999999999995,229.0,0,3,7,2,1,0,0,0,0,Never,Low,High,Home,0,Medicaid,Emergency,0
FB000113,97,Male,36.3,167,98,89,195.75,7.7,202.0,3,5,11,5,3,0,1,0,0,Never,None,Moderate,Skilled Nursing Facility,0,Medicare,Emergency,1
FB000114,74,Male,27.7,157,75,77,159.3,7.4,178.0,2,2,8,3,2,0,1,0,0,Current,Moderate,Moderate,Home,0,Medicare,Elective,0
FB000115,85,Male,15.0,134,71,87,106.65,6.0,172.0,3,4,9,3,2,1,0,0,0,Former,Low,Moderate,Skilled Nursing Facility,1,Medicare,Emergency,0
FB000116,72,Male,26.7,147,88,71,126.9,6.6,166.0,1,4,6,2,2,0,1,0,0,Former,Low,High,Home Health Care,0,Medicare,Emergency,0
FB000117,100,Female,25.0,166,90,76,210.6,8.5,186.0,2,2,4,3,4,1,1,1,1,Former,Moderate,Low,Skilled Nursing Facility,0,Medicare,Emergency,0
FB000118,68,Male,31.2,146,74,63,205.2,7.7,184.0,2,1,6,1,1,0,0,0,0,Never,Low,Moderate,Skilled Nursing Facility,1,Private,Emergency,1
FB000119,95,Female,31.3,135,72,83,164.70000000000002,6.5,147.0,10,2,7,3,3,0,0,0,0,Never,Low,Low,Skilled Nursing Facility,0,Medicare,Emergency,1
FB000120,80,Female,38.0,125,61,72,178.20000000000002,7.1,224.0,2,1,8,1,1,0,0,0,0,Current,Low,High,Skilled Nursing Facility,0,Medicare,Emergency,0
FB000121,86,Male,38.3,145,81,92,112.05,6.3999999999999995,160.0,4,4,9,5,5,0,0,0,0,Never,Moderate,Low,Skilled Nursing Facility,0,Medicare,Emergency,0
FB000122,65,Female,25.6,152,96,106,121.5,7.6,226.0,0,4,10,2,2,0,0,1,0,Former,Low,Moderate,Skilled Nursing Facility,0,Private,Emergency,1
FB000123,91,Female,25.2,142,79,93,125.55,6.8999999999999995,193.0,6,4,5,2,4,1,1,1,0,Never,High,Low,Skilled Nursing Facility,0,Medicare,Urgent,0
FB000124,81,Female,35.9,120,85,78,190.35,9.2,263.0,3,3,6,6,2,1,0,0,0,Former,Moderate,Low,Skilled Nursing Facility,0,Medicare,Emergency,0
FB000125,100,Male,38.7,142,85,77,265.95000000000005,9.8,236.0,11,8,7,6,5,1,1,0,1,,Low,Low,Skilled Nursing Facility,0,Medicare,Elective,0
FB000126,80,Male,30.6,125,78,68,81.0,6.2,149.0,1,3,17,1,2,0,0,0,0,Former,Moderate,Moderate,Skilled Nursing Facility,0,Medicare,Emergency,0
FB000127,100,Female,27.0,163,82,80,199.8,8.700000000000001,214.0,8,7,7,4,7,1,1,1,1,Never,None,Low,Skilled Nursing Facility,0,Medicare,Urgent,1
FB000128,55,Female,29.7,125,65,88,102.6,7.2,182.0,2,3,7,3,1,1,0,0,0,Never,Low,High,Skilled Nursing Facility,0,Medicare,Emergency,0
FB000129,80,Female,27.9,131,79,75,144.45000000000002,7.8,286.0,6,3,5,4,3,1,0,0,0,Former,Low,High,Skilled Nursing Facility,0,Medicare,Emergency,0
FB000130,43,Female,31.2,120,85,60,159.3,6.2,124.0,1,2,8,2,1,1,0,0,0,Never,None,Moderate,Skilled Nursing Facility,0,Medicare,Emergency,1
FB000131,66,Female,,150,90,66,141.75,7.2,177.0,6,2,8,5,4,1,1,0,0,Former,Low,Low,Skilled Nursing Facility,1,Medicare,Elective,1
FB000132,36,Male,36.2,137,84,81,90.45,6.6,123.0,1,2,9,3,2,0,0,0,0,Former,None,Low,Home,0,Private,Emergency,0
FB000133,93,Female,26.7,145,68,88,274.05,9.0,210.0,5,3,9,3,3,1,0,1,0,Current,Moderate,High,Home Health Care,0,Medicare,Emergency,1
FB000134,72,Female,29.3,147,76,74,129.60000000000002,6.3,214.0,9,3,6,2,3,0,0,0,1,,Moderate,Moderate,Home,0,Private,Emergency,0
FB000135,66,Male,37.0,116,62,63,153.9,7.3,162.0,1,3,7,1,1,0,0,0,0,Never,Low,Low,Home Health Care,1,Medicaid,Emergency,0
FB000136,48,Female,31.5,141,57,75,191.7,7.0,189.0,2,2,8,3,2,0,0,0,0,Former,None,Low,Home Health Care,0,Medicare,Emergency,1
FB000137,80,Male,27.3,143,75,102,125.55,7.4,125.0,4,2,9,1,2,0,0,1,0,Never,Moderate,High,Skilled Nursing Facility,0,Medicare,Emergency,0
FB000138,95,Male,30.1,183,93,77,139.05,6.8,207.0,3,3,11,1,3,1,1,0,0,Former,None,High,Home Health Care,0,Medicare,Emergency,1
FB000139,50,Female,27.6,148,101,65,128.25,6.5,168.0,1,5,8,4,2,0,0,0,0,Never,None,Moderate,Home,0,Medicare,Emergency,0
FB000140,75,Female,28.0,151,80,71,140.4,6.6,251.0,2,3,9,3,2,1,0,0,0,Never,None,Moderate,Home,0,Medicaid,Emergency,0
FB000141,83,Male,17.7,133,75,66,120.15,6.7,140.0,4,3,12,4,2,0,0,0,1,Former,Low,High,Rehabilitation,0,Medicare,Emergency,1
FB000142,52,Female,32.2,108,70,58,168.75,6.3999999999999995,181.0,5,2,6,4,2,0,0,0,0,Never,,High,Home Health Care,1,Medicare,Elective,1
FB000143,87,Male,,131,83,87,143.10000000000002,6.7,188.0,4,1,10,6,2,0,0,1,0,Former,Moderate,Low,Home,1,Medicare,Emergency,0
FB000144,86,Female,25.7,144,79,79,286.20000000000005,9.5,157.0,3,3,9,2,3,1,1,0,0,Former,Low,Moderate,Home,0,Medicare,Emergency,1
FB000145,72,Female,33.4,111,70,73,113.4,7.3,213.0,2,3,12,4,2,1,0,0,0,Former,Low,Moderate,Skilled Nursing Facility,0,Medicare,Emergency,1
FB000146,94,Female,20.7,153,94,60,176.85000000000002,7.4,169.0,5,3,6,2,3,0,0,0,0,Never,Low,Moderate,Home,0,Medicare,Emergency,0
FB000147,80,Female,32.4,154,74,64,110.7,6.1,110.0,2,2,5,3,1,0,0,0,0,Current,High,Low,Skilled Nursing Facility,0,Medicare,Emergency,0
FB000148,68,Female,27.1,150,83,51,121.5,7.2,182.0,1,1,6,2,2,0,0,1,0,Former,,High,Home,1,Private,Emergency,0
FB000149,65,Male,40.4,149,69,72,147.15,6.3999999999999995,192.0,2,3,7,4,2,0,0,0,0,Former,Moderate,Low,Home,0,Private,Emergency,1
FB000150,81,Female,25.4,125,73,83,211.95,7.3,238.0,2,4,8,3,2,0,0,0,0,Never,High,High,Skilled Nursing Facility,0,Medicare,Emergency,1
FB000151,92,Male,30.5,160,86,78,168.75,7.2,195.0,7,4,10,3,4,0,1,0,0,,Low,Moderate,Rehabilitation,0,Medicare,Emergency,0
FB000152,89,Male,32.7,163,87,67,140.4,6.6,431.0,3,3,9,3,3,0,1,0,0,Former,Low,High,Skilled Nursing Facility,1,Medicare,Elective,1
FB000153,96,Male,29.6,154,67,82,159.3,7.9,268.0,3,3,11,1,2,0,0,1,0,Never,None,Low,Home Health Care,0,Medicare,Emergency,0
FB000154,92,Male,25.5,149,69,68,220.05,8.700000000000001,180.0,2,1,9,4,4,1,1,0,0,Never,Low,High,Skilled Nursing Facility,0,Medicare,Emergency,1
FB000155,64,Female,25.3,112,78,57,264.6,9.0,,2,3,6,5,2,1,0,0,0,Current,Moderate,High,Home,0,Private,Urgent,0
FB000156,78,Female,36.6,143,83,80,197.1,9.0,236.0,7,3,10,3,3,1,0,0,0,Former,None,High,Home,0,Medicare,Emergency,1
FB000157,73,Female,43.9,153,83,64,157.95000000000002,7.1,140.0,11,1,13,4,4,1,1,0,0,Former,Low,High,Skilled Nursing Facility,0,Medicare,Emergency,1
FB000158,92,Female,28.1,144,64,89,163.35000000000002,8.1,185.0,9,3,9,4,4,0,1,1,0,Never,None,High,Skilled Nursing Facility,0,Medicare,Emergency,0
FB000159,88,Female,38.4,136,84,97,170.10000000000002,8.700000000000001,153.0,2,3,8,2,3,1,0,0,1,Never,Low,Moderate,Home,0,Medicare,Emergency,0
FB000160,53,Female,32.5,110,65,85,139.05,8.0,203.0,3,3,10,1,2,1,0,0,0,Former,Moderate,Low,Skilled Nursing Facility,0,Medicare,Emergency,1
FB000161,95,Male,15.5,113,72,75,191.7,7.6,196.0,4,5,9,2,3,0,1,1,0,Never,Low,Low,Home,0,Medicare,Emergency,0
FB000162,99,Female,23.6,132,85,84,193.05,,,7,5,10,4,5,1,1,1,1,Former,None,Low,Skilled Nursing Facility,0,Medicare,Emergency,0
FB000163,93,Male,30.3,163,82,91,99.9,6.7,216.0,7,2,9,1,4,1,1,1,0,Never,Low,High,Skilled Nursing Facility,0,Medicare,Emergency,1
FB000164,63,Female,40.7,142,82,84,99.9,7.0,232.0,1,2,12,1,2,1,1,0,0,Never,Low,Low,Home,0,Medicare,Emergency,0
FB000165,75,Female,24.0,147,67,61,116.1,6.2,139.0,6,3,12,4,3,0,1,0,0,Former,None,Low,Home,0,Private,Emergency,1
FB000166,81,Female,23.4,181,77,68,122.85,7.4,,5,4,8,4,3,0,1,1,0,Former,Moderate,High,Skilled Nursing Facility,0,Medicaid,Emergency,1
FB000167,71,Female,28.0,123,84,87,125.55,7.9,204.0,1,1,10,3,1,0,0,0,0,Never,Moderate,Low,Rehabilitation,0,Medicaid,Elective,1
FB000168,70,Female,,121,68,91,228.15,9.0,175.0,5,3,11,4,3,1,0,0,0,Current,None,Low,Skilled Nursing Facility,0,Medicare,Elective,0
FB000169,50,Female,30.0,153,72,70,139.05,7.9,189.0,4,3,6,5,2,0,1,0,0,Current,Low,Low,Skilled Nursing Facility,1,Medicare,Emergency,0
FB000170,76,Female,20.4,140,72,79,,6.3999999999999995,199.0,2,1,10,2,3,0,0,0,1,Never,None,Low,Home,0,Private,Emergency,0
FB000171,65,Male,27.0,164,79,65,201.15,8.0,208.0,5,3,9,5,4,0,1,1,0,Never,None,Moderate,Home,0,Medicare,Emergency,0
FB000172,87,Female,29.7,131,75,67,126.9,6.8,147.0,6,2,10,3,3,0,1,0,1,Current,Low,Moderate,Skilled Nursing Facility,0,Medicaid,Emergency,0
FB000173,82,Female,39.3,163,83,84,237.6,7.0,210.0,2,5,9,4,3,1,1,0,0,Never,High,Moderate,Home,0,Medicare,Emergency,1
FB000174,89,Male,30.3,138,78,93,251.1,9.8,,5,3,10,4,3,1,0,0,1,Never,Low,Low,Skilled Nursing Facility,1,Medicare,Emergency,0
FB000175,91,Male,24.3,139,74,77,136.35000000000002,7.5,126.0,2,5,10,2,3,0,1,0,0,Never,Low,Moderate,Skilled Nursing Facility,0,Medicare,Emergency,0
FB000176,79,Male,,139,84,70,117.45,6.3999999999999995,189.0,6,2,6,3,3,0,0,0,0,Never,None,Low,Other,1,Private,Emergency,0
FB000177,83,Female,23.6,166,81,70,191.7,6.8,150.0,5,5,8,3,4,0,1,1,1,,Low,High,Skilled Nursing Facility,0,Medicare,Urgent,0
FB000178,51,Female,30.0,137,84,97,256.5,9.4,171.0,2,1,7,1,2,1,0,0,0,Current,None,Moderate,Home Health Care,0,Medicare,Emergency,0
FB000179,94,Female,27.4,146,70,72,226.8,10.4,170.0,3,4,8,3,4,1,1,0,1,Former,None,Low,Skilled Nursing Facility,0,Medicare,Emergency,0
FB000180,82,Female,32.4,151,79,96,143.10000000000002,7.5,254.0,0,3,13,4,2,1,1,0,0,Never,Moderate,High,Rehabilitation,0,Medicaid,Emergency,1
FB000181,79,Male,27.4,137,69,62,129.60000000000002,,254.0,3,4,10,6,2,0,0,0,0,Never,None,Low,Home,1,Medicaid,Emergency,0
FB000182,58,Female,30.0,116,70,82,124.2,6.3999999999999995,234.0,4,2,8,3,3,0,0,0,0,Never,Low,High,Home,0,Medicaid,Emergency,1
FB000183,70,Male,27.0,120,66,72,133.65,6.6,185.0,3,4,5,3,2,1,0,0,0,Former,None,Low,Home Health Care,0,Medicaid,Emergency,0
FB000184,79,Male,26.1,172,81,73,128.25,7.1,223.0,3,4,7,3,2,0,1,0,0,Current,Low,Moderate,Skilled Nursing Facility,0,Medicare,Emergency,0
FB000185,70,Female,22.2,132,78,77,141.75,6.8,,2,3,9,1,2,1,0,0,0,Current,Low,Moderate,Home,0,Medicare,Emergency,1
FB000186,76,Male,20.9,146,82,73,151.20000000000002,6.8999999999999995,169.0,2,5,8,5,4,0,1,1,0,Current,Low,High,Skilled Nursing Facility,1,Medicare,Emergency,0
FB000187,61,Female,27.4,141,68,78,174.15,7.0,142.0,6,2,5,3,3,1,0,0,1,Former,None,Low,Home,0,Uninsured,Emergency,0
FB000188,97,Female,29.4,151,71,61,264.6,10.5,133.0,1,2,8,2,5,1,1,0,1,Current,None,Low,Home,1,Medicaid,Elective,1
FB000189,58,Female,25.5,152,77,74,243.00000000000003,8.6,213.0,5,1,9,4,3,1,0,0,0,,None,Low,Skilled Nursing Facility,0,Private,Emergency,0
FB000190,82,Male,21.5,149,70,76,189.0,8.8,148.0,4,2,8,5,4,1,0,0,0,Current,None,High,Home,0,Medicare,Emergency,0
FB000191,61,Male,33.2,145,70,77,133.65,7.5,208.0,3,4,5,5,3,0,1,0,0,Former,Moderate,Low,Skilled Nursing Facility,0,Private,Emergency,1
FB000192,50,Other,38.1,157,77,76,174.15,6.8999999999999995,160.0,1,3,9,4,2,1,0,0,0,Never,Low,High,Home,0,Private,Urgent,0
FB000193,96,Male,24.4,149,75,99,89.10000000000001,6.8999999999999995,212.0,3,4,7,3,2,0,0,0,0,Current,None,Low,Home Health Care,1,Medicare,Emergency,1
FB000194,99,Female,29.6,154,91,83,216.0,10.2,242.0,5,3,10,4,3,1,0,0,0,Former,Moderate,Low,Skilled Nursing Facility,0,Medicaid,Emergency,0
FB000195,88,Male,35.1,141,66,69,120.15,,195.0,7,4,8,2,4,0,0,0,0,Current,None,Low,Home,0,Medicare,Elective,0
FB000196,69,Female,25.4,160,95,60,241.65,9.5,186.0,6,1,13,1,3,1,1,0,0,Never,,Low,Home Health Care,0,Medicaid,Emergency,0
FB000197,82,Female,32.4,161,83,82,240.3,,184.0,2,5,6,3,4,1,0,1,1,Never,None,High,Skilled Nursing Facility,0,Medicare,Emergency,0
FB000198,78,Female,,140,70,90,113.4,,186.0,3,2,8,3,2,1,1,0,0,Former,None,Low,Home,0,Private,Emergency,1
FB000199,94,Male,31.2,193,104,84,81.0,,245.0,2,3,5,2,3,1,1,0,1,Never,High,Moderate,Skilled Nursing Facility,0,Medicare,Emergency,0
FB000200,98,Female,34.1,177,90,73,210.6,8.700000000000001,152.0,2,3,7,1,3,1,1,0,0,Never,High,Moderate,Skilled Nursing Facility,0,Medicare,Emergency,0
FB000201,88,Female,,129,65,82,116.1,7.3,163.0,3,3,8,3,1,0,0,0,0,Never,Low,High,Skilled Nursing Facility,0,Private,Emergency,0
FB000202,61,Female,29.0,136,89,84,600.0,6.8,188.0,4,3,4,3,4,0,1,0,0,Never,Moderate,High,Home,0,Private,Emergency,1
FB000203,87,Female,28.5,123,76,79,143.10000000000002,6.3,151.0,5,3,12,3,3,1,0,1,0,Never,Moderate,Moderate,Other,1,Medicare,Emergency,0
FB000204,84,Female,28.2,174,92,93,167.4,7.4,141.0,0,3,6,2,2,0,0,0,0,Never,Low,Low,Skilled Nursing Facility,0,Private,Elective,0
FB000205,94,Female,,138,79,73,102.6,7.5,275.0,7,3,9,4,5,0,0,1,0,Current,Low,Moderate,Skilled Nursing Facility,0,Medicare,Emergency,1
FB000206,102,Female,,138,77,74,166.05,6.6,184.0,0,2,8,5,2,0,0,0,0,Never,None,High,Home Health Care,0,Medicare,Emergency,1
FB000207,71,Male,32.1,136,75,64,109.35,6.2,257.0,4,5,7,1,3,0,1,0,0,Former,Low,Moderate,Home,0,Medicare,Urgent,0
FB000208,74,Male,26.4,165,89,70,105.3,7.8,242.0,1,4,6,3,2,1,0,0,0,Former,Moderate,Low,Other,0,Medicare,Elective,0
FB000209,63,Female,28.4,125,75,98,180.9,6.3999999999999995,161.0,1,2,12,4,2,1,0,0,0,,None,Low,Skilled Nursing Facility,0,Private,Emergency,0
FB000210,88,Male,23.0,156,76,60,121.5,7.3,183.0,1,3,10,3,2,0,1,0,0,Former,None,Moderate,Skilled Nursing Facility,0,Medicare,Emergency,0
FB000211,72,Female,37.2,153,78,60,81.0,6.6,179.0,4,3,8,3,2,0,1,0,0,Current,Low,High,Home,0,Private,Emergency,0
FB000212,33,Male,29.5,115,68,89,118.8,7.0,169.0,2,4,8,2,2,1,0,0,0,Never,Moderate,High,Skilled Nursing Facility,1,Medicare,Emergency,0
FB000213,83,Male,61.7,167,87,68,232.2,9.2,110.0,4,3,7,5,5,1,1,0,1,Never,Moderate,Low,Home,0,Medicaid,Elective,0
FB000214,83,Female,25.2,158,70,84,162.0,6.8999999999999995,273.0,5,2,6,4,3,1,1,0,0,Never,Moderate,Moderate,Home,0,Medicare,Urgent,0
FB000215,58,Female,28.2,127,70,80,132.3,7.7,220.0,6,6,7,4,4,0,0,0,0,Former,None,Low,Home,0,Medicare,Emergency,0
FB000216,72,Male,15.0,124,89,92,118.8,7.4,,3,3,7,4,3,1,0,1,0,Never,Low,Low,Skilled Nursing Facility,0,Medicaid,Emergency,0
FB000217,104,Female,28.9,142,80,94,81.0,7.3,184.0,7,4,8,8,3,0,0,0,0,Never,Moderate,High,Skilled Nursing Facility,0,Medicare,Emergency,0
FB000218,70,Male,36.6,124,71,85,259.20000000000005,10.0,200.0,4,2,6,2,2,1,0,0,0,Current,Low,Low,Home,0,Private,Emergency,1
FB000219,78,Male,22.4,145,81,81,209.25,8.9,262.0,0,2,6,1,2,1,0,0,0,Never,None,Low,Home Health Care,0,Medicare,Emergency,0
FB000220,87,Male,27.1,131,75,66,163.35000000000002,6.3999999999999995,216.0,2,6,13,3,2,0,0,0,0,Never,Moderate,Low,Skilled Nursing Facility,0,Medicare,Emergency,0
FB000221,82,Male,30.2,162,77,69,112.05,6.5,132.0,4,1,8,1,2,0,0,0,1,Never,Moderate,Moderate,Skilled Nursing Facility,0,Medicare,Emergency,0
FB000222,80,Female,,151,69,77,144.45000000000002,7.1,241.0,6,2,11,3,3,0,0,1,0,Never,None,Low,Home Health Care,0,Medicare,Emergency,0
FB000223,61,Female,25.6,112,61,68,253.8,9.1,180.0,7,7,8,5,5,1,1,0,0,Current,None,Moderate,Home,1,Medicare,Emergency,1
FB000224,74,Male,27.9,131,64,45,130.95000000000002,7.0,178.0,3,3,9,1,2,0,0,0,0,Former,High,Low,Skilled Nursing Facility,0,Medicaid,Emergency,0
FB000225,53,Female,,128,62,89,129.60000000000002,6.5,182.0,2,3,7,3,1,1,0,0,0,Never,None,Moderate,Home,0,Medicare,Emergency,0
FB000226,92,Female,30.9,128,66,67,236.25000000000003,,249.0,5,2,15,5,6,1,0,0,0,Never,Low,Low,Skilled Nursing Facility,0,Medicare,Emergency,1
FB000227,71,Male,19.0,121,63,89,102.6,7.2,212.0,3,3,7,3,1,0,0,0,0,Never,Moderate,Low,Home,0,Medicare,Emergency,0
FB000228,67,Female,33.8,152,84,88,,10.1,230.0,10,4,11,5,6,1,1,1,0,Former,Moderate,Moderate,Skilled Nursing Facility,0,Medicare,Emergency,1
FB000229,110,Male,24.8,132,71,91,108.0,6.3,267.0,2,3,14,2,3,1,1,1,0,Never,Low,Moderate,Skilled Nursing Facility,0,Medicare,Emergency,1
FB000230,78,Female,35.0,154,82,78,268.65000000000003,9.9,269.0,9,3,4,3,4,1,1,0,0,Never,Low,High,Home,0,Medicare,Emergency,0
FB000231,100,Female,21.1,152,95,93,,6.3999999999999995,149.0,4,2,12,3,2,1,0,1,0,Never,Moderate,Moderate,Skilled Nursing Facility,0,Uninsured,Emergency,0
FB000232,72,Male,36.2,136,66,100,230.85,8.9,190.0,1,5,8,3,3,1,1,0,0,Former,Low,Moderate,Home,0,Medicare,Emergency,0
FB000233,73,Female,27.3,153,78,78,193.05,8.0,210.0,1,1,5,3,2,0,0,0,0,Never,None,Low,Skilled Nursing Facility,0,Private,Emergency,0
FB000234,90,Male,32.2,123,76,85,160.65,6.3999999999999995,114.0,3,4,7,5,3,1,0,1,0,Never,Low,High,Skilled Nursing Facility,0,Medicare,Emergency,0
FB000235,86,Male,22.0,116,78,74,199.8,9.4,289.0,3,2,9,1,2,1,0,0,0,Never,Low,Moderate,Home,0,Medicare,Emergency,1
FB000236,63,Male,39.6,131,67,62,120.15,6.8999999999999995,218.0,1,3,5,5,1,0,0,0,0,Never,Low,Low,Home,0,Private,Emergency,0
FB000237,83,Male,34.6,129,74,85,137.70000000000002,7.0,148.0,2,2,8,3,2,1,0,0,0,Never,Moderate,Moderate,Skilled Nursing Facility,0,Uninsured,Emergency,1
FB000238,59,Female,23.3,143,68,78,109.35,6.5,189.0,2,2,6,2,1,0,0,0,0,Never,Moderate,Low,Skilled Nursing Facility,0,Medicare,Emergency,0
FB000239,78,Female,29.9,137,59,72,90.45,6.1,218.0,2,3,9,4,2,0,0,0,0,Former,Low,Low,Skilled Nursing Facility,0,Uninsured,Emergency,0
FB000240,72,Male,38.8,153,75,89,276.75,10.3,145.0,1,3,8,3,2,1,0,0,0,Never,Low,Low,Home Health Care,0,Medicaid,Emergency,0
FB000241,82,Female,31.4,137,84,78,149.85000000000002,7.5,157.0,3,1,8,3,2,1,0,0,0,Never,Low,Moderate,Skilled Nursing Facility,0,Medicare,Emergency,1
FB000242,90,Female,21.1,124,67,102,122.85,6.5,190.0,3,2,8,3,2,0,0,0,0,Never,Low,Moderate,Skilled Nursing Facility,0,Medicare,Emergency,0
FB000243,100,Male,29.2,148,74,78,222.75000000000003,8.5,213.0,2,5,10,4,5,1,1,0,0,Former,Low,Moderate,Skilled Nursing Facility,0,Medicare,Emergency,0
FB000244,58,Female,24.3,111,60,80,163.35000000000002,7.2,248.0,3,3,9,1,2,0,0,1,0,Never,Low,High,Skilled Nursing Facility,0,Uninsured,Emergency,1
FB000245,78,Other,28.6,158,79,77,110.7,7.0,209.0,2,2,12,5,3,1,1,0,0,Former,Low,High,Skilled Nursing Facility,0,Private,Emergency,1
FB000246,100,Male,28.6,174,86,87,109.35,6.3999999999999995,171.0,5,3,12,5,3,0,1,0,0,Never,Moderate,Moderate,Skilled Nursing Facility,0,Private,Emergency,1
FB000247,66,Female,25.6,116,72,73,139.05,7.1,179.0,6,3,17,6,4,1,0,0,0,Current,None,Moderate,Skilled Nursing Facility,0,Medicare,Emergency,1
FB000248,105,Male,30.6,158,93,86,225.45,9.5,207.0,10,3,5,2,4,1,1,1,0,Former,Low,Low,Home Health Care,0,Medicare,Emergency,0
FB000249,85,Female,28.6,154,79,66,,6.7,205.0,2,3,6,1,3,0,1,0,0,Never,Moderate,Moderate,Skilled Nursing Facility,1,Medicare,Elective,0
FB000250,60,Male,61.2,144,69,80,144.45000000000002,8.0,169.0,0,1,6,1,1,1,0,0,0,Never,Low,Moderate,Skilled Nursing Facility,0,Medicare,Elective,1
FB000251,73,Female,26.2,157,85,72,149.85000000000002,7.1,110.0,4,2,5,5,2,1,1,0,0,,Low,Moderate,Home,0,Private,Emergency,1
FB000252,106,Female,18.6,148,79,82,174.15,8.1,229.0,3,2,7,2,2,0,0,1,0,Current,Low,High,Other,0,Medicare,Emergency,0
FB000253,84,Male,24.0,128,72,66,234.9,9.0,184.0,2,1,6,1,2,1,0,0,0,Never,None,High,Skilled Nursing Facility,0,Medicare,Emergency,0
FB000254,64,Female,32.8,129,71,76,143.10000000000002,7.6,250.0,0,2,5,3,2,1,0,0,0,Former,High,Low,Home,0,Uninsured,Emergency,1
FB000255,56,Male,28.2,132,81,67,,6.2,267.0,0,2,7,2,1,0,0,0,0,Current,None,High,Home,0,Medicare,Emergency,0
FB000256,52,Male,23.1,143,88,78,141.75,7.3,136.0,1,1,12,2,1,0,0,0,0,Never,Low,Low,Home,1,Uninsured,Emergency,0
FB000257,84,Male,28.5,133,70,84,128.25,7.0,202.0,7,4,9,4,4,0,1,0,0,Never,None,Low,Home,1,Medicare,Emergency,1
FB000258,85,Female,27.6,163,88,84,98.55,6.5,134.0,9,1,7,3,6,0,1,1,1,Never,None,Low,Home Health Care,1,Uninsured,Elective,1
FB000259,82,Female,28.9,167,80,85,81.0,7.6,162.0,4,4,6,2,3,0,1,0,0,,None,Moderate,Skilled Nursing Facility,0,Medicare,Emergency,0
FB000260,92,Female,16.7,151,83,78,167.4,7.3,126.0,4,4,9,3,4,0,1,1,0,Never,Low,Moderate,Home,1,Medicare,Emergency,1
FB000261,36,Female,25.6,130,86,81,93.15,6.8999999999999995,215.0,1,3,7,2,2,0,0,0,0,Former,Low,Low,Home Health Care,0,Medicare,Emergency,0
FB000262,82,Female,22.7,161,86,88,110.7,6.5,207.0,2,1,6,2,4,0,1,1,0,Current,Moderate,Moderate,Rehabilitation,0,Medicare,Emergency,0
FB000263,79,Female,30.0,141,81,77,121.5,7.6,223.0,6,1,6,4,2,1,0,0,0,Former,None,Low,Home,0,Medicare,Emergency,0
FB000264,68,Female,31.7,129,87,80,,7.9,158.0,2,3,9,3,1,1,0,0,0,Never,None,High,Skilled Nursing Facility,0,Medicare,Emergency,1
FB000265,55,Male,36.1,128,64,96,109.35,6.6,164.0,4,5,10,2,3,1,0,0,0,Never,Moderate,High,Home,0,Medicare,Emergency,0
FB000266,90,Male,31.0,173,98,71,233.55,9.8,,7,4,9,7,4,1,1,1,0,Never,Low,Low,Skilled Nursing Facility,1,Medicare,Emergency,1
FB000267,54,Female,27.8,115,65,70,101.25,6.5,152.0,2,2,9,2,1,0,0,0,0,Current,None,Moderate,Home,0,Private,Emergency,0
FB000268,72,Male,23.3,142,73,81,228.15,9.2,112.0,5,2,9,3,3,1,0,0,0,Current,Moderate,Moderate,Home,1,Medicare,Emergency,0
FB000269,73,Female,30.7,131,92,95,162.0,7.1,168.0,4,2,8,1,2,0,0,1,0,Never,None,Low,Home,0,Medicare,Emergency,0
FB000270,95,Male,25.2,138,72,64,81.0,6.2,244.0,7,3,5,3,3,0,1,0,1,Current,Moderate,Moderate,Rehabilitation,0,Medicaid,Emergency,0
FB000271,86,Female,34.1,146,78,64,232.2,8.9,456.0,9,4,7,5,4,1,1,0,1,Never,Low,Moderate,Home,1,Medicare,Emergency,0
FB000272,88,Male,36.7,157,83,87,190.35,7.0,239.0,3,2,9,7,3,0,1,0,1,Never,Low,Moderate,Home,0,Private,Emergency,0
FB000273,82,Male,31.3,159,93,73,135.0,7.2,242.0,4,1,7,1,2,0,1,0,0,Current,,Moderate,Home,0,Medicare,Emergency,0
FB000274,74,Female,41.2,176,90,68,222.75000000000003,9.8,229.0,5,5,10,6,5,1,1,1,0,Never,None,Moderate,Home,0,Private,Emergency,0
FB000275,72,Male,26.4,153,69,90,229.50000000000003,9.2,,5,3,7,5,4,1,1,1,0,Former,None,High,Home,0,Uninsured,Emergency,0
FB000276,89,Male,27.8,166,107,67,255.15,10.2,237.0,3,5,11,3,3,1,1,0,0,Never,None,Moderate,Skilled Nursing Facility,0,Medicare,Emergency,0
FB000277,86,Male,23.2,148,81,83,183.6,7.1,198.0,1,2,7,2,1,0,0,0,0,Never,None,Low,Home,0,Medicare,Emergency,0
FB000278,91,Male,25.8,153,78,84,125.55,6.2,201.0,1,3,7,2,1,0,0,0,0,Never,None,Moderate,Skilled Nursing Facility,0,Medicare,Emergency,1
FB000279,79,Female,22.7,144,88,94,128.25,6.3,134.0,1,2,11,1,2,1,1,0,0,Never,Low,Moderate,Skilled Nursing Facility,1,Medicare,Emergency,0
FB000280,44,Male,35.1,113,62,67,233.55,8.9,135.0,3,4,9,4,4,1,0,0,0,Never,Low,Low,Home,0,Medicare,Emergency,1
FB000281,72,Other,23.4,129,68,82,137.70000000000002,6.3999999999999995,229.0,1,1,6,3,1,1,0,0,0,Never,None,High,Home,0,Medicare,Emergency,1
FB000282,75,Male,35.5,153,90,79,189.0,9.8,231.0,1,7,11,5,3,1,1,0,0,Never,Low,Moderate,Skilled Nursing Facility,0,Medicaid,Emergency,1
FB000283,75,Female,26.5,127,65,77,81.0,6.5,194.0,2,3,4,1,1,0,0,0,0,Former,Low,Moderate,Skilled Nursing Facility,0,Medicare,Emergency,1
FB000284,61,Male,27.2,137,87,83,140.4,6.7,121.0,7,3,12,3,4,1,1,1,0,Never,Moderate,High,Home,0,Medicare,Emergency,1
FB000285,53,Male,,119,65,69,166.05,7.1,244.0,2,3,12,3,2,1,0,1,0,Former,Moderate,Moderate,Skilled Nursing Facility,1,Medicare,Emergency,0
FB000286,83,Female,22.5,141,75,83,137.70000000000002,7.0,156.0,5,3,6,2,1,0,0,0,0,Never,None,Moderate,Skilled Nursing Facility,0,Medicaid,Emergency,0
FB000287,90,Male,29.2,183,85,73,243.00000000000003,8.8,248.0,11,1,6,3,5,1,1,1,1,Never,Moderate,Moderate,Other,0,Medicare,Urgent,0
FB000288,84,Male,22.9,147,88,59,141.75,6.5,188.0,4,2,6,4,3,0,1,0,0,Never,,Low,Home,0,Medicare,Emergency,1
FB000289,96,Male,33.9,150,88,78,117.45,7.2,207.0,4,2,8,2,3,0,1,0,0,Never,Moderate,Moderate,Skilled Nursing Facility,0,Private,Emergency,1
FB000290,92,Male,26.2,148,81,93,205.2,7.2,195.0,2,3,6,2,3,1,1,1,0,Never,Low,Moderate,Skilled Nursing Facility,0,Medicare,Emergency,0
FB000291,74,Male,28.9,151,78,76,170.10000000000002,7.9,115.0,3,3,9,2,2,0,0,0,0,Current,None,Moderate,Other,0,Private,Emergency,1
FB000292,67,Male,28.7,137,93,61,143.10000000000002,7.8,224.0,5,1,5,3,4,1,1,0,1,Former,Moderate,High,Home,0,Medicare,Emergency,0
FB000293,99,Male,27.2,148,66,95,118.8,7.1,209.0,8,4,8,5,3,0,1,0,1,Former,None,Moderate,Home,0,Medicare,Emergency,1
FB000294,91,Male,31.6,184,100,95,126.9,6.6,201.0,1,5,10,4,4,0,1,1,0,Never,Low,Moderate,Skilled Nursing Facility,0,Private,Emergency,0
FB000295,87,Male,18.6,162,84,94,211.95,9.2,191.0,3,4,8,3,3,1,0,0,1,Former,Low,Low,Skilled Nursing Facility,0,Medicaid,Emergency,1
FB000296,71,Male,32.6,150,73,90,129.60000000000002,6.7,174.0,8,3,8,2,3,0,0,0,0,Never,Low,Low,Skilled Nursing Facility,0,Medicare,Emergency,0
FB000297,72,Male,29.1,125,74,68,108.0,7.4,183.0,1,3,5,3,1,0,0,0,0,Current,Low,High,Home Health Care,0,Medicaid,Emergency,0
FB000298,68,Female,25.0,151,83,66,143.10000000000002,7.6,194.0,5,3,9,3,4,1,0,1,1,Never,None,High,Skilled Nursing Facility,0,Medicare,Emergency,0
FB000299,110,Male,25.3,173,85,87,259.20000000000005,9.8,140.0,2,2,8,2,5,1,1,0,0,Never,Moderate,Moderate,Skilled Nursing Facility,0,Medicare,Emergency,1
FB000300,79,Female,28.9,192,92,90,117.45,6.8,296.0,6,6,9,4,6,0,1,1,0,Current,,Moderate,Home,0,Private,Emergency,1
FB000301,78,Female,29.8,130,72,68,284.85,9.4,234.0,4,3,8,3,2,1,0,0,0,Former,Moderate,High,Home,0,Medicaid,Emergency,1
FB000302,92,Female,32.1,146,86,82,217.35,9.5,219.0,6,5,7,4,4,1,1,0,0,Former,Moderate,Low,Skilled Nursing Facility,0,Medicare,Emergency,1
FB000303,89,Female,35.1,180,82,80,,6.8999999999999995,170.0,3,2,11,3,3,1,1,1,0,Never,Low,Low,Skilled Nursing Facility,1,Medicare,Emergency,0
FB000304,107,Male,41.4,170,75,87,245.7,9.4,238.0,5,6,7,6,5,1,1,1,0,Former,None,High,Home,0,Medicare,Emergency,1
FB000305,66,Male,37.6,122,75,85,130.95000000000002,7.1,142.0,4,2,9,3,2,1,0,0,0,Former,Low,Low,Home,1,Private,Emergency,1
FB000306,63,Female,56.4,123,76,85,105.3,6.3999999999999995,204.0,4,2,8,4,2,1,0,0,0,Former,None,High,Skilled Nursing Facility,0,Private,Emergency,1
FB000307,89,Female,35.5,151,73,80,263.25,9.5,124.0,7,2,12,4,5,1,1,1,0,Former,Moderate,Moderate,Rehabilitation,0,Medicare,Emergency,0
FB000308,62,Female,28.8,130,68,98,149.85000000000002,7.6,,4,2,7,1,2,0,0,0,0,Never,Low,High,Home,0,Medicare,Emergency,0
FB000309,87,Male,27.5,154,80,65,162.0,6.6,201.0,4,2,8,2,2,1,1,0,0,Current,Low,Moderate,Home,0,Medicare,Emergency,0
FB000310,95,Female,29.3,148,77,77,139.05,7.1,113.0,3,1,14,4,4,1,1,1,0,Former,Low,Moderate,Skilled Nursing Facility,1,Medicare,Emergency,0
FB000311,88,Female,22.3,149,78,92,136.35000000000002,6.7,191.0,3,2,8,1,2,1,0,0,0,Former,Moderate,Moderate,Home,0,Medicare,Emergency,0
FB000312,68,Male,30.3,104,58,86,160.65,9.0,192.0,2,5,7,3,3,1,0,0,0,Never,None,Moderate,Skilled Nursing Facility,1,Medicare,Emergency,1
FB000313,100,Male,25.6,154,81,77,271.35,9.8,185.0,2,1,9,3,3,1,0,1,0,Never,Low,Low,Skilled Nursing Facility,0,Medicare,Elective,1
FB000314,95,Female,66.9,166,96,58,170.10000000000002,7.0,220.0,0,4,11,1,2,1,1,0,0,Never,None,Low,Skilled Nursing Facility,0,Medicare,Emergency,1
FB000315,62,Female,26.0,133,60,55,110.7,6.8,160.0,4,2,10,3,3,1,0,0,0,Current,None,Low,Skilled Nursing Facility,0,Medicaid,Emergency,0
FB000316,73,Male,20.2,152,95,91,175.5,7.6,131.0,1,3,6,5,2,0,0,0,0,Never,None,Low,Skilled Nursing Facility,0,Private,Urgent,0
FB000317,75,Female,26.9,132,82,89,153.9,7.7,173.0,5,4,6,2,3,1,1,0,0,Former,None,High,Skilled Nursing Facility,0,Private,Urgent,0
FB000318,72,Female,37.2,139,98,75,141.75,7.3,244.0,5,6,7,4,4,0,0,0,0,Former,High,Low,Home,0,Medicare,Emergency,1
FB000319,70,Male,23.5,127,71,70,90.45,6.5,187.0,1,4,6,2,1,0,0,0,0,Never,Low,Low,Home,0,Medicare,Emergency,0
FB000320,83,Male,37.6,178,94,78,199.8,7.1,212.0,2,3,4,3,1,0,0,0,0,Former,None,Moderate,Home,1,Medicare,Emergency,0
FB000321,102,Male,38.2,150,87,82,152.55,6.8,184.0,4,2,9,1,3,1,1,1,0,Former,High,Low,Skilled Nursing Facility,0,Medicare,Emergency,0
FB000322,85,Female,18.2,130,69,77,122.85,7.5,278.0,2,1,5,3,1,0,0,0,0,Never,Low,Low,Skilled Nursing Facility,0,Medicare,Emergency,0
FB000323,49,Male,,124,71,80,,,181.0,6,3,9,2,4,1,1,0,0,Former,Moderate,Low,Home,0,Uninsured,Emergency,0
FB000324,86,Male,30.5,147,81,63,128.25,6.6,,3,3,6,2,2,0,0,0,0,Never,Low,High,Skilled Nursing Facility,1,Uninsured,Emergency,1
FB000325,91,Female,26.9,139,70,74,129.60000000000002,6.2,189.0,2,4,5,3,2,0,0,1,0,Never,Low,Moderate,Skilled Nursing Facility,0,Medicare,Elective,0
FB000326,84,Female,29.8,133,66,92,110.7,8.0,201.0,4,2,14,3,3,0,0,0,0,Former,None,Low,Other,1,Medicare,Emergency,0
FB000327,104,Female,42.9,164,85,75,233.55,9.6,184.0,3,2,4,3,4,1,1,1,0,Never,Low,High,Skilled Nursing Facility,0,Private,Emergency,1
FB000328,87,Male,23.9,141,83,78,234.9,7.6,174.0,4,3,6,4,2,1,1,0,0,Former,Low,Moderate,Skilled Nursing Facility,0,Medicare,Emergency,0
FB000329,104,Male,36.7,141,71,83,207.9,9.4,298.0,10,2,9,5,6,1,1,1,1,Never,None,Moderate,Skilled Nursing Facility,0,Medicare,Elective,1
FB000330,46,Female,22.5,116,81,86,106.65,6.5,226.0,2,2,8,2,2,0,0,0,0,,Moderate,High,Home Health Care,0,Medicare,Emergency,0
FB000331,77,Male,32.5,119,59,104,256.5,8.9,209.0,3,2,9,1,2,1,0,0,0,Never,Low,Low,Home,1,Medicare,Emergency,0
FB000332,72,Female,36.9,145,75,84,144.45000000000002,6.6,179.0,5,2,5,2,2,0,1,0,0,Former,None,Moderate,Skilled Nursing Facility,0,Private,Emergency,0
FB000333,87,Female,30.4,117,61,88,125.55,7.4,177.0,1,1,4,2,1,0,0,0,0,Former,Moderate,High,Home,0,Medicare,Emergency,0
FB000334,39,Female,24.7,107,77,72,159.3,6.6,205.0,2,4,7,5,3,0,0,0,0,Current,Moderate,Low,Skilled Nursing Facility,1,Medicare,Emergency,0
FB000335,71,Male,38.6,145,84,83,129.60000000000002,8.1,162.0,4,2,8,4,2,0,0,0,0,Former,None,Low,Skilled Nursing Facility,1,Medicare,Emergency,1
FB000336,100,Female,30.7,136,79,91,153.9,6.8,,9,5,13,7,6,0,1,1,0,Current,,Low,Home,1,Medicare,Emergency,1
FB000337,70,Female,31.5,171,87,88,130.95000000000002,6.6,171.0,0,4,49,4,2,0,1,0,0,Former,,Moderate,Home,0,Medicare,Emergency,0
FB000338,95,Female,24.8,173,97,72,171.45000000000002,7.5,271.0,3,4,10,3,3,1,1,1,0,Former,High,Moderate,Skilled Nursing Facility,0,Medicare,Emergency,1
FB000339,94,Female,35.7,178,100,84,218.7,9.0,242.0,7,1,11,2,4,1,1,0,1,Never,None,Low,Other,1,Private,Emergency,0
FB000340,77,Male,32.6,142,89,76,201.15,9.4,221.0,5,4,5,4,3,1,1,0,0,Never,,Low,Skilled Nursing Facility,0,Medicaid,Emergency,1
FB000341,82,Female,19.7,147,80,67,136.35000000000002,6.3,214.0,3,2,11,2,2,0,0,0,0,Former,Low,High,Skilled Nursing Facility,0,Medicare,Emergency,0
FB000342,75,Male,19.2,136,72,63,238.95,8.9,211.0,7,3,9,3,4,1,0,0,0,Never,Low,High,Skilled Nursing Facility,0,Private,Emergency,0
FB000343,94,Male,28.7,179,94,92,218.7,,170.0,5,6,8,7,4,1,1,1,0,Former,Low,Moderate,Home,0,Medicare,Emergency,0
FB000344,56,Female,34.1,135,79,95,270.0,9.3,217.0,4,3,7,3,3,1,0,1,0,Former,None,Moderate,Skilled Nursing Facility,0,Private,Emergency,0
FB000345,87,Female,30.7,136,80,95,152.55,6.6,185.0,1,3,6,1,2,1,0,1,0,Former,None,Moderate,Home,1,Medicare,Emergency,0
FB000346,87,Female,27.2,136,67,69,,6.6,271.0,3,5,8,3,2,0,0,1,0,Current,Low,High,Skilled Nursing Facility,0,Medicaid,Elective,0
FB000347,83,Male,25.8,149,84,86,232.2,9.1,213.0,8,5,9,1,6,1,0,0,0,Never,Moderate,Moderate,Home,0,Medicare,Emergency,0
FB000348,91,Male,31.3,133,69,70,243.00000000000003,,120.0,11,5,5,4,6,1,0,0,0,Never,Low,Moderate,Home,0,Private,Emergency,0
FB000349,85,Male,19.3,132,69,77,,,251.0,1,1,7,5,2,1,0,0,0,Current,Low,Moderate,Skilled Nursing Facility,0,Medicare,Emergency,1
FB000350,79,Female,27.3,135,83,64,125.55,7.0,197.0,3,2,8,3,2,1,0,0,0,Current,Moderate,High,Skilled Nursing Facility,0,Private,Emergency,0
FB000351,98,Female,33.9,152,90,87,226.8,9.3,162.0,7,4,10,3,4,1,1,0,0,,Moderate,Moderate,Skilled Nursing Facility,1,Medicare,Emergency,0
FB000352,69,Male,24.3,128,68,79,81.0,6.8,247.0,1,1,13,3,1,0,0,0,0,Never,,Moderate,Home,0,Medicaid,Emergency,0
FB000353,69,Female,33.8,151,81,80,147.15,6.7,133.0,6,4,5,3,2,0,1,0,0,Former,Low,High,Skilled Nursing Facility,0,Medicaid,Elective,0
FB000354,67,Male,31.6,129,73,69,241.65,8.9,212.0,6,3,12,6,6,1,1,0,0,Never,,Low,Skilled Nursing Facility,0,Private,Elective,1
FB000355,83,Male,,145,86,71,176.85000000000002,6.3,177.0,3,3,7,2,1,0,0,0,0,Never,,Moderate,Home,0,Uninsured,Emergency,0
FB000356,69,Male,22.7,137,69,76,81.0,6.8999999999999995,110.0,7,4,8,4,3,0,0,0,1,Former,None,Moderate,Home,0,Private,Emergency,1
FB000357,68,Male,34.9,177,92,89,234.9,9.1,156.0,8,2,16,3,6,1,1,0,0,Former,Moderate,Moderate,Rehabilitation,0,Medicare,Emergency,0
FB000358,82,Female,30.7,119,79,74,95.85,6.2,253.0,2,3,9,3,3,0,0,1,1,Never,Low,Moderate,Home,0,Medicare,Elective,0
FB000359,72,Male,24.1,139,80,66,198.45,7.6,169.0,1,2,5,3,2,0,1,0,0,Never,Low,Moderate,Other,0,Medicare,Emergency,0
FB000360,71,Female,17.2,130,70,93,144.45000000000002,7.6,211.0,6,5,11,3,3,0,0,0,0,Current,None,Moderate,Skilled Nursing Facility,0,Medicare,Emergency,1
FB000361,97,Female,27.6,161,81,54,162.0,6.5,225.0,3,6,19,8,4,0,1,1,1,Never,None,Low,Rehabilitation,0,Medicare,Emergency,1
FB000362,109,Male,24.0,175,108,86,159.3,7.1,174.0,5,6,10,4,2,0,1,0,0,Never,Moderate,Low,Skilled Nursing Facility,0,Uninsured,Emergency,1
FB000363,92,Female,30.5,163,81,71,213.3,9.3,219.0,4,2,6,1,3,1,1,0,0,Never,None,Moderate,Home,0,Private,Emergency,1
FB000364,101,Male,28.2,165,82,78,126.9,7.5,167.0,5,4,12,3,4,1,1,1,1,Former,None,Moderate,Skilled Nursing Facility,0,Medicare,Emergency,0
FB000365,50,Male,23.5,123,75,75,184.95,7.1,,3,1,11,3,3,0,0,0,0,Never,None,Low,Home,0,Private,Emergency,0
FB000366,79,Female,27.0,150,77,91,156.60000000000002,7.1,193.0,1,3,7,3,2,1,0,0,0,Former,Low,Low,Home,0,Medicare,Emergency,0
FB000367,87,Male,23.5,160,99,75,268.65000000000003,9.4,178.0,1,2,6,3,2,1,0,0,0,Former,Low,Low,Skilled Nursing Facility,0,Medicare,Elective,0
FB000368,92,Female,24.7,148,76,82,160.65,6.8999999999999995,230.0,5,2,7,3,2,0,1,0,0,Former,Low,Low,Home,0,Medicare,Elective,1
FB000369,71,Female,27.4,132,79,73,,9.1,157.0,4,1,7,4,2,1,0,0,0,Former,Low,Moderate,Skilled Nursing Facility,0,Private,Emergency,0
FB000370,70,Male,26.4,156,70,113,322.65000000000003,10.5,208.0,5,4,9,4,4,1,1,0,0,Former,None,Low,Rehabilitation,0,Private,Emergency,0
FB000371,91,Female,23.2,139,60,81,198.45,7.1,221.0,6,3,6,2,2,0,0,1,0,Former,High,Moderate,Home,0,Medicare,Emergency,0
FB000372,100,Female,37.0,149,80,86,240.3,9.2,183.0,7,3,8,1,4,1,1,0,0,Former,Low,Moderate,Skilled Nursing Facility,1,Medicare,Emergency,1
FB000373,92,Male,25.3,141,85,68,114.75,5.8,240.0,5,4,5,1,2,1,0,0,0,Never,Low,Moderate,Skilled Nursing Facility,0,Private,Urgent,1
FB000374,85,Male,34.2,135,81,96,234.9,9.9,219.0,7,2,8,1,4,1,0,1,0,Former,Moderate,Moderate,Skilled Nursing Facility,0,Medicare,Emergency,1
FB000375,65,Female,34.5,144,75,60,210.6,9.4,190.0,5,3,6,5,3,1,1,0,0,Never,Low,Low,Skilled Nursing Facility,1,Private,Emergency,0
FB000376,71,Female,23.2,167,81,86,95.85,6.8,140.0,2,3,9,2,2,1,1,0,0,Never,Low,Low,Skilled Nursing Facility,0,Medicaid,Emergency,0
FB000377,42,Female,27.6,144,87,94,170.10000000000002,8.4,225.0,1,3,8,2,1,1,0,0,0,Never,Low,High,Home,0,Medicare,Emergency,1
FB000378,67,Male,15.0,151,90,60,136.35000000000002,6.6,190.0,0,5,9,3,1,0,0,0,0,Current,Low,Low,Skilled Nursing Facility,1,Medicare,Emergency,0
FB000379,80,Male,28.5,150,80,69,128.25,5.8,,2,2,7,3,3,0,1,1,0,Former,Moderate,Low,Skilled Nursing Facility,0,Medicare,Emergency,1
FB000380,98,Female,30.6,184,105,91,129.60000000000002,6.3999999999999995,168.0,7,1,15,3,5,1,1,1,0,Never,Moderate,Low,Home,0,Medicare,Emergency,0
FB000381,77,Female,27.8,133,70,66,108.0,6.8999999999999995,267.0,0,1,4,1,2,1,0,0,0,Current,None,Moderate,Home,0,Private,Emergency,0
FB000382,80,Male,26.5,124,70,80,132.3,7.1,192.0,1,3,10,4,1,1,0,0,0,Former,None,Moderate,Skilled Nursing Facility,0,Medicare,Emergency,0
FB000383,76,Female,29.3,164,81,90,87.75,6.8999999999999995,110.0,2,5,8,5,4,0,1,0,1,Never,Low,High,Skilled Nursing Facility,0,Medicare,Emergency,1
FB000384,95,Male,24.9,154,75,82,140.4,,215.0,2,2,7,2,2,1,0,0,0,Never,High,Low,Skilled Nursing Facility,1,Medicare,Emergency,0
FB000385,106,Female,23.3,183,100,72,155.25,7.0,199.0,4,3,15,3,3,0,0,0,1,Current,Moderate,Low,Skilled Nursing Facility,0,Medicare,Emergency,1
FB000386,62,Male,21.2,139,89,76,114.75,7.4,277.0,2,2,10,4,4,1,0,0,0,Former,None,High,Rehabilitation,0,Medicare,Emergency,1
FB000387,77,Male,40.8,152,70,58,143.10000000000002,6.8999999999999995,284.0,3,2,12,2,3,1,1,0,0,Never,Low,Moderate,Home Health Care,0,Medicare,Emergency,1
FB000388,46,Female,27.2,129,73,82,114.75,7.3,281.0,3,6,5,1,1,0,0,0,0,,Low,Moderate,Skilled Nursing Facility,0,Medicare,Emergency,0
FB000389,76,Female,30.2,125,88,79,149.85000000000002,7.5,188.0,3,3,8,1,1,1,0,0,0,Current,None,Moderate,Home,1,Private,Emergency,0
FB000390,73,Female,25.0,144,77,65,155.25,7.0,178.0,5,4,8,2,3,1,0,0,0,Never,None,High,Skilled Nursing Facility,0,Medicare,Emergency,1
FB000391,73,Female,34.0,132,70,83,159.3,8.1,206.0,1,3,10,1,2,1,1,0,0,Current,Moderate,Moderate,Home,0,Medicare,Emergency,1
FB000392,84,Female,28.5,170,74,74,211.95,9.4,228.0,6,2,8,4,4,1,1,0,1,Never,None,Low,Home Health Care,1,Medicaid,Urgent,0
FB000393,70,Female,20.6,129,65,100,,7.1,170.0,2,3,11,3,5,0,0,1,0,Former,Moderate,Low,Skilled Nursing Facility,0,Uninsured,Emergency,1
FB000394,67,Male,31.0,149,90,89,141.75,6.5,211.0,9,3,7,5,5,0,1,1,0,Current,Low,Moderate,Skilled Nursing Facility,0,Medicare,Emergency,0
FB000395,60,Female,22.7,142,80,82,141.75,7.1,161.0,5,3,10,4,3,0,0,0,0,Former,Low,Low,Home,1,Medicare,Urgent,1
FB000396,110,Male,31.4,155,101,91,203.85,9.1,209.0,5,4,13,4,6,1,1,1,1,Never,None,Moderate,Home,0,Medicare,Elective,0
FB000397,58,Female,21.6,133,72,83,600.0,6.7,186.0,1,2,6,2,1,0,0,0,0,Never,Low,Moderate,Skilled Nursing Facility,0,Medicare,Emergency,0
FB000398,66,Male,24.0,134,77,89,109.35,7.5,209.0,1,1,6,1,1,1,0,0,0,Never,Moderate,Moderate,Skilled Nursing Facility,0,Medicare,Emergency,0
FB000399,100,Female,22.9,156,90,75,122.85,7.6,202.0,5,2,11,1,4,0,1,0,0,Never,Low,Low,Skilled Nursing Facility,0,Medicare,Emergency,1
FB000400,52,Male,34.3,141,80,85,81.0,7.9,178.0,1,2,8,2,1,0,0,0,0,Never,None,Low,Home Health Care,0,Medicare,Emergency,1
FB000401,93,Male,31.2,151,83,59,225.45,8.5,146.0,6,5,8,2,3,1,1,1,0,Never,Low,High,Skilled Nursing Facility,0,Medicare,Emergency,1
FB000402,88,Female,31.5,140,79,89,124.2,6.7,208.0,1,3,6,2,2,0,0,0,0,Never,High,Moderate,Rehabilitation,0,Medicare,Emergency,0
FB000403,50,Male,26.8,147,76,68,,6.6,179.0,3,5,9,3,3,1,0,0,0,Never,Low,Moderate,Home,1,Private,Emergency,0
FB000404,85,Male,26.0,136,80,93,314.55,,158.0,3,4,12,4,5,1,1,0,0,Never,None,Moderate,Home,0,Medicare,Emergency,0
FB000405,82,Female,24.6,156,68,95,157.95000000000002,6.8999999999999995,244.0,1,2,8,2,2,1,0,0,1,Former,Moderate,High,Home,0,Medicare,Emergency,0
FB000406,91,Female,16.8,153,86,67,94.5,5.8,295.0,5,2,11,4,4,0,1,1,0,Former,Low,Low,Skilled Nursing Facility,0,Medicare,Emergency,1
FB000407,101,Female,35.2,167,69,73,240.3,9.2,202.0,10,2,6,2,5,1,1,1,1,Never,None,Moderate,Home,1,Medicare,Emergency,0
FB000408,100,Male,15.0,148,77,55,110.7,7.8,206.0,1,1,7,3,2,1,1,0,0,Never,Low,Low,Skilled Nursing Facility,0,Medicare,Emergency,1
FB000409,78,Female,21.6,157,79,70,226.8,10.0,234.0,0,3,7,3,4,1,1,0,0,Never,Low,High,Skilled Nursing Facility,0,Private,Emergency,0
FB000410,47,Female,17.8,121,51,83,135.0,6.5,192.0,2,1,9,1,1,0,0,0,0,Former,High,Low,Home,0,Private,Emergency,0
FB000411,82,Male,35.9,157,76,68,114.75,7.7,204.0,1,3,8,4,3,0,1,0,0,Former,Low,High,Home,0,Medicare,Emergency,0
FB000412,96,Male,38.0,134,68,72,126.9,7.1,135.0,2,1,12,2,4,1,1,1,0,Never,None,High,Home,1,Medicare,Emergency,0
FB000413,108,Female,29.8,162,94,86,81.0,6.5,224.0,7,3,14,6,4,0,1,1,1,Never,Low,Moderate,Skilled Nursing Facility,0,Medicare,Emergency,0
FB000414,44,Female,33.4,113,70,84,166.05,,217.0,3,4,4,5,3,0,0,1,0,Former,Moderate,Low,Home,1,Medicaid,Urgent,0
FB000415,79,Male,19.6,143,78,82,125.55,7.5,165.0,2,1,10,2,2,0,0,0,0,Never,Low,Moderate,Home,0,Medicare,Elective,0
FB000416,78,Male,34.5,135,73,62,105.3,6.8999999999999995,251.0,1,3,10,2,1,1,0,0,0,Never,Low,Moderate,Skilled Nursing Facility,1,Medicare,Emergency,0
FB000417,73,Male,25.3,156,79,48,168.75,7.5,195.0,4,3,8,3,3,1,1,0,0,Never,Low,Low,Skilled Nursing Facility,0,Private,Emergency,1
FB000418,84,Male,31.5,119,73,110,275.40000000000003,9.8,203.0,4,2,6,3,3,1,0,0,0,Never,Moderate,Low,Home,0,Medicare,Emergency,0
FB000419,84,Male,35.1,165,88,85,,9.5,212.0,8,2,11,3,6,1,1,1,1,Never,Moderate,High,Skilled Nursing Facility,1,Medicare,Emergency,1
FB000420,85,Female,36.4,154,82,79,149.85000000000002,7.5,,8,2,6,3,5,0,1,1,1,Former,High,Moderate,Home,0,Medicare,Emergency,0
FB000421,53,Male,31.7,130,85,68,128.25,7.5,113.0,2,3,10,4,2,0,0,0,0,Never,None,Low,Skilled Nursing Facility,0,Medicare,Emergency,0
FB000422,87,Female,29.5,113,81,90,243.00000000000003,10.3,152.0,8,5,12,5,5,1,0,0,0,Current,Low,Low,Skilled Nursing Facility,0,Medicare,Emergency,0
FB000423,61,Female,59.2,126,68,69,,7.8,227.0,4,3,6,3,2,1,0,0,0,Former,High,High,Home,0,Medicare,Emergency,0
FB000424,74,Male,25.5,124,60,68,137.70000000000002,6.3999999999999995,155.0,4,2,10,3,2,0,0,0,0,Never,,Moderate,Skilled Nursing Facility,0,Medicare,Emergency,1
FB000425,65,Female,18.5,148,81,81,109.35,6.6,183.0,1,2,7,1,1,1,0,0,0,Former,None,High,Home,0,Medicare,Emergency,1
FB000426,70,Male,28.5,143,64,87,229.50000000000003,9.9,223.0,4,2,11,4,4,1,1,0,0,Former,None,Moderate,Home Health Care,0,Medicare,Emergency,0
FB000427,88,Male,30.2,137,86,81,,7.8,241.0,3,4,9,2,3,0,1,0,0,Never,Moderate,Low,Skilled Nursing Facility,0,Medicare,Emergency,0
FB000428,92,Male,35.4,189,101,86,109.35,6.1,181.0,5,3,9,1,4,0,1,1,0,Never,Moderate,High,Skilled Nursing Facility,0,Medicare,Urgent,0
FB000429,78,Male,,157,76,93,110.7,7.1,174.0,3,1,8,2,2,1,1,0,0,Never,None,Moderate,Home,1,Medicare,Emergency,1
FB000430,95,Other,33.7,147,76,73,116.1,7.2,177.0,5,8,8,5,3,0,1,1,0,Never,None,Moderate,Skilled Nursing Facility,0,Medicare,Emergency,1
FB000431,64,Male,29.0,157,70,70,139.05,6.8,146.0,2,1,8,2,2,0,1,0,0,Never,Moderate,Low,Home,1,Medicaid,Emergency,0
FB000432,63,Female,22.2,161,87,96,117.45,7.0,182.0,4,5,9,4,3,1,0,1,0,Never,None,Moderate,Home,0,Private,Emergency,1
FB000433,59,Female,34.0,148,76,80,211.95,9.1,228.0,5,5,9,2,4,1,1,0,1,Never,None,Moderate,Home,0,Private,Emergency,1
FB000434,85,Male,29.1,155,84,77,199.8,7.2,228.0,8,3,8,3,4,0,1,1,0,Never,Moderate,Low,Skilled Nursing Facility,0,Medicare,Elective,0
FB000435,57,Female,31.3,133,91,98,,6.8999999999999995,222.0,3,4,11,4,2,0,0,0,0,Former,None,Moderate,Home Health Care,0,Uninsured,Urgent,0
FB000436,77,Male,28.6,157,77,102,270.0,9.1,177.0,3,1,7,5,4,1,1,0,0,,Low,Moderate,Other,0,Medicare,Emergency,1
FB000437,58,Female,34.9,150,77,77,244.35,7.8,203.0,4,4,10,2,3,1,1,0,0,Current,None,Moderate,Home,0,Medicare,Emergency,1
FB000438,90,Male,,179,83,100,124.2,6.7,227.0,1,5,10,2,4,1,1,1,0,,None,Moderate,Home,0,Medicare,Emergency,0
FB000439,74,Other,35.4,117,86,78,116.1,7.1,211.0,3,1,4,3,2,1,0,0,1,Current,,Moderate,Home,0,Medicare,Elective,0
FB000440,69,Male,18.2,118,66,97,128.25,6.8,177.0,0,5,8,4,1,1,0,0,0,Former,Moderate,Moderate,Home,0,Medicare,Emergency,1
FB000441,66,Female,27.0,140,77,90,99.9,7.1,191.0,0,3,7,4,1,0,0,0,0,Never,None,Low,Home,0,Medicare,Emergency,1
FB000442,73,Male,31.1,112,54,76,160.65,7.2,203.0,3,7,9,4,4,1,1,0,0,Never,None,Low,Skilled Nursing Facility,0,Medicare,Urgent,1
FB000443,69,Male,26.6,124,63,87,126.9,7.2,212.0,2,1,4,4,1,0,0,0,0,Former,,Low,Skilled Nursing Facility,0,Medicare,Emergency,1
FB000444,61,Female,25.6,144,82,55,85.05000000000001,6.1,182.0,6,3,9,2,4,1,0,0,0,Current,Low,Low,Other,0,Medicare,Emergency,0
FB000445,110,Female,38.5,169,80,85,201.15,9.3,298.0,5,5,10,4,6,1,1,1,1,Current,None,Low,Other,0,Medicare,Emergency,1
FB000446,70,Female,26.8,142,73,86,248.4,8.8,239.0,7,4,9,2,6,1,1,0,1,Never,None,Low,Home,0,Uninsured,Emergency,1
FB000447,98,Other,24.9,151,83,76,132.3,7.7,183.0,2,1,8,4,2,1,0,0,0,Never,None,Moderate,Skilled Nursing Facility,0,Medicare,Emergency,1
FB000448,68,Male,29.6,123,61,94,135.0,7.7,169.0,1,3,8,1,1,0,0,0,0,Former,None,Moderate,Home,0,Private,Elective,1
FB000449,67,Female,28.6,134,74,86,90.45,7.6,,3,2,7,4,2,0,1,0,0,Former,Low,Moderate,Other,0,Medicare,Elective,0
FB000450,63,Female,30.4,153,81,66,234.9,8.8,156.0,3,2,6,1,2,1,0,0,0,Never,Low,High,Home Health Care,0,Private,Emergency,1
FB000451,110,Male,28.6,171,77,66,179.55,7.9,110.0,6,4,6,1,3,1,1,1,0,Current,None,Moderate,Skilled Nursing Facility,0,Medicare,Emergency,0
FB000452,94,Male,26.8,146,82,84,210.6,8.3,199.0,1,3,6,1,1,0,0,0,0,Former,None,Low,Skilled Nursing Facility,0,Medicare,Emergency,0
FB000453,71,Female,35.1,141,77,86,141.75,6.2,148.0,0,3,8,6,2,1,1,0,0,Former,Moderate,Moderate,Home,1,Private,Emergency,0
FB000454,101,Female,22.2,156,86,84,171.45000000000002,8.4,172.0,6,1,7,2,3,0,1,1,0,Former,Low,High,Home,1,Medicaid,Emergency,0
FB000455,107,Female,29.7,154,83,73,271.35,9.1,225.0,4,3,14,3,4,1,1,0,0,Never,None,Moderate,Skilled Nursing Facility,0,Medicare,Emergency,1
FB000456,81,Other,15.0,129,67,78,133.65,7.4,176.0,2,2,8,2,1,1,0,0,0,Former,Moderate,Moderate,Home,0,Medicare,Urgent,0
FB000457,91,Female,17.7,155,86,101,199.8,6.6,258.0,2,3,6,4,2,1,0,1,0,Former,Low,Moderate,Skilled Nursing Facility,0,Medicare,Urgent,1
FB000458,91,Female,31.1,141,79,63,268.65000000000003,8.4,195.0,3,6,8,9,5,1,1,0,1,Never,None,Moderate,Skilled Nursing Facility,0,Medicare,Emergency,1
FB000459,110,Male,20.1,188,87,77,189.0,7.5,188.0,2,5,8,5,3,1,1,0,1,Never,None,Low,Skilled Nursing Facility,0,Medicare,Emergency,1
FB000460,87,Female,32.6,167,101,75,220.05,9.8,227.0,6,3,9,3,4,1,1,0,0,Current,Moderate,Moderate,Home,0,Private,Emergency,0
FB000461,88,Male,18.8,176,89,70,114.75,7.7,181.0,6,3,10,2,3,0,1,0,0,Former,Moderate,High,Home,1,Medicare,Emergency,0
FB000462,102,Female,35.4,171,85,93,94.5,7.3,168.0,4,2,5,5,2,0,1,0,0,Former,Low,High,Home Health Care,0,Medicare,Emergency,1
FB000463,37,Male,25.2,112,74,87,,10.0,205.0,2,3,5,3,2,1,0,0,0,Current,None,Moderate,Skilled Nursing Facility,0,Private,Emergency,0
FB000464,78,Female,38.7,165,80,70,251.1,9.1,137.0,1,2,9,1,3,1,0,1,0,Former,None,Moderate,Home,0,Medicare,Emergency,1
FB000465,75,Male,30.8,144,75,77,210.6,9.4,205.0,8,4,6,3,4,1,0,0,1,Never,Moderate,High,Skilled Nursing Facility,0,Private,Urgent,0
FB000466,57,Male,34.5,120,63,59,229.50000000000003,9.8,206.0,2,4,8,3,2,1,0,0,0,Former,Low,Low,Home,0,Medicare,Emergency,1
FB000467,87,Male,26.9,165,89,74,137.70000000000002,7.3,216.0,4,2,8,2,3,1,0,1,1,,None,Moderate,Home,0,Private,Emergency,0
FB000468,79,Female,34.5,139,64,105,261.90000000000003,9.6,172.0,6,5,7,5,3,1,1,0,0,Never,Moderate,High,Home,0,Private,Emergency,0
FB000469,98,Female,30.0,144,79,64,270.0,9.6,195.0,7,2,6,3,3,1,0,0,0,Former,None,Moderate,Home Health Care,0,Medicare,Emergency,0
FB000470,61,Male,27.8,133,74,83,102.6,6.3999999999999995,141.0,4,4,6,1,2,1,1,0,0,Never,Low,Moderate,Skilled Nursing Facility,0,Private,Emergency,1
FB000471,58,Female,32.8,124,80,68,152.55,7.3,145.0,1,3,8,1,1,0,0,0,0,Former,Moderate,Low,Skilled Nursing Facility,1,Medicare,Emergency,0
FB000472,92,Female,31.7,158,92,58,244.35,9.9,225.0,3,3,6,2,3,1,1,0,0,Current,Low,Low,Home,0,Medicare,Emergency,1
FB000473,105,Male,28.2,151,93,86,202.5,8.700000000000001,193.0,9,3,9,4,5,1,1,1,0,Former,Moderate,Low,Home,0,Medicare,Emergency,1
FB000474,51,Other,32.4,133,72,91,144.45000000000002,6.8999999999999995,219.0,1,3,5,2,1,0,0,0,0,Former,Low,High,Skilled Nursing Facility,0,Medicare,Elective,1
FB000475,67,Female,25.2,150,79,83,149.85000000000002,6.8,242.0,6,4,9,3,2,0,1,0,0,Former,None,Moderate,Skilled Nursing Facility,0,Medicare,Emergency,1
FB000476,61,Male,33.7,131,74,84,133.65,7.3,239.0,2,4,6,3,1,0,0,0,0,Never,High,Low,Skilled Nursing Facility,0,Medicare,Emergency,1
FB000477,108,Male,26.2,146,68,74,268.65000000000003,9.4,180.0,8,4,8,1,4,1,0,0,0,Current,None,Moderate,Skilled Nursing Facility,0,Medicare,Emergency,1
FB000478,81,Female,26.9,134,78,73,121.5,7.0,232.0,3,1,10,2,2,0,0,1,0,Former,None,Moderate,Skilled Nursing Facility,0,Medicare,Emergency,1
FB000479,92,Female,19.5,122,61,84,151.20000000000002,7.2,197.0,2,2,10,5,1,0,0,0,0,Never,Moderate,Moderate,Skilled Nursing Facility,0,Private,Emergency,0
FB000480,108,Male,30.7,165,92,79,101.25,6.7,235.0,8,3,7,4,3,0,0,1,1,Never,Moderate,Moderate,Rehabilitation,0,Medicare,Emergency,0
FB000481,88,Male,30.9,133,72,89,110.7,7.9,198.0,9,3,12,4,5,0,1,0,0,Never,None,Low,Home,0,Private,Emergency,1
FB000482,46,Female,,129,72,69,156.60000000000002,,167.0,0,4,6,4,2,1,0,0,0,Never,None,Low,Skilled Nursing Facility,0,Medicare,Elective,0
FB000483,63,Female,32.6,118,68,90,82.35000000000001,6.2,135.0,2,1,8,2,1,1,0,0,0,Former,Moderate,Moderate,Skilled Nursing Facility,0,Private,Emergency,0
FB000484,72,Male,28.4,123,61,88,102.6,6.7,257.0,7,7,9,4,4,0,0,1,0,Never,Moderate,Moderate,Skilled Nursing Facility,0,Medicare,Emergency,0
FB000485,52,Male,22.6,121,54,72,105.3,6.7,172.0,0,3,6,2,2,1,0,0,0,Former,Low,Low,Home,0,Medicaid,Emergency,0
FB000486,88,Female,29.8,154,79,65,256.5,9.8,245.0,5,3,11,2,6,1,1,1,0,Former,Low,Low,Skilled Nursing Facility,0,Medicare,Emergency,1
FB000487,94,Female,43.1,158,69,81,260.55,9.1,177.0,8,5,14,5,6,1,1,1,1,Former,None,High,Skilled Nursing Facility,1,Medicare,Emergency,0
FB000488,65,Male,35.3,140,71,100,162.0,,221.0,1,2,8,2,1,0,0,0,0,Never,Low,Low,Home,0,Uninsured,Emergency,0
FB000489,96,Male,15.7,139,83,81,153.9,6.8999999999999995,186.0,6,4,7,2,3,1,0,1,0,Former,None,Moderate,Skilled Nursing Facility,0,Medicare,Emergency,0
FB000490,92,Female,25.3,160,81,76,283.5,9.7,165.0,9,4,9,5,4,1,1,0,0,Never,Moderate,Moderate,Skilled Nursing Facility,0,Medicare,Emergency,0
FB000491,65,Female,23.7,132,76,75,,7.3,191.0,1,3,6,2,1,0,0,0,0,Never,None,Low,Home,0,Medicare,Emergency,0
FB000492,68,Male,25.1,118,51,69,83.7,,147.0,3,8,6,3,3,0,1,0,0,Current,Low,Moderate,Home,1,Uninsured,Emergency,1
FB000493,96,Female,25.8,156,87,82,238.95,9.0,157.0,6,6,6,4,5,1,1,1,1,Former,Moderate,Low,Skilled Nursing Facility,0,Medicare,Urgent,1
FB000494,88,Male,30.4,167,79,84,144.45000000000002,6.6,259.0,6,5,9,3,5,0,1,1,0,Former,Low,Moderate,Home,0,Medicare,Emergency,0
FB000495,67,Female,24.2,102,56,84,102.6,5.8,191.0,7,1,9,3,4,0,0,0,0,Former,None,Low,Home,0,Medicare,Elective,1
FB000496,96,Male,28.3,142,80,83,110.7,6.5,208.0,7,3,7,2,3,0,1,0,0,Current,None,Moderate,Home,0,Medicare,Emergency,1
FB000497,65,Female,34.6,152,73,84,141.75,6.1,110.0,6,1,6,2,1,0,0,0,0,Former,Low,Moderate,Home,1,Medicare,Emergency,1
FB000498,71,Female,33.6,169,80,88,144.45000000000002,7.0,205.0,4,2,5,2,2,1,1,0,0,Never,Moderate,Moderate,Skilled Nursing Facility,0,Medicare,Emergency,0
FB000499,62,Male,16.4,134,69,89,,7.2,213.0,3,4,9,5,2,0,0,0,0,Never,None,Low,Rehabilitation,0,Private,Emergency,0
FB000500,87,Female,26.7,145,74,89,230.85,9.5,233.0,6,6,9,5,5,1,1,0,0,Former,Low,Low,Home,0,Private,Emergency,1
